{"model":{"version":3,"nodes":[{"name":"RootNode","position":[0,0,0],"rotation":[0,0,0],"scale":[0.01,0.01,0.01],"scaleCompensation":false},{"name":"Plane","position":[0,0,0],"rotation":[-90,-0,0],"scale":[500,500,427.754],"scaleCompensation":false}],"parents":[-1,0],"skins":[],"morphs":[],"vertices":[{"position":{"type":"float32","components":3,"data":[-0.333333,-0.428571,0.01196,-0.428571,-0.333333,0.0398427,-0.428571,-0.428571,0,-0.333333,-0.333333,0.259932,-0.428571,-0.333333,0.0398427,-0.333333,-0.333333,0.259932,-0.333333,-0.238095,0.13274,-0.428571,-0.238095,0.0275928,-0.333333,-0.142857,0.128961,-0.428571,-0.142857,0.0293314,-0.428571,-0.0476191,0.000703049,-0.333333,-0.0476191,0.275221,-0.428571,-0.0476191,0.000703049,-0.333333,-0.0476191,0.275221,-0.333333,0.047619,0.105706,-0.428571,0.047619,0.0213614,-0.333333,0.142857,0.0193651,-0.428571,0.142857,0.00341468,-0.428571,0.047619,0.0213614,-0.333333,-0.333333,0.259932,-0.333333,-0.428571,0.01196,-0.238095,-0.333333,0.168961,-0.238095,-0.428571,0.0426133,-0.238095,-0.238095,0.160802,-0.333333,-0.238095,0.13274,-0.333333,-0.333333,0.259932,-0.238095,-0.333333,0.168961,-0.333333,-0.238095,0.13274,-0.238095,-0.238095,0.160802,-0.238095,-0.142857,0.374233,-0.238095,-0.0476191,0.980911,-0.238095,0.047619,0.26273,-0.238095,-0.0476191,0.980911,-0.238095,0.142857,0.0635602,-0.238095,0.238095,0.000498295,-0.333333,0.238095,0,-0.142857,-0.333333,0.112806,-0.142857,-0.428571,0.037084,-0.142857,-0.238095,0.210072,-0.238095,-0.238095,0.160802,-0.238095,-0.142857,0.374233,-0.142857,-0.238095,0.210072,-0.142857,-0.142857,0.349879,-0.238095,-0.238095,0.160802,-0.238095,-0.0476191,0.980911,-0.142857,-0.0476191,0.858666,-0.142857,0.047619,0.547887,-0.238095,-0.0476191,0.980911,-0.142857,-0.0476191,0.858666,-0.142857,0.142857,0.192858,-0.142857,0.238095,0.047425,-0.142857,0.333333,0.000560808,-0.238095,0.333333,0,-0.142857,0.238095,0.047425,-0.0476191,-0.428571,0.0465616,-0.142857,-0.52381,0,-0.0476191,-0.52381,0,-0.0476191,-0.428571,0.0465616,-0.142857,-0.333333,0.112806,-0.142857,-0.428571,0.037084,-0.0476191,-0.333333,0.242148,-0.142857,-0.238095,0.210072,-0.0476191,-0.238095,0.320365,-0.142857,-0.142857,0.349879,-0.0476191,-0.142857,0.493379,-0.142857,-0.0476191,0.858666,-0.0476191,-0.0476191,1.31574,-0.0476191,-0.0476191,1.31574,-0.0476191,0.047619,0.589925,-0.0476191,0.142857,0.202637,-0.0476191,0.238095,0.0605319,-0.0476191,0.333333,0.0199445,0.047619,-0.52381,0.0129806,-0.0476191,-0.52381,0,0.047619,-0.428571,0.182944,0.047619,-0.333333,0.386007,0.047619,-0.238095,0.289173,-0.0476191,-0.238095,0.320365,-0.0476191,-0.333333,0.242148,0.047619,-0.333333,0.386007,0.047619,-0.142857,0.346957,-0.0476191,-0.142857,0.493379,-0.0476191,-0.238095,0.320365,0.047619,-0.238095,0.289173,-0.0476191,-0.0476191,1.31574,-0.0476191,-0.142857,0.493379,0.047619,-0.0476191,1.0945,0.047619,-0.0476191,1.0945,0.047619,0.047619,0.748369,0.047619,0.142857,0.263277,0.047619,0.238095,0.0863074,0.047619,0.333333,0.000219703,0.142857,-0.428571,0.041016,0.047619,-0.428571,0.182944,0.047619,-0.52381,0.0129806,0.142857,-0.52381,0,0.142857,-0.333333,0.201326,0.047619,-0.333333,0.386007,0.047619,-0.238095,0.289173,0.047619,-0.333333,0.386007,0.142857,-0.238095,0.185454,0.142857,-0.142857,0.397666,0.142857,-0.238095,0.185454,0.142857,-0.0476191,0.774978,0.142857,0.047619,0.179859,0.047619,0.047619,0.748369,0.142857,-0.0476191,0.774978,0.047619,-0.0476191,1.0945,0.047619,0.142857,0.263277,0.142857,0.142857,0.06563,0.047619,0.238095,0.0863074,0.142857,0.238095,0.0212387,0.142857,0.333333,0.000462055,0.142857,0.238095,0.0212387,0.238095,-0.428571,0,0.142857,-0.428571,0.041016,0.142857,-0.52381,0,0.238095,-0.52381,0,0.238095,-0.428571,0,0.238095,-0.333333,0.0242905,0.238095,-0.238095,0.0877357,0.238095,-0.238095,0.0877357,0.142857,-0.142857,0.397666,0.142857,-0.238095,0.185454,0.238095,-0.142857,0.718107,0.238095,-0.0476191,0.557299,0.142857,-0.0476191,0.774978,0.238095,-0.0476191,0.557299,0.238095,0.047619,0.0428108,0.238095,0.142857,0.0319017,0.142857,0.142857,0.06563,0.142857,0.047619,0.179859,0.238095,0.047619,0.0428108,0.238095,0.238095,0.023524,0.142857,0.238095,0.0212387,0.142857,0.142857,0.06563,0.238095,0.142857,0.0319017,0.333333,-0.428571,0,0.333333,-0.52381,0,0.333333,-0.333333,0,0.238095,-0.333333,0.0242905,0.333333,-0.238095,0.0602058,0.238095,-0.238095,0.0877357,0.333333,-0.142857,0.101876,0.238095,-0.142857,0.718107,0.238095,-0.238095,0.0877357,0.333333,-0.238095,0.0602058,0.333333,-0.142857,0.101876,0.238095,-0.0476191,0.557299,0.238095,-0.142857,0.718107,0.333333,-0.0476191,0.114636,0.333333,-0.0476191,0.114636,0.333333,0.047619,0.00725155,0.333333,0.142857,0.00691633,0.238095,0.047619,0.0428108,0.333333,0.047619,0.00725155,0.333333,0.238095,0.0277165,0.428571,-0.238095,0,0.428571,-0.333333,0,0.428571,-0.142857,0,0.333333,-0.142857,0.101876,0.333333,-0.0476191,0.114636,0.428571,-0.0476191,0.00696933,0.428571,0.047619,0,0.333333,0.047619,0.00725155,0.333333,-0.0476191,0.114636,0.428571,-0.0476191,0.00696933,0.428571,0.142857,4.71115e-05,0.428571,0.047619,0]},"normal":{"type":"float32","components":3,