LevelId,MainWord,Word,SplitWords,ImageIds,LevelDifficulty,IncludedLetters,ExcludedLetters,Gameplay Letter,FB Image
1,Cupcake,Cup;Cake,,NA,0,,,8,img5e41200cf17af.jpg;img60716befc3cb0.jpg
2,Starfish,Star;Fish,,NA,0,,,10,img61af28a26f027.jpg;img5e2a9cbfef6bb.jpg
3,Earring,Ear;Ring,,NA,0,,,10,img5e1079cd7a949.jpg;img67c6a0d43e819.jpg
4,Sunflower,Sun;Flower,,NA,0,,,12,img61af00d067ab8.jpg;img5e133246228a0.jpg
5,Lipstick,Lip;Stick,,NA,1,,,12,img643409bb17246.jpg;img67c6a1c85a5ff.jpg
6,Doorbell,Door;Bell,,NA,0,,,12,img61af099b3c684.jpg;img5e2183f379ec0.jpg
7,Haircut,Hair;Cut,,NA,0,,,10,img5e12dddf493c7.jpg;img607170bf6e0a7.jpg
8,Bulldog,Bull;Dog,,NA,0,,,12,img641d48bfef858.jpg;img67c6a2ebeaac8.jpg
9,Honeymoon,Honey;Moon,,NA,1,,,14,img5e2eaaab2b1b2.jpg;img5e2ebca38d8d8.jpg
10,Teapot,Tea;Pot,,NA,0,,,10,img5e12c85ecc99d.jpg;img643502c3aa090.jpg
11,Icebox,Ice;Box,,NA,0,,,10,img641d4a5cc8700.jpg;img607414c147286.jpg
12,Blueprint,Blue;Print,,NA,1,,x,12,img641d4dbd75a78.jpg;img641d4c5b8bf6e.jpg
13,Rainbow,Rain;Bow,,NA,0,,,10,img641d4bd203537.jpg;img61389a305f3ae.jpg
14,Eyeglass,Eye;Glass,,NA,0,,hj,12,img61af2c28ea89a.jpg;img61af2c28ee0de.jpg
15,Football,Foot;Ball,,NA,0,,,10,img61af2fe0dedd0.jpg;img5e2aba5e35f13.jpg
16,Friday,Fry;Day,,NA,2,,,10,img5e411a0d0030c.jpg;img608fd3c24a8d7.jpg
17,Keychain,Key;Chain,,NA,0,,,10,img67c6a3a326dcd.jpg;img5e3b9ae5c2a82.jpg
18,Heartbeat,Heart;Beat,,NA,0,,,12,img61af34b6bdf34.jpg;img61af34b6b8e38.jpg
19,Horseshoe,Horse;Shoe,,NA,0,,,12,img61af37226a411.jpg;img626a9f322cfad.jpg
20,Discover,Dish;Cover,,NA,2,,,12,img642fe82b97e84.jpg;img6138a354d76b6.jpg
21,Railroad,Rail;Road,,NA,0,,,10,img60717d48a4ca8.jpg;img5e2bda2227639.jpg
22,Cargo,Car;Go,,NA,1,,,10,img5e2bd04312ad3.jpg;img61af3a1c84543.jpg
23,Buttermilk,Butter;Milk,,NA,0,,,12,img5e3012300f6f5.jpg;img626aa081ece0f.jpg
24,Jumprope,Jump;Rope,,NA,1,,,12,img5e2bdfc431e5a.jpg;img6071806e1be32.jpg
25,Strawberry,Straw;Berry,,NA,0,,,14,img641ac13318a76.jpg;img5e2be4ceea9c7.jpg
26,Ladybug,Lady;Bug,,NA,0,,,10,img61af3fdf9bc8e.jpg;img6433faec6ae47.jpg
27,Pushup,Push;Up,,NA,1,,,10,img626aa1f450e11.jpg;img5e3c03d5f1621.jpg
28,Milkshake,Milk;Shake,,NA,0,,,12,img626aa4129988f.jpg;img61af440477cca.jpg
29,Piggybank,Piggy;Bank,,NA,0,,,12,img5e2fdc4822fd4.jpg;img5e2fe14bdf9cc.jpg
30,Carpenter,Car;Painter,,NA,2,,,12,img67c6a414767dd.jpg;img5e301c3165022.jpg
31,Starlight,Star;Light,,NA,0,,,12,img642d544382c3b.jpg;img5e2ff1f35ba26.jpg
32,Ironman,Iron;Man,,NA,0,,,10,img6138a7c142fff.jpg;img61af089d9d98a.jpg
33,Pineapple,Pine;Apple,,NA,0,,,12,img61af48063435a.jpg;img67c6a64acc646.jpg
34,Doorway,Door;Way,,NA,1,,,12,img5e303de98dd8b.jpg;img5e303ff610deb.jpg
35,Butterfly,Butter;Fly,,NA,0,,,12,img626aa081ecc1f.jpg;img61af49ba5004f.jpg
36,Seashell,Sea;Shell,,NA,0,,,12,img67c6a547c5434.jpg;img615ffe4d95909.jpg
37,Bookstore,Book;Store,,NA,1,,,12,img5ecb61e9450ac.jpg;img5e316caf94e49.jpg
38,Sandstone,Sand;Stone,,NA,0,,,12,img61af4bd9abbe9.jpg;img5e2c376acd086.jpg
39,Hotdog,Hot;Dog,,NA,0,,,10,img61af4c790cb13.jpg;img5e33cb3e70529.jpg
40,Million,Mill;Lion,,NA,2,,,12,img5e2c3a377ccdc.jpg;img5e2c3b103881d.jpg
41,Backbone,Back;Bone,,NA,0,,,10,img60741801bf719.jpg;img5e2c3d43108b8.jpg
42,Waterfall,Water;Fall,,NA,0,,,14,img626aa8e2a35d6.jpg;img5e2ea0733430f.jpg
43,Popcorn,Pop;Corn,,NA,0,,,10,img626aa914bdab0.jpg;img61af56a80cf5d.jpg
44,Laptop,Lap;Top,,NA,1,,,10,img5e423e1eea038.jpg;img5e301a7b8d619.jpg
45,Tablecloth,Table;Cloth,,NA,0,,,12,img67c6a5a401bd9.jpg;img5e32e7e6722ec.jpg
46,Beanbag,Bean;Bag,,NA,0,,,10,img6203899066cb9.jpg;img61af0d2eb14e8.jpg
47,Forehead,Four;Head,,NA,1,,,12,img626aaa4eec860.jpg;img5e411f655bb83.jpg
48,Dollhouse,Doll;House,,NA,0,,,14,img5e2ec9cb4f945.jpg;img5e2ecccc52ed2.jpg
49,Mousetrap,Mouse;Trap,,NA,0,,,12,img6203931906517.jpg;img62039318f0546.jpg
50,Race,Ray;Ace,,NA,2,,,10,img60e53c640e2b5.jpg;img6138a280da70a.jpg
51,Keypad,Key;Pad,,NA,0,,,10,img61b2f22544bed.jpg;img5e317f552a1d6.jpg
52,Teaspoon,Tea;Spoon,,NA,0,,,14,img607420c702ae8.jpg;img5e2ed573a2b99.jpg
53,Windmill,Wind;Mill,,NA,1,,,12,img5e2ed6767bf7d.jpg;img5e2ed72a32b29.jpg
54,Pumpkin,Pump;Keen,,NA,1,,,10,img5e2ed86b80d24.jpg;img64789cf98db3a.jpg
55,Angrybird,Angry;Bird,,NA,0,,,12,img5e2edb98de851.jpg;img5e2edc8eddbb4.jpg
56,Feedback,Feed;Back,,NA,1,,,12,img61af5bfa2ea20.jpg;img60e53d40d8b08.jpg
57,Blueberry,Blue;Berry,,NA,1,,,12,img626f95029c5c0.jpg;img5e2be4ceeac54.jpg
58,Spacebar,Space;Bar,,NA,0,,,10,img5e2edef9787c9.jpg;img626f9620d200d.jpg
59,Lovebird,Love;Bird,,NA,0,,,14,img61b03f8236b13.jpg;img615fe3e5272a8.jpg
60,Pirate,Pie;Rate,,NA,2,xz,,10,img5e2c01df4c8fa.jpg;img626f97975c87b.jpg
61,Cocktail,Cock;Tail,,NA,0,,,12,img5e33daadc94db.jpg;img5e38fc54b6c1f.jpg
62,Keyboard,Key;Board,,NA,0,,,14,img62039954ef7b2.jpg;img626f999c8cd72.jpg
63,Airplane,Air;Plane,,NA,0,,,10,img626f9a0278bb4.jpg;img5e2194299ee14.jpg
64,Bookstore,Book;Store,,NA,1,,,12,img5ecb61e9450ac.jpg;img5e316caf94e49.jpg
65,Horseman,Horse;Man,,NA,0,,,12,img61b046792b827.jpg;img61b046792b9d2.jpg
66,Pickup,Pick;Up,,NA,0,,,8,img5e423cd77c2f3.jpg;img628608fe80e84.jpg
67,Season,Sea;Son,,NA,1,,,10,img645e4091b1d43.jpg;img5ebf8f704b35c.jpg
68,Handbag,Hand;Bag,,NA,0,,,14,img5e2fff1d8656b.jpg;img5e2c14c20ebaf.jpg
69,Boombox,Boom;Box,,NA,0,,,12,img645e41114d99f.jpg;img61b04ac97af79.jpg
70,Party,Part;Tea,,NA,2,,,8,img61b07197637f0.jpg;img645e413813765.jpg
71,Milkman,Milk;Man,,NA,0,,,10,img61b04d685fa8f.jpg;img5e300b17e7bcd.jpg
72,Bookmark,Book;Mark,,NA,0,,,12,img5e300c364c784.jpg;img5e300ee8411aa.jpg
73,Catwalk,Cat;Walk,,NA,0,,,12,img5e300fb7ae79c.jpg;img5e3012464320c.jpg
74,Kitten,Kit;Ten,,NA,1,,,10,img5e2edd497ea21.jpg;img6350f7583a4d3.jpg
75,Teardrop,Tear;Drop,,NA,0,,,10,img61b0799dd7efa.jpg;img5e3016dce39c3.jpg
76,Doghouse,Dog;House,,NA,0,,,14,img5e2c393a26aa5.jpg;img5e2ecccc530e0.jpg
77,Silkworm,Silk;Worm,,NA,1,,,12,img5e2ea71de65d1.jpg;img6138a1a337138.jpg
78,Postcard,Post;Card,,NA,0,,,10,img5e301bf7d28d6.jpg;img5e340b9bcc0ae.jpg
79,Facebook,Face;Book,,NA,1,,,14,img5e340c2dd6c8f.jpg;img6377539303a85.jpg
80,Great,Grey;Eat,,NA,2,,,10,img5e2c376acce0c.jpg;img5e450c56e9c7c.jpg
81,Honeycomb,Honey;Comb,,NA,0,,,12,img5e2eac65f0feb.jpg;img5e30253fc36bb.jpg
82,Island,Eyes;Land,,NA,1,,,10,img5e2fe41409018.jpg;img5e2fe6e285e88.jpg
83,Seaworld,Sea;World,,NA,0,,,12,img5e3026efd1125.jpg;img5e3027ccb6276.jpg
84,Jawbone,Jaw;Bone,,NA,1,,,12,img5e3029524dc1e.jpg;img5e3bdefdcbc70.jpg
85,Sandwich,Sand;Witch,,NA,0,,,12,img5e2c3647d5e78.jpg;img5e302b816d222.jpg
86,Basketball,Basket;Ball,,NA,0,,,14,img5e2c2baced128.jpg;img5e2c2ffe884e7.jpg
87,Rosebud,Rose;Bud,,NA,1,flw,,12,img5e2fdb5b59d76.jpg;img5e2fe0a3a89ea.jpg
88,Toothpaste,Tooth;Paste,,NA,0,,,14,img5e2ff046269b1.jpg;img5e2ffa3e73579.jpg
89,Goldfish,Gold;Fish,,NA,0,,,12,img5e2ffbeb785f6.jpg;img61b0637b38aa1.jpg
90,Onion,On;Neon,,NA,2,,,10,img6481c8469aea0.jpg;img63775468890fd.jpg
91,Hotspot,Hot;Spot,,NA,1,,,12,img626facde43caa.jpg;img6481c8b38fe31.jpg
92,Sunglass,Sun;Glass,,NA,0,,,14,img5e1330eea7d68.jpg;img61657a68e2c83.jpg
93,Crosswalk,Cross;Walk,,NA,0,,,12,img60e53a9a55e37.jpg;img608fd761af1a9.jpg
94,Canteen,Can;Teen,,NA,1,,,10,img61af3962c3ac4.jpg;img5e32d7188a8cc.jpg
95,Snowball,Snow;Ball,,NA,0,,,12,img5e2af3d982a67.jpg;img5e2bc8d98c804.jpg
96,Playhouse,Play;House,,NA,0,,,12,img5e3023b9aad1a.jpg;img5e3028cd03073.jpg
97,Forest,Four;Rest,,NA,2,,,10,img5e302c2c0c8e3.jpg;img5e302ded99f1a.jpg
98,Wallpaper,Wall;Paper,,NA,0,,,14,img5e30305c196ee.jpg;img615aa2b6c1ebd.jpg
99,Icecream,Ice;Cream,,NA,0,,,12,img5e3034caaf985.jpg;img5e30366f4e325.jpg
100,Chestnut,Chest;Nut,,NA,1,,,12,img61b07812e0c0e.jpg;img626faee75a1ca.jpg
101,Stopwatch,Stop;Watch,,NA,0,,,12,img5e303835ce6c1.jpg;img5e303bce6a4ae.jpg
102,Dragon,Drag;On,,NA,2,,,8,img608fd6442db44.jpg;img5e411c6aa7822.jpg
103,Pinkeye,Pink;Eye,,NA,1,,,10,img61b18ea511042.jpg;img61b18ea50cf5d.jpg
104,Cellphone,Cell;Phone,,NA,0,,,12,img61b18f80cd9fd.jpg;img5e3129bec5f7c.jpg
105,Bulletproof,Bullet;Proof,,NA,2,,,12,img637758d9b5952.jpg;img627cd01050921.jpg
106,Brainwash,Brain;Wash,,NA,0,,,12,img5e31348cac920.jpg;img61b191d064b84.jpg
107,Goodbye,Good;Bye,,NA,1,,,10,img627cd19cacdf6.jpg;img5e314a9388f38.jpg
108,Lionking,Lion;King,,NA,0,,,12,img5e31529a1d789.jpg;img5e31548aa1e12.jpg
109,Arrow,Air;Row,,NA,1,,,10,img5e31584299bed.jpg;img63775cc1321d9.jpg
110,Lemonade,Lemon;Aid,,NA,1,,,12,img5e315e7d736e1.jpg;img627cd52a50f3e.jpg
111,Taxidriver,Taxi;Driver,,NA,0,,,12,img5e312efb7ad1e.jpg;img61b197824d2d3.jpg
112,Nutty,Nut;Tee,,NA,2,,,12,img5e3136e2f19e0.jpg;img61b197f606c6b.jpg
113,Redsea,Red;Sea,,NA,0,,,8,img5e3aa61b0d1a9.jpg;img61b199ec89aae.jpg
114,Homemade,Home;Maid,,NA,2,,,12,img5e3145366c6d1.jpg;img5e3148c8080e2.jpg
115,Notebook,Note;Book,,NA,0,,,10,img5e314a84b2c28.jpg;img5e300c364c784.jpg
116,Office,Off;Ice,,NA,1,,,10,img63775dc91feef.jpg;img5e3034caafbd7.jpg
117,Whiten,White;Ten,,NA,1,,,12,img5e2bd04312ad3.jpg;img5e2eddf99ea22.jpg
118,Eardrum,Ear;Drum,,NA,0,,,10,img5e31553d444ef.jpg;img61b1a2ea0ec6b.jpg
119,Forgive,Four;Give,,NA,2,,,14,img5e302c2c0c9e0.jpg;img5e3182a5df9cf.jpg
120,Bedroom,Bed;Room,,NA,0,,,10,img5e315a3371146.jpg;img5e2edef97868c.jpg
121,Topspin,Top;Spin,,NA,0,,,10,img61b1a6a515c8f.jpg;img5e315d199cafd.jpg
122,Plumber,Plum;Bear,,NA,2,,,12,img5e2ed1976698a.jpg;img627ce6691a1d3.jpg
123,Highway,High;Weigh,,NA,0,,,8,img5e31637171d7a.jpg;img5e31643f02c1f.jpg
124,Monkey,Monk;Key,,NA,2,,,12,img5e3ab7a2642e8.jpg;img627ce7fa7d2d7.jpg
125,Cottoncandy,Cotton;Candy,,NA,0,,,14,img5e316a3be9147.jpg;img5e316b0269b22.jpg
126,Database,Data;Base,,NA,2,,,10,img5e316cb6838ea.jpg;img5e33f6eddbfdf.jpg
127,Watermark,Water;Mark,,NA,1,,,12,img5e2ac48f060da.jpg;img5e300ee840fb4.jpg
128,Raincoat,Rain;Coat,,NA,0,,,10,img5e411ad822aa0.jpg;img5e2aab6e8602e.jpg
129,Paypal,Pay;Pal,,NA,1,,,10,img63776186e2e53.jpg;img5e3171baad914.jpg
130,Hourglass,Hour;Glass,,NA,2,,,12,img5e3174f30cfd5.jpg;img5e3175d7d69d1.jpg
131,Baseball,Base;Ball,,NA,0,,,8,img5e33f69c848ba.jpg;img5e2c2ffe882ce.jpg
132,Pitbull,Pit;Bull,,NA,1,,,10,img5e3ab38a1ea1c.jpg;img5e3aab7566ccb.jpg
133,Copycat,Copy;Cat,,NA,1,,,12,img5e3ab625cebf6.jpg;img5e30225330ada.jpg
134,Softball,Soft;Ball,,NA,0,,,10,img5e3a9bc8c7706.jpg;img5e2aba5e35f13.jpg
135,Denmark,Den;Mark,,NA,2,,,12,img5e3169259968f.jpg;img5e300ee8411aa.jpg
136,Headspring,Head;Spring,,NA,1,,,12,img62039cf06b05a.jpg;img61c04b5976145.jpg
137,Sweetheart,Sweet;Heart,,NA,0,,,12,img5e316ee3214f5.jpg;img5e31700694f2d.jpg
138,Dolphin,Doll;Fin,,NA,1,,,14,img5e3171ecdbb00.jpg;img5e342c9fa626a.jpg
139,Bodyguard,Body;Guard,,NA,1,,,14,img5e3178ab255c7.jpg;img61b43ca61ec7c.jpg
140,Microwave,Micro;Wave,Micro;Wave,NA,0,,,10,img62039586e8d9f.jpg;img5e13144ba5fc6.jpg
141,Pilgrim,Pill;Grim,,NA,2,,,12,img5e3157252b233.jpg;img5e3158e08bd77.jpg
142,Babypink,Baby;Pink,,NA,0,,,12,img61b2fdf48fffd.jpg;img5e2fdc4822fd4.jpg
143,Reindeer,Rain;Deer,,NA,1,,,14,img5e318d45a6437.jpg;img5e318f1b06835.jpg
144,Spyglass,Spy;Glass,,NA,1,,,14,img5e411a6ac3b79.jpg;img5e31968879bff.jpg
145,Oatmeal,Oat;Meal,,NA,0,,,10,img5e326d39d12b3.jpg;img5e3276d9e9ca4.jpg
146,Tenant,Ten;Ant,,NA,2,,,12,img61b31760c9101.jpg;img5e327bf5b4d8b.jpg
147,Backpack,Back;Pack,,NA,0,,,12,img5e380b3244ddb.jpg;img5e32933448ff4.jpg
148,Hangover,Hang;Over,,NA,1,,,10,img5e32982b35ea3.jpg;img5e329d13b5d26.jpg
149,Haystack,Hay;Stake,,NA,2,,,10,img5e32a2948fd90.jpg;img5e32a5253bc97.jpg
150,Footprint,Foot;Print,,NA,0,,,12,img5e2ab0d2bf5cc.jpg;img5e32a7ea91af8.jpg
151,Bellow,Bee;Low,,NA,1,,,14,img5e32aaf516cc1.jpg;img5e32b05a2ace4.jpg
152,Underwater,Under;Water,,NA,1,,,16,img5e32c6ba110c1.jpg;img5e2e8f9e22be0.jpg
153,Gooseberry,Goose;Berry,,NA,0,,,14,img5e32bd9a8d941.jpg;img5e32bf785ef16.jpg
154,Fortune,Four;Tune,,NA,2,,,12,img61b344d29863d.jpg;img63776517d5f87.jpg
155,Peppermint,Paper;Mint,,NA,1,,,12,img5e32caee68945.jpg;img5e37c5a9b820b.jpg
156,Pinwheel,Pin;Wheel,,NA,0,,,10,img5e32d284c976a.jpg;img5e32d3fce69dd.jpg
157,Start,Star;Art,,NA,1,,,12,img5e2c2901e3cec.jpg;img627df0f7bde59.jpg
158,Clockwise,Clock;Wise,,NA,1,,,12,img5e32c8a163632.jpg;img63776703b3d04.jpg
159,Snowglobe,Snow;Globe,,NA,0,,,14,img5e32d16fb1e23.jpg;img5e32d3c18dea5.jpg
160,Supreme,Soup;Ream,,NA,2,,,8,img5e32d7362c356.jpg;img5e32dfce60df9.jpg
161,Pancake,Pan;Cake,,NA,0,,,12,img61b3525d3d49b.jpg;img5e32a5252c667.jpg
162,Funfair,Fun;Fair,,NA,1,,,10,img61b35680c6cc0.jpg;img5e32d06038619.jpg
163,Kidnap,Kid;Nap,,NA,2,chlr,e,14,img5e32d261d5afc.jpg;img5e32d44fac5f6.jpg
164,Snowwhite,Snow;White,,NA,0,,,10,img5e2af3d98295f.jpg;img5e2bfed4009dc.jpg
165,Pinecone,Pine;Cone,,NA,1,,,12,img61b35f8045e3c.jpg;img5e32de47dbfa5.jpg
166,Explain,X;Plane,,NA,2,,,12,img5e32e14a5c9d7.jpg;img5e32e33f57171.jpg
167,Rockstar,Rock;Star,,NA,0,,,10,img61b43eb904b3d.jpg;img5e4a2ba367544.jpg
168,Payment,Pay;Mint,,NA,2,,,14,img5e32e9cc3262d.jpg;img5e32eb3b0bcd5.jpg
169,Meatball,Meat;Ball,,NA,0,,,12,img61b444447c8a0.jpg;img5e33b81ed4536.jpg
170,Bedbug,Bed;Bug,,NA,1,lay,,12,img5e33ba5958c80.jpg;img5e33bc71898a3.jpg
171,Neon,Knee;On,,NA,0,,,8,img5e33bf8686cc6.jpg;img5e2aeb951009e.jpg
172,Seashore,Sea;Shore,,NA,0,,,10,img5e314fcaa077f.jpg;img5e33c5a4a599e.jpg
173,Public,Pub;Lick,,NA,2,,,14,img5e33c93e09435.jpg;img5e33cb3e706cf.jpg
174,Hometown,Home;Town,,NA,1,,,12,img5e33d389a4373.jpg;img5e33d523b46c2.jpg
175,Newspaper,News;Paper,,NA,0,,,12,img5e33efb070683.jpg;img5e33f312f2116.jpg
176,Firefly,Fire;Fly,,NA,1,,,14,img5e33b93f9f598.jpg;img5e33bc9eef437.jpg
177,Germany,Germ;Many,,NA,2,,,12,img637767a7a3d0c.jpg;img627e03ecc2e96.jpg
178,Sunscreen,Sun;Screen,,NA,0,,,12,img5e33c497c0eae.jpg;img5e33c740aca42.jpg
179,Bowtie,Bow;Tie,,NA,1,,,10,img61b44f033521c.jpg;img61b44f033529d.jpg
180,Cabinet,Cabin;Net,,NA,2,,,12,img61b450f16a784.jpg;img627e096e5ecd4.jpg
181,Padlock,Pad;Lock,,NA,0,,,10,img5e33e273e203d.jpg;img5e33e46acdfc9.jpg
182,Blackberry,Black;Berry,,NA,1,,,14,img5e33f1d9418f4.jpg;img61b453b3ba32a.jpg
183,Gingerbread,Ginger;Bread,,NA,1,,,16,img5e37a983d180e.jpg;img5e37ac1a700a8.jpg
184,Grapefruit,Grape;Fruit,,NA,0,,,12,img61b454eb2b565.jpg;img61b454eb2b49c.jpg
185,Subway,Sub;Way,,NA,1,,,10,img61b4553d125c0.jpg;img5e2bda22278d9.jpg
186,Weekend,Weak;End,,NA,1,,,12,img627e1b18c0b0a.jpg;img5e3d13f1ea2af.jpg
187,Carpet,Car;Pet,,NA,0,,,10,img5e37ba6cb68e3.jpg;img61b456552952e.jpg
188,Barley,Bar;Lay,,NA,2,,,12,img61b4571659a59.jpg;img5e37c3a8ee904.jpg
189,Nightdress,Night;Dress,,NA,1,,,14,img5e37c66f082dc.jpg;img5e37c97f657dd.jpg
190,Fluid,Flu;Aid,,NA,2,,,10,img5e37cbe12db86.jpg;img627e210c664de.jpg
191,Buttercup,Butter;cup,,NA,0,,,14,img5e37de9713cb6.jpg;img5e37e297e9cf6.jpg
192,Mischief,Miss;Chief,,NA,1,,,12,img61b45ee1782d5.jpg;img5e37eb0d0fb26.jpg
193,Fortnight,Fort;Night,,NA,1,,,12,img5e38faa8df73b.jpg;img5e38fe7998fc4.jpg
194,Doughnut,Dough;Nut,,NA,0,,,10,img5e3900295fa09.jpg;img5e132e684dd44.jpg
195,Purple,Purr;Pole,,NA,2,,,8,img5e39048792f3a.jpg;img5e390691a4fa6.jpg
196,Rocket,Rock;cat,,NA,1,,,12,img61b4621f163ec.jpg;img5e454fb4604ac.jpg
197,Dragonfly,Dragon;Fly,,NA,0,,,14,img5e390d8d5e466.jpg;img5e390ff4aaf41.jpg
198,Logout,Log;Out,,NA,1,,,10,img5e391503b6bab.jpg;img5e3919b1c554f.jpg
199,Wristband,Wrist;Band,,NA,1,,,14,img637784edc4ff0.jpg;img5e3929e29e5ce.jpg
200,Pantry,Pan;Tree,,NA,2,,,12,img5e392d74522f2.jpg;img63776b61f0ab3.jpg
201,Treehouse,Tree;House,,NA,0,,,14,img5e33adce1d7e6.jpg;img5e33af464deea.jpg
202,Puppet,Pop;Pet,,NA,1,,,10,img5e33b64b903f5.jpg;img5e33b8d56ea22.jpg
203,Heyday,Hay;Day,,NA,1,,,12,img5e33bb551ae2f.jpg;img62848fcdba34b.jpg
204,Candycane,Candy;Cane,,NA,0,sw,t,14,img5e33c3f8b0cb8.jpg;img61b4802bbe698.jpg
205,Wallstreet,Wall;Street,,NA,2,,,14,img62849326ce77e.jpg;img5e33d13e833aa.jpg
206,Peacock,Pea;Cock,,NA,0,,,12,img5e33d6493f546.jpg;img5e33daadc94db.jpg
207,Cardboard,Card;Board,,NA,1,,,14,img5e3171548ba58.jpg;img628495bf2a452.jpg
208,Limestone,Lime;Stone,,NA,0,,,12,img61b48813d3d78.jpg;img5e2c376acd086.jpg
209,Bargain,Bar;Gain,,NA,1,,,12,img61b48851770b6.jpg;img5e3b9b345c3e3.jpg
210,Mandate,Man;Date,,NA,1,,,14,img5e37bae55965c.jpg;img5e3a5a2bd7c41.jpg
211,Bedtime,Bed;Time,,NA,0,,,10,img5e33ba5958d8b.jpg;img5e37c07fde9b3.jpg
212,Pigment,Pig;Mint,,NA,2,,,12,img5e37c2a8c84d2.jpg;img5e37c5a9b820b.jpg
213,Aircraft,Air;Craft,,NA,0,,,10,img5e37c80bf2c15.jpg;img5e4140ae27d35.jpg
214,Carriage,Carry;Age,,NA,2,,,14,img5e37cdbe548a9.jpg;img5e37d0251411a.jpg
215,Breakfast,Break;Fast,,NA,0,,,12,img5e37dac0b3707.jpg;img5e37dc3ba61a9.jpg
216,Illegal,Ill;Eagle,,NA,1,,,12,img5e33fb06c747d.jpg;img5e3b9f3857c7c.jpg
217,Wholesale,Hole;Sale,,NA,1,,,14,img5e37e05a5681d.jpg;img5e37e224db79e.jpg
218,Necklace,Neck;Lace,,NA,0,,,10,img61b4913d78026.jpg;img5e37e6c824f7c.jpg
219,Applesauce,Apple;Sauce,,NA,2,,,16,img61b491ed12ff6.jpg;img5e37ea05844f4.jpg
220,Chopstick,Chop;Stick,,NA,0,,,12,img5e41270a2417f.jpg;img61b492b69e6a2.jpg
221,Handloom,Hand;Loom,,NA,1,,,12,img5e38ff500b251.jpg;img5e390281aed17.jpg
222,Follow,Fall;Low,,NA,2,,,14,img5e39042d1ea6b.jpg;img5e39089a80084.jpg
223,Sunburn,Sun;Burn,,NA,0,,,10,img5e37dfd662e2e.jpg;img5e390cdd376b5.jpg
224,Bluefish,Blue;Fish,,NA,1,,,14,img5e390f2ded7aa.jpg;img5e3910ea27265.jpg
225,Payroll,Pay;Roll,,NA,0,,,10,img5e3915da14daa.jpg;img5e3918c40f409.jpg
226,Basic,Base;Sick,,NA,2,,,12,img5e33f69c848ba.jpg;img5e33fb06c75de.jpg
227,Combat,Comb;Bat,,NA,1,,,12,img5e3402da9005f.jpg;img5e3404ff237d3.jpg
228,Policeman,Police;Man,,NA,0,,,14,img5e3409fd1c5f3.jpg;img639b259b06d5f.jpg
229,Bandaid,Band;Aid,,NA,1,,,12,img5e340ce3388cb.jpg;img5e31618795275.jpg
230,Romance,Rome;Ants,,NA,2,,,12,img5e34146bb5f15.jpg;img5e3415c5bd55b.jpg
231,Hotmail,Hot;Mail,,NA,0,,,8,img5e3418b185ff9.jpg;img5e341a7e98bf7.jpg
232,Planet,Plan;Net,,NA,1,,,12,img5e341d89d058d.jpg;img5e34219966846.jpg
233,Someday,Sum;Day,,NA,1,,,14,img5e3424889f5c7.jpg;img5e342b21b54d3.jpg
234,Whalebone,Whale;Bone,,NA,0,,,12,img5e342c9fa6067.jpg;img5e342eb5b1c43.jpg
235,Neutral,New;Troll,,NA,2,,,8,img5e3432b8d6c78.jpg;img5e3434a784cb2.jpg
236,Tension,Ten;Son,,NA,1,,,14,img5e3a6ecc0ed4e.jpg;img5e396e53081b3.jpg
237,Fireman,Fire;Man,,NA,0,,,10,img5e3a7fd0b8aa9.jpg;img639b26bdc54b5.jpg
238,Bugspray,Bug;Spray,,NA,1,,,14,img5e3a8468c8ae1.jpg;img5e3a884f8dfc5.jpg
239,Skeeball,Ski;Ball,,NA,1,,,14,img5e3a8b6b3865f.jpg;img615ecac3dc171.jpg
240,Birthday,Birth;Day,,NA,0,,,10,img5e3a9145123a8.jpg;img5e3c14ad86da1.jpg
241,Whiplash,Whip;Lash,,NA,2,,,12,img5e3a5265db4f7.jpg;img5e3a58835ab53.jpg
242,Backup,Back;Up,,NA,0,,,10,img5e380b3244b5d.jpg;img5e3a61bc65b38.jpg
243,Coffee,Cough;Fee,,NA,1,,,10,img5e3a66b7c256d.jpg;img5e3a6da418c4d.jpg
244,Pencil,Pen;Seal,,NA,1,,,12,img61b4a7b902cb2.jpg;img5e3a7a0c99ca1.jpg
245,Doorstep,Door;Step,,NA,0,,,10,img5e3a7b327e6df.jpg;img6284cdd06e107.jpg
246,Service,Serve;Ice,,NA,2,,,12,img61b4a86e090c5.jpg;img5e3a7f90b84b7.jpg
247,Upset,Up;Set,,NA,0,,,10,img5e3a81953d973.jpg;img5e3a843bb09b5.jpg
248,Hero,Hear;Row,,NA,1,,,10,img5e3a86aa1bb7c.jpg;img61b4a9c37a36f.jpg
249,Belief,Bee;Leaf,,NA,2,,,12,img5e3abe0ba6fce.jpg;img5e3abf80dbbe6.jpg
250,Jackpot,Jack;Pot,,NA,0,,,10,img61b4aad49f422.jpg;img5e2ad7df64525.jpg
251,Countdown,Count;Down,,NA,1,,,14,img639b29ea9c0ca.jpg;img5e3b9f3b7af68.jpg
252,Deadline,Dead;Line,,NA,1,,,10,img61b4ac4864713.jpg;img5e3ba4d556ce7.jpg
253,Household,House;Hold,,NA,0,,,10,img5e2ecccc531a1.jpg;img5e3ba76f9a538.jpg
254,Ideal,Eye;Deal,,NA,2,,,12,img6284d52e8a4f5.jpg;img5e3bae7bc2b7d.jpg
255,Pushbike,Push;Bike,,NA,1,,,12,img5e2c345e1249b.jpg;img5e3bb3ebe6aaa.jpg
256,Sailboat,Sail;Boat,,NA,0,,,10,img5e3bb5775e48c.jpg;img5e3bb6c506dfa.jpg
257,Topgear,Top;Gear,,NA,1,,,12,img5e3bbb05eac9a.jpg;img61b4aef84f8b4.jpg
258,Earmark,Ear;Mark,,NA,1,,,10,img5e3bb6709ad13.jpg;img5e3132292fa32.jpg
259,Blackhole,Black;Hole,,NA,0,,,12,img5e3bdccd76a96.jpg;img5e3a9621c2669.jpg
260,Jasmine,Jazz;Mine,,NA,2,,,10,img5e3bfa5d8fd35.jpg;img5e3bfc047e319.jpg
261,Windowseat,Window;Seat,,NA,0,,,14,img5e3be52c9bab9.jpg;img5e39094e106bf.jpg
262,Nameplate,Name;Plate,,NA,1,,,12,img5e3bea4b97008.jpg;img5e3a7eaa43886.jpg
263,Orange,Oar;Range,,NA,2,,,10,img5e3bc2bf73916.jpg;img5e3bfcba3fabe.jpg
264,Highschool,High;School,,NA,0,,,12,img5e31637171d7a.jpg;img5e3bfe2eb88ca.jpg
265,Upgrade,Up;Grade,,NA,1,,,12,img5e2c355051941.jpg;img61b4b2298f5c1.jpg
266,Baggage,Bag;Age,,NA,2,,,12,img5e395d4adbb2a.jpg;img5e4516e378682.jpg
267,Passbook,Pass;Book,,NA,0,,,10,img63a0528196d3d.jpg;img5e423b3b41dd7.jpg
268,Rampart,Ram;Part,,NA,2,,,8,img6285dc3b31c19.jpg;img5e30071456d94.jpg
269,Homework,Home;Work,,NA,0,,,12,img5e3145366cba3.jpg;img5e3917e03109b.jpg
270,Forecast,Four;Cast,,NA,1,,,12,img5e302c2c0c9e0.jpg;img5e4d224a66593.jpg
271,Headquarter,Head;Quarter,,NA,1,,,14,img5e2ec79ee9c39.jpg;img5e3a7eaa3dfd2.jpg
272,Cornbread,Corn;Bread,,NA,0,,,12,img5e3a806a00f93.jpg;img5e3a821c0d0ba.jpg
273,Passport,Pass;Port,,NA,2,,,12,img63a05630e3673.jpg;img5e3a8e2e4b913.jpg
274,Kettledrum,Kettle;Drum,,NA,1,,,14,img5e3a9030bcbc1.jpg;img5e3a92e0239ea.jpg
275,Kingfisher,King;Fisher,,NA,0,,,14,img5e31548aa1bf8.jpg;img5e34219966956.jpg
276,Hiphop,Hip;Hop,,NA,1,,,10,img6285f020116a8.jpg;img63a05a2144e53.jpg
277,Billion,Bill;Lion,,NA,2,,,12,img63a05b6fd6764.jpg;img6285fc3fad0df.jpg
278,Mouthwash,Mouth;Wash,,NA,0,,,10,img61b4b9182aa3d.jpg;img5e3ab8e948e44.jpg
279,Snowbird,Snow;Bird,,NA,1,,,12,img5e3abae97691d.jpg;img5e2be1d6c4e0f.jpg
280,Budget,Bud;Jet,,NA,2,,,12,img5e3abda306d2b.jpg;img5e3abe9f71a0d.jpg
281,Toothpick,Tooth;Pick,,NA,0,,,14,img5e3abfaf94668.jpg;img5e3ac095d7e46.jpg
282,Ballroom,Ball;Room,,NA,1,,,12,img5e3bac77704a9.jpg;img5e315bc5cdc4e.jpg
283,Roadblock,Road;Block,,NA,1,,,14,img5e3baf031fc28.jpg;img628602bfcaefd.jpg
284,Letterbox,Letter;Box,,NA,0,,,12,img61b4bbff727b8.jpg;img61b4bbff7283c.jpg
285,Corner,Corn;Ear,,NA,1,,,12,img5e3a727be4bfa.jpg;img5e3bb6709ad13.jpg
286,Packet,Pack;Eat,,NA,0,,,12,img61b4bd938c1fb.jpg;img5e3c013607b0f.jpg
287,Upstairs,Up;Stairs,,NA,0,,,10,img5e3c03fe73c6d.jpg;img5e3c04ea92123.jpg
288,Handle,Hand;Dull,,NA,2,,,12,img5e3c0660470c6.jpg;img5e3c08e8d8474.jpg
289,Wishlist,Wish;List,,NA,1,,,14,img5e3c0ac9d4929.jpg;img5e3c0c1f3067c.jpg
290,Cashew,Cash;Hew,,NA,2,,,10,img5e3915da14c97.jpg;img5e2ea45bc72cc.jpg
291,Raindrop,Rain;Drop,,NA,0,,,12,img63a0625712cf8.jpg;img61b4c00d10d9b.jpg
292,Spacecraft,Space;Craft,,NA,1,,,14,img63a06558802aa.jpg;img5e4140ae2808e.jpg
293,Underground,Under;Ground,,NA,1,,,14,img5e3c128b59760.jpg;img5e3c13b7b1e19.jpg
294,Cheesecake,Cheese;Cake,,NA,0,,,12,img5e3d32aa7c00e.jpg;img5e3d3448a2dd5.jpg
295,Action,Act;Sun,,NA,2,,,12,img5e413b41c9108.jpg;img5e1330eea7ebb.jpg
296,Staring,Stair;Ring,,NA,1,,,14,img5e3d3a8e09beb.jpg;img61b4c25c39800.jpg
297,Earthworm,Earth;Worm,,NA,0,,,12,img5e3d3ffe1a395.jpg;img5e3d427c83f45.jpg
298,Brainstorm,Brain;Storm,,NA,1,,,14,img628612ca1c350.jpg;img628612ca1c270.jpg
299,Airmail,Air;Mail,,NA,1,,,8,img5e3d3c6860843.jpg;img5e3d508177863.jpg
300,Newyear,New;Year,,NA,2,,,12,img61b4c34cc1e23.jpg;img5e41083ad4e39.jpg
301,Headlight,Head;Light,,NA,0,,,10,img5e37a726c05d2.jpg;img62062de6d4d58.jpg
302,Waterway,Water;Way,,NA,1,,,12,img5e3016dce39c3.jpg;img5e303ff610f10.jpg
303,Bottleneck,Bottle;Neck,,NA,1,,,14,img5e37ab31287ff.jpg;img5e37adc4205da.jpg
304,Offspring,Off;Spring,,NA,0,,,12,img5e2bea6181ff7.jpg;img5e37b1d80b773.jpg
305,Bundle,Bun;Dull,,NA,2,,,10,img5e50f74745d88.jpg;img625d3811c7634.jpg
306,Whirlpool,Whirl;Pool,,NA,0,,,10,img62062f4354633.jpg;img5e37ceffba64b.jpg
307,Armstrong,Arm;Strong,,NA,1,,,12,img62972e86e6b58.jpg;img62972e86e6a5c.jpg
308,Carbon,Car;Bone,,NA,0,,,12,img5e2bd04312a1d.jpg;img5e2c3d4310a45.jpg
309,Honeytrap,Honey;Trap,,NA,1,,,14,img5e2eac65f0feb.jpg;img63a5a8a23688a.jpg
310,Solarday,Solar;Day,,NA,1,,,12,img5e37dfd662d3b.jpg;img5e342b21b54d3.jpg
311,Nightgown,Night;Gown,,NA,0,,,12,img625d39dcd375d.jpg;img625d39dcd8cce.jpg
312,Alphabet,Alpha;Bat,,NA,2,,,14,img625d3c01d394c.jpg;img629735104bc30.jpg
313,Fisherman,Fisher;Man,,NA,0,,,10,img5e34219966956.jpg;img63a5aad8dbbba.jpg
314,Express,Axe;Press,,NA,2,,,14,img5e37ec6eb868e.jpg;img5e41361512332.jpg
315,Sweetmeat,Sweet;Meat,,NA,0,,,12,img5e316ee32122b.jpg;img6207374e07ecc.jpg
316,Gearwheel,Gear;Wheel,,NA,1,,,14,img6206352926a09.jpg;img5e32d3fce6aa8.jpg
317,Yellowstone,Yellow;Stone,,NA,1,,,14,img5e37f415eab6c.jpg;img5e2ffa7c6ebf2.jpg
318,Kneecap,Knee;Cap,,NA,0,,,8,img6207380ee2e82.jpg;img5e3bd015cba79.jpg
319,Outline,Out;Line,,NA,2,,,12,img5e3919b1c554f.jpg;img63a5ac69c2325.jpg
320,Handshake,Hand;Shake,,NA,0,,,12,img5e317006952b9.jpg;img63ad946e0784b.jpg
321,Towerbridge,Tower;Bridge,,NA,1,,,14,img5e3805433b1cc.jpg;img5e38062bc6fb7.jpg
322,Bedrock,Bed;Rock,,NA,2,,,10,img5e340e8ae9ac8.jpg;img5e2c17b7eed91.jpg
323,Throwback,Throw;Back,,NA,0,,,12,img5e38081c4b898.jpg;img620639db826ac.jpg
324,Flashdrive,Flash;Drive,,NA,1,,,14,img625d413e6a447.jpg;img5e31317abb21a.jpg
325,Facewash,Face;Wash,,NA,0,,,12,img5e41490a231bb.jpg;img5e4b6cc3a315e.jpg
326,Arrowroot,Arrow;Root,,NA,2,,,14,img62063ac15370c.jpg;img62063ac14b731.jpg
327,Dashboard,Dash;Board,,NA,1,,,12,img5e3814a91058e.jpg;img5e2adc8665bcf.jpg
328,Bandage,Band;Age,,NA,0,,,10,img5e340ce3388cb.jpg;img5e37d98a0b934.jpg
329,Paperweight,Paper;Weight,,NA,1,,,16,img5e381812860ea.jpg;img5e31643f02d03.jpg
330,Romantic,Roman;Tick,,NA,2,,,12,img625d436ce9ceb.jpg;img5e381a41d1a1a.jpg
331,Keyhole,Key;Hole,,NA,0,,,10,img5e3026071f1f9.jpg;img5e3a9621c2920.jpg
332,Software,Soft;Wear,,NA,1,,,12,img5e3a9bc8c7625.jpg;img5e3aa1476164b.jpg
333,License,Lie;Sense,,NA,1,,,12,img5e3ab5f3df39f.jpg;img5e3aba2d4d955.jpg
334,Soysauce,Soy;Sauce,,NA,0,,,10,img5e3abeb079fc8.jpg;img5e3ac06dba841.jpg
335,Dustbin,Dust;Bean,,NA,2,,,12,img5e3ac2300fffb.jpg;img5e3ac82b8fd3c.jpg
336,Warhorse,War;Horse,,NA,1,,,12,img5e3acab7822b7.jpg;img5e39139f410aa.jpg
337,Ponytail,Pony;Tail,,NA,0,,,10,img5e3acc450a495.jpg;img5e38fc54b6c1f.jpg
338,Rugby,Rug;Bee,,NA,1,,,8,img620640039979e.jpg;img5e3932833368e.jpg
339,Flagpole,Flag;Pole,,NA,1,,,14,img5e50efad08017.jpg;img5e50f1840542d.jpg
340,Supermodel,Super;Model,,NA,0,,,12,img620640e2e3976.jpg;img5e3ad67923894.jpg
341,Phantom,Fan;Tomb,,NA,2,,,14,img5e3ad7abbef12.jpg;img62073d2143e07.jpg
342,Icecube,Ice;Cube,,NA,0,,,12,img5e2bec431714b.jpg;img5e3967ab3d1e8.jpg
343,Welfare,Well;Fair,,NA,1,,,12,img5e3bb9b0eb541.jpg;img5e3bbbf118c95.jpg
344,Bulletpoint,Bullet;Point,,NA,1,,,14,img5e3bbe5700075.jpg;img5e3bc047c3742.jpg
345,Headache,Head;Ache,,NA,0,,,10,img5e3bc2783f26d.jpg;img5e3bc5c3745d3.jpg
346,Insult,In;Salt,,NA,2,,,8,img63abd6559a7dc.jpg;img5e3bb6763f25c.jpg
347,Footsteps,Foot;Steps,,NA,0,,,14,img5e3cfbf7e0702.jpg;img63abd840bb5d8.jpg
348,Overload,Over;Load,,NA,1,,,12,img5e329d13b5e49.jpg;img6206459759dfc.jpg
349,Coffin,Cough;Fin,,NA,2,,,12,img5e37deb0d6a55.jpg;img620645fc3d65c.jpg
350,Jellyfish,Jelly;Fish,,NA,0,,,14,img5e3bbe008b051.jpg;img5e394f5fb485d.jpg
351,Layoff,Lay;Off,,NA,1,,,10,img5e3bbffa40165.jpg;img5e2bea6181ff7.jpg
352,Peace,Pea;Ace,,NA,1,,,12,img5e5357ff828e7.jpg;img5e53594c29cd8.jpg
353,Heartburn,Heart;Burn,,NA,0,,,14,img5e535da2252b7.jpg;img6206476c59112.jpg
354,Liquor,Lick;Oar,,NA,2,,,12,img5e535ecd3d210.jpg;img5e3bc2bf736a9.jpg
355,Gridlock,Grid;Lock,,NA,1,,,12,img62064870e8e63.jpg;img5e5360e55a7c4.jpg
356,Watermelon,Water;Melon,,NA,0,,,14,img5e2ac48f060da.jpg;img5e5364cfe1a15.jpg
357,Sheet,See;Eat,,NA,1,,,10,img62064a023cc18.jpg;img5e3bd5074dad8.jpg
358,Export,Axe;Port,,NA,1,,,10,img5e2ea45bc72cc.jpg;img62064a637e98a.jpg
359,Firefighter,Fire;Fighter,,NA,0,,,16,img63abe34a7f25a.jpg;img625d492f2c51b.jpg
360,Barrier,Bar;Rear,,NA,2,,,12,img5e37bf25ca1b9.jpg;img62073d607d177.jpg
361,Torchlight,Torch;Light,,NA,0,,,14,img5e3cf1d91eedd.jpg;img62064da93dfc5.jpg
362,Example,Exam;Pal,,NA,1,,,10,img5e3cf5d6856df.jpg;img5e3cf5d6851a3.jpg
363,Hostile,Host;Tile,,NA,2,,,12,img63ad9514e5a4e.jpg;img62064e5346039.jpg
364,Backseat,Back;Seat,,NA,0,,,14,img62064ead674d1.jpg;img5e39094e102cd.jpg
365,Coldcase,Cold;Cash,,NA,1,,,12,img5e3cff9430be9.jpg;img5e3d0134953aa.jpg
366,Blanket,Blank;Cat,,NA,2,,,14,img5e340b9bcbfcb.jpg;img5e3961aeac651.jpg
367,Hockey,Hook;Key,,NA,0,,,8,img5e3d1c3aa1261.jpg;img5e3d1c3aa0f74.jpg
368,Sailor,Sail;Lure,,NA,2,,,12,img5e53907b473d5.jpg;img5e5391f7c3b3f.jpg
369,Grassland,Grass;Land,,NA,0,,,12,img5e40e3f2cb79d.jpg;img5e40e5c96f185.jpg
370,Helper,Help;Ear,,NA,1,,,12,img5e40e7fe2478f.jpg;img62999c953b73c.jpg
371,Format,Four;Mat,,NA,1,,,12,img5e40f5feb6a50.jpg;img5e40f7deaa4c8.jpg
372,Beachball,Beach;Ball,,NA,0,,,14,img620652709f946.jpg;img5e40faf84418f.jpg
373,Parent,Pear;Ant,,NA,2,,,12,img5e412ba7e0828.jpg;img5e4130f2af6d0.jpg
374,Insert,In;Shirt,,NA,1,,,10,img5e53973784345.jpg;img5e4104de0703d.jpg
375,Fruitcake,Fruit;Cake,,NA,0,,,12,img5e41060e324e6.jpg;img5e41074894f8b.jpg
376,Toolbox,Tool;Box,,NA,1,,,14,img5e43a53b60aae.jpg;img5e43d287c20e1.jpg
377,Furnace,Fern;Ace,,NA,2,,,10,img63abe87f3f4e0.jpg;img62999fba850ae.jpg
378,Tablespoon,Table;Spoon,,NA,0,,,14,img5e4119dd4855e.jpg;img5e411c31cdfbb.jpg
379,Display,Dish;Play,,NA,1,,,12,img5e411de068cf4.jpg;img620654b53539c.jpg
380,Heirloom,Hair;Loom,,NA,2,,,10,img62073e67e2253.jpg;img620655778a473.jpg
381,Upon,Up;On,,NA,0,,,8,img6299a23b88aa2.jpg;img6299a23b88c57.jpg
382,Fireboard,Fire;Board,,NA,1,,,12,img63b4256ac0495.jpg;img63b4256aba38e.jpg
383,Cheque,Check;Queue,,NA,1,,,10,img5e412bbc3df7a.jpg;img5e412e9cd4b06.jpg
384,Sandpaper,Sand;Paper,,NA,0,,,14,img5e41307402c4b.jpg;img5e4131d2c9229.jpg
385,Hardcover,Hard;Cover,,NA,1,,,12,img62065a71e957c.jpg;img62065a71e962e.jpg
386,Freefall,Free;Fall,,NA,1,,,14,img5e413c936e4e0.jpg;img5e413e10f08c8.jpg
387,Batman,Bat;Man,,NA,0,,,10,img62065c6bc0e88.jpg;img5e411cb6bf60d.jpg
388,Crayon,Cry;Yawn,,NA,2,,,12,img62065d39a2e55.jpg;img5e41449e73779.jpg
389,Sunday,Sun;Day,,NA,1,,,14,img5e4cf8544dd8c.jpg;img5e342b21bb3a6.jpg
390,Article,Art;Tickle,,NA,2,,,12,img5e41490a230ab.jpg;img5e414c9cad487.jpg
391,Suitcase,Suit;Case,,NA,0,,,14,img5e3d552b26b8b.jpg;img5e3d5c7c6d975.jpg
392,Shortstop,Shorts;Stop,,NA,1,,,12,img5e4126434e463.jpg;img5e41288ad90f1.jpg
393,Blackjack,Black;Jack,,NA,1,,,14,img5e3d5816421b2.jpg;img6206603316763.jpg
394,Crossroad,Cross;Road,,NA,0,,,10,img5e3c1a8e0ad13.jpg;img5e2bda2227639.jpg
395,Hollow,Hall;Low,,NA,2,,,12,img5e3d5fce9b188.jpg;img5e32b05a2ac3c.jpg
396,Parking,Park;King,,NA,1,,,14,img5e42686bcfdb5.jpg;img620731ca69d2b.jpg
397,Moonlight,Moon;Light,,NA,0,,,12,img6207320babb9c.jpg;img5e40f2c4d00ce.jpg
398,Thumbnail,Thumb;Nail,,NA,1,,,14,img5e4a4336db38b.jpg;img5e4120ada6607.jpg
399,Pigpen,Pig;Pen,,NA,1,,,10,img620732e325db1.jpg;img5e3d5c7c6d8a7.jpg
400,Nightmare,Night;Mare,,NA,2,,,14,img5e38fe7998fc4.jpg;img63abffd0582dc.jpg
401,Screwdriver,Screw;Driver,,NA,0,,,14,img6209e43c2d893.jpg;img5e3bd89ebe1e9.jpg
402,Cookie,Cook;Key,,NA,1,,,12,img5e414744eeb30.jpg;img5e4e3c729763f.jpg
403,Place,Play;Ace,,NA,1,,,12,img64256668d2d9f.jpg;img5e3005fe490cf.jpg
404,Supermarket,Super;Market,,NA,0,,,14,img5e3146dcdd659.jpg;img6209f05fd1b80.jpg
405,Female,Fee;Male,,NA,2,,,12,img5e41529d8e84f.jpg;img5e37bae55965c.jpg
406,Banknote,Bank;Note,,NA,0,,,10,img625f995e8735b.jpg;img620a3799758a1.jpg
407,Candy,Can;D,,NA,1,,,12,img5e41594ef2b03.jpg;img5e415a3425796.jpg
408,Checkbook,Check;Book,,NA,0,,,14,img5e3d0a755372d.jpg;img6209f50062b30.jpg
409,Power,Paw;Ear,,NA,1,,,8,img5e423c5871892.jpg;img6209f53ecff8e.jpg
410,Team,Tea;Aim,,NA,1,,,12,img5e42435a39fec.jpg;img5e4244f00bb76.jpg
411,Snowman,Snow;Man,,NA,0,,,10,img5e42469cad67d.jpg;img629ef90c5ac5b.jpg
412,Acid,Ace;Seed,,NA,2,,,12,img5e42497e45276.jpg;img5e424eb71d14b.jpg
413,Railway,Rail;Way,,NA,0,,,10,img5e2bd77e8731e.jpg;img5e4255bf520fe.jpg
414,Virus,Why;Rush,,NA,2,,,12,img5e4540e02febf.jpg;img5e3acfad3e313.jpg
415,Catfish,Cat;Fish,,NA,0,,,14,img5e3909cda7d92.jpg;img6209f647d718c.jpg
416,College,Call;Age,,NA,1,,,12,img5e425a8fa2c22.jpg;img5e410bb8e9dde.jpg
417,Handlebar,Handle;Bar,,NA,1,,,14,img5e3d62e2eef30.jpg;img5e37bf25c9ff1.jpg
418,Caveman,Cave;Man,,NA,0,,,10,img6209f714f1e43.jpg;img629efe24dd808.jpg
419,Pipeline,Pipe;Line,,NA,2,,,12,img629efe91502e5.jpg;img5e3ba480ed377.jpg
420,Honeybee,Honey;Bee,,NA,0,,,14,img5e427b5d1a038.jpg;img5e427d0edf576.jpg
421,Portland,Port;Land,,NA,1,,,12,img5e38f8c8e48f5.jpg;img5e2fe6e285e88.jpg
422,Tailgate,Tail;Gate,,NA,2,,,14,img5e38fc54b6951.jpg;img5e38feb059bb6.jpg
423,Colorblind,Color;Blind,,NA,0,,,12,img6209f7c182df4.jpg;img6209f7c1828f8.jpg
424,Deerhunter,Deer;Hunter,,NA,1,,,16,img5e318f1b06659.jpg;img5e39060684c9e.jpg
425,Seahorse,Sea;Horse,,NA,0,,,10,img5e2bfd0411c8d.jpg;img5e2bfed40082e.jpg
426,Network,Net;Work,,NA,2,,,12,img5e33d5498668e.jpg;img5e3148c8080e2.jpg
427,Finest,Fin;Nest,,NA,1,,,10,img5e2a9cbfef844.jpg;img5e390c2e99c52.jpg
428,Skateboard,Skate;Board,,NA,0,,,14,img5e390eda32d08.jpg;img5e33ee1842459.jpg
429,Ropeway,Rope;Way,,NA,1,,,12,img5eb51f3498208.jpg;img5e303ff610afb.jpg
430,Pattern,Pet;Turn,,NA,2,,,10,img5e33b8d56e94b.jpg;img5e3915cc634e1.jpg
431,Wheelchair,Wheel;Chair,,NA,0,,,14,img5e32d3fce681b.jpg;img5e3917e030fc5.jpg
432,Escape,S;Cap,,NA,1,,,12,img5e391996a71d7.jpg;img5e391a70974f9.jpg
433,Blackrock,Black;Rock,,NA,1,,,12,img5e2ed34bb98e1.jpg;img5e2c17b7eecc2.jpg
434,Bookshelf,Book;Shelf,,NA,0,,,14,img5e31636c395f2.jpg;img5e391d6ea03dc.jpg
435,Kitkat,Kit;Cat,,NA,2,,,12,img625f9d498c191.jpg;img5e300fb7ae842.jpg
436,Hatred,Hat;Red,,NA,1,,,10,img5e3005fe4927f.jpg;img5e31968879bff.jpg
437,Cartwheel,Cart;Wheel,,NA,0,,,12,img5e392cec6b2f7.jpg;img5e392d713e991.jpg
438,Pair,Pay;Air,,NA,1,,,10,img6209fa2a13c8e.jpg;img5e218fe19bfe6.jpg
439,Waterpark,Water;Park,,NA,1,,,12,img5e2ac48f060da.jpg;img6209fa66c5127.jpg
440,Skyline,Sky;Line,,NA,0,,,8,img5e3938bee4677.jpg;img5e3801c653cfc.jpg
441,Bowl,Bow;Owl,,NA,2,,,12,img5e50ed09316c9.jpg;img5e393ee6e6617.jpg
442,Sunroof,Sun;Roof,,NA,0,,,12,img5e300df96ccb5.jpg;img5e394126057bf.jpg
443,Handcuff,Hand;Cuff,,NA,1,,,12,img5e30366f4e48a.jpg;img5e3942c1ed293.jpg
444,Earthquake,Earth;Quake,,NA,1,,,14,img5e2edef9787c9.jpg;img5e39474f64da5.jpg
445,Seesaw,See;Saw,,NA,0,,,8,img5e37d0251436d.jpg;img5e394c0485445.jpg
446,Plain,Play;In,,NA,2,,,10,img5e3a578f36adb.jpg;img63abd6559a9aa.jpg
447,Steamboat,Steam;Boat,,NA,0,,,12,img5e2c385f21510.jpg;img5e2ebb825063a.jpg
448,Friendship,Friend;Sheep,,NA,1,,,14,img5e3171baad817.jpg;img5e3956eb4d2d5.jpg
449,Clothespin,Cloth;Spin,,NA,2,,,12,img5e3956acf156e.jpg;img5e315d199ccd8.jpg
450,Lightbulb,Light;Bulb,,NA,0,,,12,img5e37c66f3b4cd.jpg;img5e395a254a8ff.jpg
451,Armchair,Arm;Chair,,NA,1,,,14,img5e3bdbc11380a.jpg;img5e3bdd68bd277.jpg
452,Bonfire,Bone;Fire,,NA,1,,,12,img5e3bdefdcb9e6.jpg;img5e3a7fd0b8d22.jpg
453,Chairman,Chair;Man,,NA,0,,,10,img5e3be4da0121a.jpg;img629f322825520.jpg
454,Radioactive,Radio;Active,,NA,2,,,14,img5e3beaf05d964.jpg;img5e3bed248e63b.jpg
455,Rainfall,Rain;Fall,,NA,1,,,12,img5e411ad822aa0.jpg;img5e3bf874e7b2f.jpg
456,Bathrobe,Bath;Robe,,NA,0,,,10,img5e3bfaae33ac8.jpg;img5e3bfceca178b.jpg
457,Swordfish,Sword;Fish,,NA,1,,,12,img5e3bff7a27cb7.jpg;img5e3910ea26ee0.jpg
458,Crossing,Cross;Sing,,NA,1,,,12,img5e3c0415577da.jpg;img620a23bde9e71.jpg
459,Pinboard,Pin;Board,,NA,0,,,12,img5e3c07c1b7d15.jpg;img5e33ee184235f.jpg
460,Hairnet,Hair;Net,,NA,2,,,14,img5e3c0b134c7cf.jpg;img5e3c0cc9683c5.jpg
461,Firewood,Fire;Wood,,NA,0,,,12,img5e3c0e7210989.jpg;img5e391503b6eb9.jpg
462,Today,Two;Day,,NA,1,,,10,img5e3c126a4f7ac.jpg;img5e3c14ad87032.jpg
463,Sidekick,Side;Kick,,NA,2,,,14,img5e393b607137e.jpg;img5e3c1811efc79.jpg
464,Peanut,Pea;Nut,,NA,0,,,10,img5e2ece5a9cac8.jpg;img5e132e684db7b.jpg
465,Global,Glow;Ball,,NA,1,,,12,img5e423fa8e676a.jpg;img5e2aba5e3c65b.jpg
466,Betray,Bee;Tray,,NA,2,,,12,img5e3c2032cddac.jpg;img5e3c21e52cc13.jpg
467,Webmail,Web;Mail,,NA,0,,,10,img5e3c235593806.jpg;img620a25b699a8a.jpg
468,Slapjack,Slap;Jack,,NA,2,,,14,img5e3c262aadd01.jpg;img5e3cf881df392.jpg
469,Checkbox,Check;Box,,NA,0,,,10,img5e3cfc71d48ce.jpg;img5e3cfeb1bec07.jpg
470,Goldengate,Golden;Gate,,NA,1,,,14,img5e3d00d86ced2.jpg;img5e3d03e597f4e.jpg
471,Imax,Eye;Max,,NA,1,,,8,img5e3d0a7553562.jpg;img5e3d0fd4e6096.jpg
472,Carpool,Car;Pool,,NA,0,,,10,img5e2bd04312ad3.jpg;img5e37ceffba4a9.jpg
473,Punchbowl,Punch;Bowl,,NA,2,,,14,img5e3d2be5aaf26.jpg;img5e32d7362c356.jpg
474,Hamburg,Ham;Berg,,NA,1,,,12,img5e427a7152832.jpg;img5e2c0b83b730d.jpg
475,Lineup,Line;Up,,NA,0,,,10,img620a29b7582ad.jpg;img5e3d386a596b1.jpg
476,Heatwave,Heat;Wave,,NA,1,,,12,img5e3d3c6860a29.jpg;img620a2a279ef9f.jpg
477,Scarecrow,Scare;Crow,,NA,2,,,14,img5e3d577602511.jpg;img5e3d58dbbb1cb.jpg
478,Eggplant,Egg;Plant,,NA,0,,,10,img5e3d5c30a6dfc.jpg;img5e3d5e5177183.jpg
479,Keynote,Key;Note,,NA,1,,,12,img5e3d1c3aa0c12.jpg;img5e3c0c1f303f1.jpg
480,Harmony,Harm;Money,,NA,2,,,14,img5e54c049c07d6.jpg;img5e3d661c7bc52.jpg
481,Beach,Bee;Itch,,NA,0,,,8,img5e3932833391f.jpg;img5e39359b03733.jpg
482,Easter,East;Ear,,NA,1,,,12,img5e393b607137e.jpg;img5e393f34635b0.jpg
483,Page,Pay;Age,,NA,0,,,8,img5e39444f159e7.jpg;img5e3ba331231f5.jpg
484,Candle,Can;Dull,,NA,0,,,10,img5e394dc452254.jpg;img620a2e29b5ce5.jpg
485,Senior,Sea;Near,,NA,1,,,10,img620a2fa49d310.jpg;img5e3ba80ebb810.jpg
486,Road,Row;Odd,,NA,1,,,12,img5e3a62970bbf0.jpg;img5e3a670e1b04c.jpg
487,Driving,Dry;Wing,,NA,0,,,10,img5e3956acf13f1.jpg;img5e3959fe144ac.jpg
488,Tear,Tea;Ear,,NA,2,,,12,img5e395d4adbb2a.jpg;img615ee33b45e85.jpg
489,Local,Lock;Call,,NA,1,,,12,img5e395f6dacdf4.jpg;img5e3961382ac6b.jpg
490,Passage,Pass;Age,,NA,2,,,12,img5e45455de3b1f.jpg;img5e438a6fad497.jpg
491,Jacket,Jack;Cat,,NA,0,,,10,img620a334a0c98e.jpg;img5e3965b599cda.jpg
492,Lawyer,Law;Year,,NA,1,,,12,img5e3968e14f41d.jpg;img5e396b6a5ee6b.jpg
493,Pension,Pen;Son,,NA,1,,,12,img5e396d0b51ee0.jpg;img5e396e53082ce.jpg
494,Gold,Go;Old,,NA,0,,,8,img5e3a479c6559e.jpg;img5e396ff60568d.jpg
495,Error,Air;Roar,,NA,2,,,10,img5e31584299ddd.jpg;img5e3a4f814c572.jpg
496,Heart,Hear;Art,,NA,1,,,12,img5e3a51f52707d.jpg;img5e3a54ad815c1.jpg
497,Player,Play;Year,,NA,0,,,10,img5e3a578f36c1d.jpg;img5e3a5a2bd7d98.jpg
498,Neat,Knee;Eat,,NA,1,,,12,img5e39526235023.jpg;img5e39545546841.jpg
499,Blood,Blow;Odd,,NA,1,,,12,img5e37c80bf2cda.jpg;img5e3a6acf1782f.jpg
500,Client,Clay;Ant,,NA,2,,,12,img620a3616882e1.jpg;img5e3a6fe6e0852.jpg
501,Bookworm,Book;Worm,,NA,0,,,12,img5e395b77b097e.jpg;img5e395c04eaa1c.jpg
502,Fit,Fee;Eat,,NA,1,,,10,img5e2ff6e887109.jpg;img5e39545546abb.jpg
503,Canvas,Can;Vase,,NA,1,,,12,img5e32d579c18f0.jpg;img5e395d0684f1f.jpg
504,Flowerpot,Flower;Pot,,NA,0,,,14,img5e13324622a1f.jpg;img5e12d937ec1fa.jpg
505,Accent,Axe;Cent,,NA,2,,,12,img5e5368af68bf3.jpg;img5e3d059b3f48a.jpg
506,Entertain,Enter;Ten,,NA,0,,,10,img5e39626f97074.jpg;img5e2eddf99ea22.jpg
507,Disagree,Dish;Agree,,NA,1,,,12,img5e2fd91e156d1.jpg;img5e39645f8b5b1.jpg
508,Carrot,Car;Root,,NA,0,,,10,img5e2bd04312e2c.jpg;img5e38109e76444.jpg
509,Boil,Bow;Oil,,NA,1,,,10,img5e33ca429cf1d.jpg;img5e39658a6288e.jpg
510,Damage,Dam;Mage,,NA,1,,,12,img5e3d70dae6d52.jpg;img5e3d726a82ccd.jpg
511,Cupboard,Cup;Board,,NA,0,,,14,img5e2ada07b49e8.jpg;img5e2adc8665d43.jpg
512,Radio,Ray;Duo,,NA,2,,,12,img5e3002e21c6e2.jpg;img5e3968fa4a771.jpg
513,Birdhouse,Bird;House,,NA,0,,,14,img5e3959fe1426a.jpg;img5e3432b8d6b48.jpg
514,Noise,No;Ice,,NA,2,,,10,img5e396b58ebe17.jpg;img5e3034caafbd7.jpg
515,Downstair,Down;Stair,,NA,0,,,12,img5e2ea073349b0.jpg;img5e396d663ab57.jpg
516,Bear,Bee;Year,,NA,1,,,10,img5e3151e072f51.jpg;img5e37d98a0b9ff.jpg
517,Paint,Pay;Ant,,NA,1,,,12,img5e39444f159e7.jpg;img5e3415c5bd652.jpg
518,Idol,Eye;Doll,,NA,0,,,8,img5e2fe41408eb8.jpg;img5e2ec9cb4fb37.jpg
519,Sink,See;Ink,,NA,2,,,10,img5e3a5c20d0711.jpg;img5e3a5ef0d2026.jpg
520,Fairyland,Fairy;Land,,NA,0,,,14,img5e3a62f9ad517.jpg;img5e3a66d9316ae.jpg
521,Crime,Cry;Aim,,NA,1,,,12,img5e3a69e48c2d4.jpg;img5e3a6c072b526.jpg
522,People,Pea;Pal,,NA,2,,,12,img5e4e7508673db.jpg;img5e4b81432c086.jpg
523,Super,Soup;Purr,,NA,0,,,8,img5e423f3caeee0.jpg;img5e54f1b6463f8.jpg
524,Sunny,Sun;Knee,,NA,1,,,10,img5e300df96ca3a.jpg;img5e33bf8686a35.jpg
525,Coolbox,Cool;Box,,NA,0,,,10,img5e414d0e56dd8.jpg;img5e37cdbe54c05.jpg
526,Redtape,Red;Tape,,NA,2,,,12,img5e43d541042ac.jpg;img5e43dc1c5fe99.jpg
527,Superbowl,Super;Bowl,,NA,1,,,14,img5e3a90db73030.jpg;img5e3a92892a68b.jpg
528,Candlestick,Candle;Stick,,NA,0,,,14,img5e3a94902999e.jpg;img5e3903b26c495.jpg
529,Graveyard,Grave;Yard,,NA,1,,,12,img5e3aa16d7bf2f.jpg;img5e3aa3dc17379.jpg
530,Earnest,Ear;Nest,,NA,2,,,12,img5e393f34635b0.jpg;img5e390c2e99a3c.jpg
531,Fireball,Fire;Ball,,NA,0,,,10,img5e33b93f9f375.jpg;img5e2c2ffe882ce.jpg
532,Campground,Camp;Ground,,NA,1,,,12,img5e3aa597a6afb.jpg;img5e3aa9a16e813.jpg
533,Poster,Post;Tear,,NA,0,,,8,img5e4e5b44033fb.jpg;img5e423d9e57396.jpg
534,Footnote,Foot;Note,,NA,0,,,12,img5e2ab0d2bf3d4.jpg;img5e314a84b2c28.jpg
535,Strong,Straw;Wrong,,NA,1,,,12,img5e2be3e026892.jpg;img5e3ab07ba6bed.jpg
536,Bodysurf,Body;Surf,,NA,1,,,14,img5e4280066443f.jpg;img5e42812c20056.jpg
537,Moonwalk,Moon;Walk,,NA,0,,,12,img5e42884d03eea.jpg;img5e428a16cf879.jpg
538,Fiberglass,Fiber;Glass,,NA,1,,,14,img5e428dc28746f.jpg;img5e4291dad2db7.jpg
539,Parrot,Pair;Oat,,NA,1,,,10,img5e4d27cfe7dbe.jpg;img5e5e558dd3aef.jpg
540,Blackmail,Black;Mail,,NA,0,,,12,img5e4297186114b.jpg;img5e4298e4bfca2.jpg
541,Fantail,Fan;Tail,,NA,2,,,10,img5e42591dc1cea.jpg;img5e425ae4db9a6.jpg
542,Keyword,Key;Word,,NA,0,,,12,img5e429b7845f22.jpg;img5e429cb6e442b.jpg
543,Towel,Toe;Well,,NA,1,,,10,img5e4120ada66f3.jpg;img5e412402ee149.jpg
544,Moviemaker,Movie;Maker,,NA,1,,,12,img5e3d11be28da6.jpg;img5e3d12c5c8172.jpg
545,Township,Town;Ship,,NA,0,,,10,img5e42a62ab387e.jpg;img5e3bb5775e48c.jpg
546,Seal,Sea;Eel,,NA,2,,,10,img5e42a2a3c18e2.jpg;img5e5e4d321dad2.jpg
547,Dishwasher,Dish;Washer,,NA,0,,,12,img5e423a3ccb4e9.jpg;img5e3ab8e949091.jpg
548,Typewriter,Type;Writer,,NA,1,,,14,img5e42ac95d339a.jpg;img5e42ae22c809c.jpg
549,Captain,Cap;Tone,,NA,2,,,12,img5e4382f5d57a4.jpg;img5e4384e1f2600.jpg
550,Forget,Four;Gate,,NA,0,,,10,img5e302c2c0ca71.jpg;img5e38feb059c9a.jpg
551,Basket,Bass;Cat,,NA,1,,,10,img5e3cf2192e602.jpg;img5e3adaec34e33.jpg
552,Outstanding,Out;Standing,,NA,1,,,14,img5e3919b1c54ad.jpg;img5e3cf536c5868.jpg
553,Cockpit,Cock;Pit,,NA,0,,,10,img5e3cf6bf588f4.jpg;img5e5e49d2b504f.jpg
554,Mansion,Man;Son,,NA,2,,,12,img5e31968879e19.jpg;img5e3cfa261f887.jpg
555,Yellow,Yell;Low,,NA,1,,,8,img5ebf8470e8bf6.jpg;img5e32b05a24966.jpg
556,Flashlight,Flash;Light,,NA,0,,,12,img5e68a8a811b38.jpg;img5e2ff1f35ba26.jpg
557,Pressure,Press;Hour,,NA,1,,,12,img5e2c345e12280.jpg;img5e3174f30cfd5.jpg
558,Rampage,Ram;Page,,NA,1,,,10,img5e3c080b4175f.jpg;img5e381812860ea.jpg
559,Milestone,Mile;Stone,,NA,0,,,12,img5e3d0a0094c8c.jpg;img5e33fbc330513.jpg
560,Overnight,Over;Night,,NA,2,,,14,img5e4554ae1c037.jpg;img5e3002e21c86c.jpg
561,Bullock,Bull;Lock,,NA,0,,,10,img5e3d0d53cceaa.jpg;img5e395f6daccfd.jpg
562,Breadstick,Bread;Stick,,NA,1,,,14,img5e42a2c815be9.jpg;img5e42a41004745.jpg
563,Bag,Bay;Egg,,NA,2,,,10,img5e3d14b3d5c7d.jpg;img5e3d16865e639.jpg
564,Cornmeal,Corn;Meal,,NA,0,,,10,img5e40f39e643f8.jpg;img5e40f5f15f5ab.jpg
565,Mudbank,Mud;Bank,,NA,1,,,12,img5e40f85792d74.jpg;img5e2fe14bdf9cc.jpg
566,Workshop,Work;Shop,,NA,2,,,14,img5e40fcdf1de21.jpg;img5e316caf94e49.jpg
567,Cleanup,Clean;Up,,NA,0,,,10,img5e3148c8080e2.jpg;img5e2c35505189e.jpg
568,Colorwheel,Color;Wheel,,NA,2,,,14,img5e3d51a11e98e.jpg;img5e3d53be0302b.jpg
569,Firewall,Fire;Wall,,NA,0,,,10,img5e3ab38a1e92e.jpg;img5e30305c196ee.jpg
570,Leverage,Liver;Age,,NA,1,,,12,img5e5e4057c3b17.jpg;img5e411495a9c6c.jpg
571,Hamburger,Ham;Burger,,NA,1,,,12,img5e427a7152832.jpg;img5e427cac39b9c.jpg
572,Cannot,Can;Knot,,NA,0,,,10,img5e43839c85e23.jpg;img5e4e7b49578ce.jpg
573,Sparrow,Spare;Row,,NA,2,,,10,img5e439e65ace8a.jpg;img5e315ca3a2935.jpg
574,Boatload,Boat;Load,,NA,1,,,12,img5e4d344695465.jpg;img5e4d35584c728.jpg
575,Borderline,Border;Line,,NA,0,,,14,img5e439e6b1a7b8.jpg;img5e3a62970bbf0.jpg
576,Copperplate,Copper;Plate,,NA,1,,,14,img5e43a40d8f9c5.jpg;img5e43a6039810c.jpg
577,Daydream,Day;Dream,,NA,2,,,12,img5e3a5a2bd7c41.jpg;img5e3c0ac9d4618.jpg
578,Battleship,Battle;Ship,,NA,0,,,12,img5e3acab7825f0.jpg;img5e43b01f3da62.jpg
579,Witch,We;Itch,,NA,1,,,10,img5e438ea6b2598.jpg;img5e454fb465104.jpg
580,Flour,Flow;Oar,,NA,2,,,12,img5e43bb372807c.jpg;img5e43bc591fd72.jpg
581,Lighthouse,Light;House,,NA,0,,,14,img5e43bd7741d7b.jpg;img5e43bea24d54e.jpg
582,Piggyback,Piggy;Back,,NA,1,,,12,img5e37c2a8c8073.jpg;img5e3bc5c3745d3.jpg
583,Notice,Note;Ice,,NA,1,,,10,img5e43c52bb97e5.jpg;img5e2c0b83b692d.jpg
584,Cowboy,Cow;Boy,,NA,0,,,10,img5e43c85c0e946.jpg;img5e32d7e6cdb35.jpg
585,Paperwork,Paper;Work,,NA,2,,,14,img5e43cb34949fc.jpg;img5e43cd3c8c58a.jpg
586,Match,Mat;Ache,,NA,1,,,10,img5e4111c928b03.jpg;img5e4113357bea8.jpg
587,Milkfish,Milk;Fish,,NA,0,,,12,img5e43d3ef99436.jpg;img5e2ac48f053fb.jpg
588,Plant,Plan;Nut,,NA,2,,,8,img5e43e5e16606f.jpg;img5e43ea34f04b6.jpg
589,Children,Child;Run,,NA,1,,,12,img5e2ffd13e5c6b.jpg;img5e43ee4d67244.jpg
590,Jigsaw,Jig;Saw,,NA,2,,,10,img5e43f3626a378.jpg;img5e43f6e440d17.jpg
591,Timetable,Time;Table,,NA,0,,,14,img5e438b090905f.jpg;img5e43faf456ab6.jpg
592,Address,Add;Race,,NA,1,,,12,img5e44e691d49a6.jpg;img5e3bed248e766.jpg
593,Vein,Way;In,,NA,1,,,8,img5e44f90d02063.jpg;img5e4512a7a5f81.jpg
594,Agent,Age;Ant,,NA,0,,,8,img5e4516e378478.jpg;img5e4519c5c6bf8.jpg
595,Maid,May;Aid,,NA,2,,,10,img5e451d5cbd067.jpg;img5e34106d816bf.jpg
596,Missing,Miss;Sing,,NA,1,,,14,img5e452607b0648.jpg;img5e4528e42656f.jpg
597,Vendor,Vein;Door,,NA,0,,,10,img5e4537c699971.jpg;img5e303de98dd8b.jpg
598,Bracelet,Brace;Late,,NA,1,,,12,img5e452ebf31c8e.jpg;img5e452607b085d.jpg
599,Maple,Map;Pal,,NA,1,,,10,img5e3c0b134c958.jpg;img5e32d7188aa36.jpg
600,Leg,Lay;Egg,,NA,2,,,10,img5e45358e53782.jpg;img5e4251ca7aeb7.jpg
601,Bellbottom,Bell;Bottom,,NA,0,,,12,img5e3d6ad73f930.jpg;img5e3d6b540e00c.jpg
602,Cartoon,Cart;On,,NA,1,,,12,img5e3d6d0c49d72.jpg;img5e3d6f6f1aa21.jpg
603,Ticket,Tick;Eat,,NA,1,,,10,img5e381a8c0babd.jpg;img5e39545546bb7.jpg
604,Sunset,Sun;Set,,NA,0,,,12,img5e33c497c0dfd.jpg;img5e3d74697dd52.jpg
605,Furrow,Fur;Row,,NA,2,,,12,img5e3d768ca9e86.jpg;img5e3a62970b95d.jpg
606,Mailbox,Mail;Box,,NA,0,,,14,img5e3d798b62970.jpg;img5e3bb45bcff05.jpg
607,Zombie,Zoom;Bee,,NA,1,,,12,img5e40f3da5a820.jpg;img5e40f70680be4.jpg
608,Eyeballs,Eye;Balls,,NA,0,,,12,img5e3cefa29bfb3.jpg;img5e40eeb8548b1.jpg
609,Organ,Oar;Gun,,NA,1,,,10,img5e40fbe64ae66.jpg;img5e40fd1e42559.jpg
610,Trend,Tree;End,,NA,1,,,12,img5e32982b35cb0.jpg;img5e4554ae1bca2.jpg
611,Spiderman,Spider;Man,,NA,0,,,14,img5e40ff49ade17.jpg;img5e4100994cf83.jpg
612,Soil,Sow;Oil,,NA,2,,,12,img5e4262b167640.jpg;img5e42645db95bf.jpg
613,Update,Up;Date,,NA,0,,,10,img5e3c03fe73c6d.jpg;img5e410535622c2.jpg
614,Shipwright,Ship;Write,,NA,2,,,14,img5e410734cf6b3.jpg;img5e4109283cdae.jpg
615,Radish,Red;Dish,,NA,0,,,8,img5e2be4ceeb4a7.jpg;img5e3ac82b8fd3c.jpg
616,Spice,Spy;Ice,,NA,1,,,12,img5e411a6ac3d6e.jpg;img5e411ccf2037d.jpg
617,Handrail,Hand;Rail,,NA,1,,,14,img5e38ff500b1a2.jpg;img5e3acfad3e1d2.jpg
618,Carving,Car;Wing,,NA,0,,,12,img5e4126d6a1d5a.jpg;img5e4128967effd.jpg
619,Engineer,Engine;Ear,,NA,2,,,12,img5e40fcf53d933.jpg;img5e40ff643e151.jpg
620,Petrol,Pet;Roll,,NA,0,,,10,img5e33b8d56e855.jpg;img5e551a3a5f6ae.jpg
621,Tango,Ten;Go,,NA,1,,,10,img5e4153741f401.jpg;img5e41595b21758.jpg
622,Milking,Mill;King,,NA,2,,,12,img5e415ca55c88c.jpg;img5e415ea65c85d.jpg
623,Saucepan,Sauce;Pan,,NA,0,,,10,img5e3ac06dba841.jpg;img5e32ca4dc4e59.jpg
624,Depart,Deep;Art,,NA,1,,,12,img5e4e806396981.jpg;img5e2c2a0ed4bb3.jpg
625,Bookcase,Book;Case,,NA,0,,,12,img5e4270f174abd.jpg;img5e4272eb8233d.jpg
626,Roadshow,Road;Show,,NA,2,,,14,img5e3baf031ff23.jpg;img5e3ad67927836.jpg
627,Portion,Port;Son,,NA,1,,,12,img5e416703c87e4.jpg;img5e416822da7e2.jpg
628,Peach,Pea;Itch,,NA,0,,,8,img5e44f335e44ff.jpg;img5e39359b033a5.jpg
629,Fieldwork,Field;Work,,NA,1,,,14,img5e3a66d92d636.jpg;img5e43cd3c8c784.jpg
630,Washroom,Wash;Room,,NA,2,,,14,img5e416dfe4ba25.jpg;img5e416f72415da.jpg
631,Drywall,Dry;Wall,,NA,0,,,12,img5e42440078498.jpg;img5e4246eb165cb.jpg
632,Reckless,Wreck;Less,,NA,1,,,12,img5e423b8d2854e.jpg;img5e42406b9e931.jpg
633,Cornflower,Corn;Flower,,NA,1,,,14,img5e3a806a00e8a.jpg;img5e40feccebbf6.jpg
634,Surfboard,Surf;Board,,NA,0,,,12,img5e4252916bcdc.jpg;img5e4253de24c2d.jpg
635,Paste,Pay;East,,NA,2,,,12,img5e41529d8e84f.jpg;img5e453f0858b05.jpg
636,Courtyard,Court;Yard,,NA,1,,,12,img5e3badadb821e.jpg;img5e426eeb330ac.jpg
637,Pinball,Pin;Ball,,NA,0,,,14,img5e416342bb315.jpg;img5e390a6d25fdb.jpg
638,Spearmint,Spear;Mint,,NA,1,,,12,img5e4275afb7df9.jpg;img5e42778d30743.jpg
639,Rushhour,Rush;Hour,,NA,1,,,12,img5e43892c985b9.jpg;img5e438b090905f.jpg
640,Blowtorch,Blow;Torch,,NA,0,,,12,img5eb569830f8da.jpg;img5e3cf1d91ef71.jpg
641,Tapeworm,Tap;Worm,,NA,2,,,14,img5e4285a2c6ff1.jpg;img5e42883855308.jpg
642,Drumstick,Drum;Stick,,NA,0,,,12,img5e428b69edee7.jpg;img5e428e8cc4c4d.jpg
643,Checklist,Check;List,,NA,1,,,12,img5e42ab94e46ad.jpg;img5eb56a9e01a75.jpg
644,Breakdance,Brake;Dance,,NA,1,,,14,img5e42946924622.jpg;img5e42956d2fd4a.jpg
645,Broadway,Broad;Way,,NA,0,,,10,img5e4b911e413a6.jpg;img5e2bda2227639.jpg
646,Wetsuit,Wet;Suit,,NA,2,,,12,img5e462dcbced8f.jpg;img5e4630f0269cb.jpg
647,Backspace,Back;Space,,NA,0,,,12,img5e429befd2a3a.jpg;img5e429e651e757.jpg
648,Deadsea,Dead;Sea,,NA,1,,,14,img5e3ba26784c57.jpg;img5e3950270483a.jpg
649,Cotton,Caught;Ton,,NA,2,,,10,img5e42b2f1309e8.jpg;img5e42b59a40ab5.jpg
650,Pizzahut,Pizza;Hut,,NA,0,,,12,img5e42a4fe7f844.jpg;img5e42a6686254b.jpg
651,Lightyear,Light;Year,,NA,1,,,12,img5e300b577b2e5.jpg;img5e5f3a1c0d883.jpg
652,Tiptoe,Tip;Toe,,NA,1,,,10,img5e3c0d327bebe.jpg;img5e423bbb00a29.jpg
653,Whitehouse,White;House,,NA,0,,,14,img5e394f5fb485d.jpg;img5e33d389a4373.jpg
654,Legend,Leg;End,,NA,2,,,12,img5e423cb264a24.jpg;img5e3d13f1ea1e2.jpg
655,Roman,Row;Man,,NA,1,,,8,img5e43a6b42e789.jpg;img5e3ad7abc200b.jpg
656,Hairpin,Hair;Pin,,NA,0,,,10,img5e429786521d0.jpg;img5e429a3e7b259.jpg
657,Coverage,Cover;Age,,NA,1,,,12,img5e2fdaaea819b.jpg;img5e37d0251425f.jpg
658,Gravestone,Grave;Stone,,NA,1,,,14,img5e4b7865d3fa0.jpg;img5e4b79f068fe1.jpg
659,Touchdown,Touch;Down,,NA,0,,,12,img5e3a9bc8c7706.jpg;img5e3b9f3b7ae91.jpg
660,Rice,Rye;Ice,,NA,2,,,10,img5e4251ca7ab41.jpg;img5e5f80631a196.jpg
661,Toyshop,Toy;Shop,,NA,0,,,10,img5e3d5da73f85c.jpg;img5e316caf94e49.jpg
662,Victory,Weak;Tree,,NA,1,,,12,img5eb56e0753bbe.jpg;img5e37ca77b020a.jpg
663,Molten,Mole;Ten,,NA,2,,,12,img5e40ed48b5af3.jpg;img5eb56f1ddc480.jpg
664,Redhead,Red;Head,,NA,0,,,10,img5e4266ae7e06c.jpg;img5e37a82680ef0.jpg
665,Holland,Hall;Land,,NA,1,,,12,img5e3d5fce9b188.jpg;img5e426a54b6b67.jpg
666,Ripple,Ripe;Pull,,NA,2,,,10,img5e5f92a46298f.jpg;img5e2ae6f5c1529.jpg
667,Bellyband,Belly;Band,,NA,0,,,12,img5e426e3d20d0c.jpg;img5e340ce3388cb.jpg
668,Swordplay,Sword;Play,,NA,2,,,14,img5e4a37bb6a51c.jpg;img5e4a3b0b0bc5a.jpg
669,Crossbar,Cross;Bar,,NA,0,,,10,img5e3c041557337.jpg;img5e2ffbeb785f6.jpg
670,Extreme,Axe;Trim,,NA,1,,,12,img5e37ec6eb8588.jpg;img5e42766999be6.jpg
671,Arrest,Air;Rest,,NA,1,,,10,img5e218fe191447.jpg;img5e4278faaba40.jpg
672,Sunbathe,Sun;Bath,,NA,0,,,12,img5e1330eea7ebb.jpg;img5e43894d9d651.jpg
673,Laundry,Lawn;Dry,,NA,2,,,10,img5e427d9bdee6d.jpg;img5e3956acf12a7.jpg
674,Crack,Cry;Ache,,NA,1,,,8,img5e3a69e48c2d4.jpg;img5e4113357bfcd.jpg
675,Blindfold,Blind;Fold,,NA,0,,,12,img5e3903b26c5da.jpg;img5e42843e04ead.jpg
676,Melon,Male;On,,NA,1,,,10,img5e4125ecc4b8d.jpg;img5e2aeb9510761.jpg
677,Background,Back;Ground,,NA,2,,,14,img5e4103b24bf17.jpg;img5e60fb2f802d8.jpg
678,Starship,Star;Sheep,,NA,0,,,12,img5e2a99cdd2514.jpg;img5e4299449318c.jpg
679,Cello,Cell;Low,,NA,1,,,8,img5e31237ec4251.jpg;img5e39089a80084.jpg
680,Fallout,Fall;Out,,NA,2,,,12,img5e2ea073344c7.jpg;img5e4398afb7eda.jpg
681,Chickpea,Cheek;Pea,,NA,0,,,10,img5e42a1ddb3e39.jpg;img5e42a45a5f8a4.jpg
682,Thunderstorm,Thunder;Storm,,NA,1,,,14,img5e3d4bc1c6a9c.jpg;img5e42a8e1192aa.jpg
683,Candor,Can;Door,,NA,1,,,10,img5e43839c85e23.jpg;img5e303eca41073.jpg
684,Swimsuit,Swim;Suit,,NA,0,,,12,img5e4279f502536.jpg;img5e4100994d1a6.jpg
685,Bagpipe,Bag;Pipe,,NA,1,,,12,img5e438aeae6185.jpg;img5e427564b97f3.jpg
686,Teamwork,Team;Work,,NA,1,,,12,img5e438ea6b2344.jpg;img5e42b838c8f50.jpg
687,Seafood,Sea;Food,,NA,0,,,14,img5e2bfd0411c8d.jpg;img5e3918c40f63e.jpg
688,Safehouse,Safe;House,,NA,2,,,12,img5e429cdb70117.jpg;img5e429fa85b2b2.jpg
689,Timeline,Time;Line,,NA,1,,,14,img5e32c8a1634d9.jpg;img5e3801c653dfe.jpg
690,Garage,Gear;Age,,NA,2,,,12,img5e466d3723107.jpg;img5e4671b6d3961.jpg
691,Headset,Head;Set,,NA,0,,,8,img5e2ec79ee9c39.jpg;img5e43a53b60aae.jpg
692,Crockery,Crow;Curry,,NA,1,,,12,img5e423da4581bc.jpg;img5e5f99e2d5c4c.jpg
693,Lace,Lay;Ace,,NA,1,,,8,img5e37c3a8ee904.jpg;img5e4117ecb82c6.jpg
694,Fisheye,Fish;Eye,,NA,0,,,12,img5e42586625ebc.jpg;img5e425d156e114.jpg
695,Carnation,Car;Nation,,NA,2,,,12,img5e3018ed73b05.jpg;img5e43be76efe0e.jpg
696,Mouthpiece,Mouth;Piece,,NA,1,,,14,img5e43c0fed6385.jpg;img5e43c25de2fc9.jpg
697,Flyover,Fly;Over,,NA,0,,,10,img5e390ff4aada6.jpg;img5e329d13b5d26.jpg
698,Liverpool,Liver;Pool,,NA,1,,,12,img5e43cff591b75.jpg;img5e4244f00b9b2.jpg
699,Penny,Pen;Knee,,NA,1,,,10,img5e396d0b51ee0.jpg;img5e33bf868665f.jpg
700,Password,Pass;Word,,NA,2,,,12,img5e3a80d9e2c76.jpg;img5e3a85d029fef.jpg
701,Daylight,Day;Light,,NA,0,,,12,img5e342b21bb29d.jpg;img5e4103b24c14d.jpg
702,Sweatshirt,Sweat;Shirt,,NA,1,,,14,img5e42b838c9122.jpg;img5e42b96e7395b.jpg
703,Videogame,Video;Game,,NA,1,,,14,img5e4e1479d6aa3.jpg;img5e4d0f63ad0e4.jpg
704,Firecracker,Fire;Cracker,,NA,0,,,16,img5e414744eefca.jpg;img5e43a6bfc11bd.jpg
705,Ballpark,Ball;Park,,NA,2,,,12,img5e3bb6763f308.jpg;img5e3c13b7b7697.jpg
706,Warlock,War;Lock,,NA,0,,,12,img5e42bb1bf1996.jpg;img5e395f6daced0.jpg
707,Soulmate,Soul;Mate,,NA,1,,,14,img5e4398cd50e16.jpg;img5e3171baad817.jpg
708,Joyride,Joy;Ride,,NA,0,,,12,img5e43929f56ba2.jpg;img5e43949a23ccd.jpg
709,Hangman,Hang;Man,,NA,1,,,14,img5e4390d2521cd.jpg;img5e429786520bb.jpg
710,Lifeguard,Life;Guard,,NA,1,,,16,img5e438a6fad761.jpg;img5e438d71acabb.jpg
711,Workbench,Work;Bench,,NA,0,,,14,img5e40fcdf1de21.jpg;img5e43c1086c214.jpg
712,Clickbait,Click;Bait,,NA,2,,,16,img5e43c3273a568.jpg;img5e43c89165608.jpg
713,Darknight,Dark;Night,,NA,0,,,12,img5e43cac2d7cbc.jpg;img5e43ab66c49ba.jpg
714,Hardware,Hard;Wear,,NA,2,,,12,img5e4e28721d796.jpg;img5e3aa14761518.jpg
715,Daisyduck,Daisy;Duck,,NA,0,,,12,img5e42494bcc7e5.jpg;img5e43d194273e4.jpg
716,Tapdance,Tap;Dance,,NA,1,,,14,img5e4285a2c6cca.jpg;img5e390eda32eb2.jpg
717,Fanfare,Fan;Fare,,NA,1,,,12,img5e3d3c6860b62.jpg;img5eb94ab4f00a7.jpg
718,Beehive,Bee;Hive,,NA,0,,,12,img5e440939b5ed5.jpg;img5e440da15f589.jpg
719,Pillow,Pill;Low,,NA,2,,,12,img5e440f9444c5c.jpg;img5e39089a80414.jpg
720,Burnout,Burn;Out,,NA,0,,,12,img5e44d8aca7453.jpg;img5e44dcd06d070.jpg
721,Eyelid,Eye;Lead,,NA,1,,,12,img5e429f592f763.jpg;img5e42a107886b5.jpg
722,Peasant,Peas;Ant,,NA,2,,,12,img5e439aae2c076.jpg;img5e4130f2af791.jpg
723,Scarred,Scar;Red,,NA,0,,,12,img5e416017a6f6e.jpg;img5e3c126a4f943.jpg
724,Hollywood,Holly;Wood,,NA,1,,,14,img5e4541fcdc1d9.jpg;img5e37ec6eb8588.jpg
725,Porkchop,Pork;Chop,,NA,0,,,12,img5e453fa5116be.jpg;img5e33b5e6f116e.jpg
726,Gumbo,Gum;Bow,,NA,2,,,10,img5e453b4b31fc1.jpg;img5e453cd9b6c3a.jpg
727,Turtleneck,Turtle;Neck,,NA,1,,,14,img5e4538b36856a.jpg;img5e37e4f1bdf59.jpg
728,Carwash,Car;Wash,,NA,0,,,12,img5e2bd04312ad3.jpg;img5e31361789158.jpg
729,Peppercorn,Pepper;Corn,,NA,1,,,14,img5e45082a0c9e4.jpg;img5e450c56e9c7c.jpg
730,Kidney,Kid;Knee,,NA,2,,,12,img5e3a62970bac0.jpg;img5e39526235023.jpg
731,Depend,Dip;End,,NA,0,,,10,img5e4523f8a2025.jpg;img5e3d13f1ea2af.jpg
732,Cropland,Crop;Land,,NA,1,,,12,img5e43f33b07021.jpg;img5e2fe6e2859fe.jpg
733,Lakeshore,Lake;Shore,,NA,1,,,12,img5e451919dced3.jpg;img5e43a98dedf35.jpg
734,Backstage,Back;Stage,,NA,0,,,12,img5e4d1dfb757c8.jpg;img5e380c7a83acb.jpg
735,Pushchair,Push;Chair,,NA,2,,,14,img5e3bb0ddcc970.jpg;img5e3bdd68bd099.jpg
736,Fireplace,Fire;Place,,NA,1,,,12,img5e43ce9738916.jpg;img5e453444ee1b1.jpg
737,Canal,Can;Null,,NA,0,,,10,img5e41594ef2b03.jpg;img5ebce4676b6bd.jpg
738,Sidewalk,Side;Walk,,NA,1,,,12,img5e4150efcf2df.jpg;img5e428a16cf7a5.jpg
739,Tenor,Ten;Oar,,NA,1,,,10,img5e2eddf99e80b.jpg;img5e3bc2bf73916.jpg
740,Drawing,Draw;Wing,,NA,0,,,12,img5e32caee689e8.jpg;img5e4128967f0ff.jpg
741,Skill,Ski;Eel,,NA,2,,,10,img5e3a8b6b3865f.jpg;img5e44f0c2e87bc.jpg
742,Icon,I;Cone,,NA,0,,,10,img5e44ec2ebad87.jpg;img5e32de47dbfa5.jpg
743,Thorn,Throw;On,,NA,1,,,10,img5e43bc4754d37.jpg;img5e3d6f6f1aa21.jpg
744,Couple,Cup;Pal,,NA,1,,,12,img5e3d51a11eaa5.jpg;img5e44e293b7e00.jpg
745,Painful,Pain;Full,,NA,0,,,12,img5e3bc5c37487f.jpg;img5e61df5a3ef63.jpg
746,Hyphen,High;Fen,,NA,2,,,12,img5e31637171b75.jpg;img5e43fa2d31b6e.jpg
747,Pad,Pay;Aid,,NA,0,,,8,img5e3a6da418c4d.jpg;img5e31618795275.jpg
748,Plenty,Plane;Tea,,NA,1,,,10,img5e32e33f57543.jpg;img5e42435a39fec.jpg
749,Defence,D;Fence,,NA,2,,,12,img5e43ee0a1f596.jpg;img5e43f0a6c9821.jpg
750,Pigtail,Pig;Tail,,NA,0,,,12,img5e4e69b004697.jpg;img5e4e6b699d30f.jpg
751,Goat,Go;Oat,,NA,1,,,10,img5e5f43dc1d623.jpg;img5e326d39d101f.jpg
752,Dryer,Dry;Year,,NA,1,,,10,img5e3a6d2b3998b.jpg;img5e41083ad4f6e.jpg
753,Airport,Air;Port,,NA,0,,,12,img5e5f4d9d7b410.jpg;img5e5f49c567cdb.jpg
754,Shoehorn,Shoe;Horn,,NA,2,,,12,img5e4d06e94e6c6.jpg;img5e3c080b41b93.jpg
755,Platform,Plate;Form,,NA,1,,,12,img5e2fd6f03a692.jpg;img5e4cff0cd1875.jpg
756,Audiotape,Audio;Tape,,NA,1,,,14,img5e3a51f52707d.jpg;img5e46872bba19d.jpg
757,Greenhouse,Green;House,,NA,0,,,14,img5e3cefa29c2de.jpg;img5e4e2a7cbc54f.jpg
758,Makeup,Make;Up,,NA,1,,,12,img5e3d12c5c8172.jpg;img5e3d386a5978d.jpg
759,Bucket,Buck;Kit,,NA,0,,,10,img5e688c7886c19.jpg;img5e688cce24776.jpg
760,Visit,Wish;Eat,,NA,2,,,10,img5e3c0ac9d46fe.jpg;img5e5f7250caebd.jpg
761,Hubcap,Hub;Cap,,NA,0,,,10,img5e4a552cee084.jpg;img5e3bd015cbc4c.jpg
762,Discard,Dish;Card,,NA,1,,,10,img5e40f39e643f8.jpg;img5e416bdd3427f.jpg
763,Napkin,Nap;Keen,,NA,2,,,12,img5e5fa440e5ee5.jpg;img5e42403ad5b41.jpg
764,Photograph,Photo;Graph,,NA,0,,,14,img5e4504989ff55.jpg;img5e46775450c69.jpg
765,Youngster,Young;Star,,NA,1,,,14,img5e4a273bc01c1.jpg;img5e4a2ba367807.jpg
766,Rainwater,Rain;Water,,NA,2,,,14,img5e3bf2228fca1.jpg;img5e2e8f9e2635d.jpg
767,Icefall,Ice;Fall,,NA,0,,,12,img5e2bec431714b.jpg;img5e3bf874e793b.jpg
768,Pitchfork,Pitch;Fork,,NA,2,,,14,img5e4682422e7ed.jpg;img5e608452c691b.jpg
769,Touchscreen,Touch;Screen,,NA,0,,,16,img5e3a9bc8c7514.jpg;img5e33c740acc72.jpg
770,Limelight,Lime;Light,,NA,1,,,14,img5e5d0492ac297.jpg;img5e6090b39d0bd.jpg
771,Horseback,Horse;Back,,NA,1,,,14,img5e3c0e7210989.jpg;img5e32982b35da8.jpg
772,Cranberry,Crane;Berry,,NA,0,,,12,img5e468f8503440.jpg;img5e32bf785ee32.jpg
773,Agriculture,Agree;Culture,,NA,2,,,16,img5e39645f8b5b1.jpg;img5e41490a233b3.jpg
774,Hurricane,Hurry;Cane,,NA,1,,,14,img5eb91e9d9a584.jpg;img5e37b1cce1f9c.jpg
775,Pillbox,Pill;Box,,NA,0,,,10,img5e3157252b233.jpg;img5e3d2be5aaf26.jpg
776,Crossword,Cross;Word,,NA,1,,,12,img5e3c041557539.jpg;img5e60a6e9d19ad.jpg
777,Timepiece,Time;Piece,,NA,2,,,14,img5e60a94940877.jpg;img5e4cd76d22477.jpg
778,Waistcoat,Waist;Coat,,NA,0,,,12,img5e4cd9974bb96.jpg;img5e4cdb5d6d0a5.jpg
779,Boardroom,Board;Room,,NA,1,,,14,img5e3d0fd50a1b2.jpg;img5e4cdf9ed8427.jpg
780,Lake,Lay;Ache,,NA,2,,,10,img5e3bbffa40165.jpg;img5e37e4f1be138.jpg
781,Hairbrush,Hair;Brush,,NA,0,,,12,img5e37c462828d4.jpg;img5e4ba97ab7cd3.jpg
782,Landline,Land;Line,,NA,1,,,12,img5e43a95bd746b.jpg;img5e4cf0a33ca60.jpg
783,Headband,Head;Band,,NA,1,,,12,img5e2ec79ee9a2b.jpg;img5e3929e29e967.jpg
784,Workout,Work;Out,,NA,0,,,12,img5e4398ab1771d.jpg;img5e38000c85774.jpg
785,Manhole,Man;Hole,,NA,1,,,12,img5e4146ac1f24d.jpg;img5e4147818547b.jpg
786,Godown,Go;Down,,NA,1,,,10,img5eb923cf6ec40.jpg;img5e56766537b71.jpg
787,Seatbelt,Seat;Belt,,NA,0,,,12,img5e60ca7ebd217.jpg;img5e4d016d1c2ee.jpg
788,Crowbar,Crow;Bar,,NA,2,,,12,img5e4a4fb24e275.jpg;img5e4a51fed470e.jpg
789,Wheat,V;Heat,,NA,1,,,10,img5e4a6875bd9bc.jpg;img5e3d3c6860d81.jpg
790,Minor,Mine;Oar,,NA,2,,,12,img5e43cd3c8c784.jpg;img5e40fbe64afac.jpg
791,Fishpond,Fish;Pond,,NA,0,,,12,img5e2bdfc431c15.jpg;img5e3cf8567eed0.jpg
792,Flippant,Flip;Pant,,NA,1,,,14,img5e54fbe9e8f2b.jpg;img5e54feed6ba0e.jpg
793,Earplug,Ear;Plug,,NA,1,,,12,img5e40f03858402.jpg;img5e4d1c23b9e23.jpg
794,Doormat,Door;Mat,,NA,0,,,10,img5e303de98dc42.jpg;img5e4e11fe5af44.jpg
795,Partnership,Partner;Ship,,NA,2,,,16,img5e45455de3d15.jpg;img5e4d261eee5cf.jpg
796,Yardstick,Yard;Stick,,NA,1,,,14,img5e4a1fa513649.jpg;img5e3903b26c495.jpg
797,Speedboat,Speed;Boat,,NA,0,,,12,img5e3174f30d137.jpg;img5e2ebb825063a.jpg
798,Beat,Bee;Eat,,NA,1,,,10,img5e467c50ba3bb.jpg;img5e3a806a04d76.jpg
799,Rosebush,Rose;Bush,,NA,1,,,12,img5e13324622a1f.jpg;img5e4a2a331919f.jpg
800,Priceless,Price;Lace,,NA,2,,,12,img5e4a30af20e69.jpg;img5e4a33e92e6e8.jpg
801,Online,On;Line,,NA,0,,,10,img5e4676c5cbbdd.jpg;img5e467a1e3c54a.jpg
802,Barbell,Bar;Bell,,NA,1,,,12,img5e37bf25ca32e.jpg;img5e2183f379ec0.jpg
803,Cupful,Cup;Full,,NA,1,,,10,img5e37e297e9c42.jpg;img5e465759b36ba.jpg
804,Jackknife,Jack;Knife,,NA,0,,,12,img5e468428dcc5c.jpg;img5e4685834b1ea.jpg
805,Cattleman,Cattle;Man,,NA,2,,,16,img5e43c85c11890.jpg;img5e411a6ac3a8e.jpg
806,Driveway,Drive;Way,,NA,0,,,12,img5e3bd89ebe1e9.jpg;img5e44f90d02063.jpg
807,Boardgame,Board;Game,,NA,1,,,14,img5e3bea4b97472.jpg;img5e3aa47a1d735.jpg
808,Watchband,Watch;Band,,NA,0,,,14,img5e4690cded2df.jpg;img5e4692a16e489.jpg
809,Brickwork,Brick;Work,,NA,1,,,14,img5e4693654a1eb.jpg;img5e46949d2c339.jpg
810,Crossbow,Cross;Bow,,NA,1,,,14,img5e3c1a8e0ad13.jpg;img5e1077158be41.jpg
811,Heartbreak,Heart;Break,,NA,0,,,14,img5e3ac82b9016a.jpg;img5e4698da7f942.jpg
812,Space,Spa;Ace,,NA,2,,,12,img5e4a16d37a245.jpg;img5e4a19137c5c8.jpg
813,Download,Down;Load,,NA,0,,,12,img5e411ec7ed0b3.jpg;img5e4a1c6915990.jpg
814,Total,Toe;Tall,,NA,2,,,12,img5e4a1dcef198b.jpg;img5e4a1f6037191.jpg
815,Snowfall,Snow;Fall,,NA,0,,,14,img5e43f0a6c4a0e.jpg;img5e4a24217346b.jpg
816,Dishcloth,Dish;Cloth,,NA,1,,,12,img5e2fd91e156d1.jpg;img5e3293344c6c8.jpg
817,Rainstorm,Rain;Storm,,NA,1,,,14,img5e4a2dfdf09a2.jpg;img5e4a31bb513b3.jpg
818,Eggshell,Egg;Shell,,NA,0,,,12,img5e4a33ccc34b9.jpg;img5e4a350b81e4b.jpg
819,Playsuit,Play;Suit,,NA,2,,,12,img5e3023b9aaa50.jpg;img5e4ce205b2b74.jpg
820,Goldmine,Gold;Mine,,NA,0,,,12,img5e4a3ea38f3a3.jpg;img5e3bfc047e319.jpg
821,Ketchup,Catch;Up,,NA,1,,,14,img5e40eef572577.jpg;img5e411cb6bf507.jpg
822,Cookware,Cook;Wear,,NA,2,,,14,img5e4a46efcf3bc.jpg;img5e4a530adb716.jpg
823,Fishbowl,Fish;Bowl,,NA,0,,,12,img5e4a56afd7273.jpg;img5e4a57e6cd2b3.jpg
824,Homeless,Home;Lace,,NA,1,,,14,img5e33d389a4275.jpg;img5e4a5a728eb59.jpg
825,Chainsaw,Chain;Saw,,NA,0,,,12,img5e4a5c27b4d4b.jpg;img5e4a5dc3c0afc.jpg
826,Soundtrack,Sound;Track,,NA,2,,,16,img5e4a8bfe59336.jpg;img5e4a8e05e5912.jpg
827,Wildfire,Wild;Fire,,NA,1,,,14,img5e4b911e41aa1.jpg;img5e4b92685ed59.jpg
828,Backache,Back;Ache,,NA,0,,,12,img5e4b735e23aa7.jpg;img5e4b7678685a4.jpg
829,Piston,Pea;Stone,,NA,1,,,12,img5e439aae2bf13.jpg;img5e2ffa7c6ebf2.jpg
830,Waterproof,Water;Proof,,NA,2,,,14,img5e462dcbca7e0.jpg;img5e5a54e77dda2.jpg
831,Coconut,Coco;Nut,,NA,0,,,12,img5e13291d917ca.jpg;img5e132e684df68.jpg
832,Storeroom,Store;Room,,NA,1,,,14,img5e43a22785c48.jpg;img5e4b860bb3871.jpg
833,Paperback,Paper;Back,,NA,1,,,14,img5e37ca77b020a.jpg;img5e3d5c7c6d975.jpg
834,Sunlight,Sun;Light,,NA,0,,,12,img5e4b89a149fcc.jpg;img5e4b8c6ae2972.jpg
835,Infantry,Infant;Tree,,NA,2,,,14,img5e3a9145129d8.jpg;img5e5651e01a983.jpg
836,Wallet,Wall;Late,,NA,1,,,12,img5e301c3165022.jpg;img5eb93d2d94ab8.jpg
837,Desktop,Desk;Top,,NA,0,,,12,img5e3badadb8014.jpg;img5e4ba19e11ccd.jpg
838,Weapon,Weep;On,,NA,1,,,12,img5e3014f6c7690.jpg;img5e4d0063c0efe.jpg
839,Handset,Hand;Set,,NA,1,,,12,img5e429f592c841.jpg;img5e4ba97ab7db0.jpg
840,Hotel,Hot;Tail,,NA,0,,,10,img5e2c385f212ac.jpg;img5e38fc54b6c1f.jpg
841,Daybreak,Day;Break,,NA,2,,,14,img5e3c14ad87032.jpg;img5e4b7e2bca6dd.jpg
842,Sandbox,Sand;Box,,NA,0,,,12,img5e43ab7ac56fb.jpg;img5e4bb725c0b50.jpg
843,Washboard,Wash;Board,,NA,1,,,14,img5e4b6cc39e795.jpg;img5e4b6f30bddf7.jpg
844,Seaport,Sea;Port,,NA,1,,,14,img5e42a2a3c1a21.jpg;img5e4bbe1f7a4c6.jpg
845,Airline,Air;Line,,NA,0,,,12,img5e3a68885a2a9.jpg;img5e4bc36c36935.jpg
846,Remote,Rim;Oat,,NA,2,,,12,img5e4cf5645453f.jpg;img5e4cf8cd0f01c.jpg
847,Postman,Post;Man,,NA,0,,,12,img5e4bc6ad73ef3.jpg;img5e3d552b26aed.jpg
848,Drought,Draw;Out,,NA,1,,,12,img5e4255bf52355.jpg;img5e38000c8597c.jpg
849,Body,Bow;D,,NA,2,,,10,img5e4bd0ad0ccc6.jpg;img5eb94dc887321.jpg
850,Beeswax,Bees;Wax,,NA,0,,,12,img5e3932833368e.jpg;img5e4d393650fde.jpg
851,Warship,War;Ship,,NA,1,,,12,img5e4a37bb6a33f.jpg;img5e410734cf411.jpg
852,Bottle,Boat;Tall,,NA,1,,,12,img5e4cba65198bc.jpg;img5e4cbd8576cb1.jpg
853,Footpath,Foot;Path,,NA,0,,,12,img5e3a6ecc0efd8.jpg;img5e4255bf520fe.jpg
854,Slapstick,Slap;Stick,,NA,2,,,14,img5e4cc3d22bec0.jpg;img5e4cc73fc394f.jpg
855,Antique,Ant;Tick,,NA,1,,,12,img5e327bf5b4c4e.jpg;img5e4239ac5961f.jpg
856,Jumpsuit,Jump;Suit,,NA,0,,,12,img5e4ccab92c69e.jpg;img5e4cccfb4447d.jpg
857,Juggle,Jug;Gull,,NA,1,,,10,img5e56395764f59.jpg;img5e563a3b770ac.jpg
858,Babysit,Baby;Seat,,NA,1,,,12,img5e37cdbe544f2.jpg;img5e4e2ec505f1b.jpg
859,Snowmobile,Snow;Mobile,,NA,0,,,14,img5e32d16fb1ef0.jpg;img5e4e8641c306f.jpg
860,Routine,Row;Teen,,NA,2,,,12,img5e4cdf9f55a30.jpg;img5e4b81432c086.jpg
861,Bookshop,Book;Shop,,NA,0,,,12,img5e300c364c784.jpg;img5e40feccebbf6.jpg
862,Forward,Four;Ward,,NA,1,,,12,img5e302c2c0c9e0.jpg;img5e4a3cc4088b9.jpg
863,Select,Seal;Act,,NA,2,,,10,img5e4a6c40efc00.jpg;img5e3d3745480ef.jpg
864,Netball,Net;Ball,,NA,0,,,12,img5e342199666af.jpg;img5e2edb98dea9c.jpg
865,Campfire,Camp;Fire,,NA,1,,,14,img5e4bb96f60739.jpg;img5e4bbb1601b1e.jpg
866,Downtown,Down;Town,,NA,2,,,12,img5e60d0b1e1df7.jpg;img5e33d523b44db.jpg
867,Saltlake,Salt;Lake,,NA,0,,,12,img5e3bb6763f188.jpg;img5e467010bd850.jpg
868,Bungalow,Bun;Glow,,NA,2,,,12,img5e4251ca7aeb7.jpg;img5e6106ddbb6a8.jpg
869,Bubblegum,Bubble;Gum,,NA,0,,,12,img5e60c715debfe.jpg;img5e60c8297c210.jpg
870,Junior,Zoo;Near,,NA,0,,,10,img5e4a5ea85c2cf.jpg;img5e4a812fcaf6f.jpg
871,Flight,Fly;Eat,,NA,1,,,10,img5e3c066047263.jpg;img5e427cac39b9c.jpg
872,Colorful,Color;Full,,NA,0,,,12,img5e3d51a11eb61.jpg;img5e465759b785e.jpg
873,Mission,Miss;Son,,NA,2,,,10,img5eb551c0c2bc0.jpg;img5e396e53081b3.jpg
874,Box,Bow;Ox,,NA,1,,,8,img5e1075e500dfd.jpg;img5e4a93a119044.jpg
875,Walkway,Walk;Way,,NA,0,,,12,img5e3012464320c.jpg;img5e303ff610afb.jpg
876,Dustpan,Dust;Pan,,NA,1,,,12,img5e4a31bb514fb.jpg;img5e392d74522f2.jpg
877,Sheepskin,Sheep;Skin,,NA,2,,,14,img5e42a4100461c.jpg;img5e454fb465104.jpg
878,Earphone,Ear;Phone,,NA,0,,,12,img5e31553d444ef.jpg;img5e3129bec5f7c.jpg
879,Nightcap,Night;Cap,,NA,1,,,12,img5e38fe7998fc4.jpg;img5e4382f5d57a4.jpg
880,Pillory,Pill;Lorry,,NA,2,,,12,img5e4a842e4108f.jpg;img5e4a862e6eecb.jpg
881,Highlight,High;Light,,NA,0,,,12,img5e33f1d94180e.jpg;img5e4103b24c091.jpg
882,Outdoor,Out;Door,,NA,1,,,12,img5e38000c858ee.jpg;img5e3a7b327e6df.jpg
883,Treaty,Treat;Tee,,NA,1,,,10,img5eba4f4337b6f.jpg;img5e55150ca33f1.jpg
884,Bathroom,Bath;Room,,NA,0,,,10,img5e4a90ce0d1e3.jpg;img5e61f73c60bdb.jpg
885,Before,Bee;Four,,NA,1,,,10,img5e3c2032cddac.jpg;img5e32c0f686ba7.jpg
886,Stonetower,Stone;tower,,NA,1,,,14,img5e423c5871161.jpg;img5e3805433b1cc.jpg
887,Fingerprint,Finger;Print,,NA,0,,,14,img5e4b6f8ed6cd7.jpg;img5e4b71fcccbd6.jpg
888,Craftwork,Craft;Work,,NA,2,,,14,img5e37ca77b02e7.jpg;img5e3d3fc25bc54.jpg
889,Iron,Eye;Run,,NA,1,,,10,img5e425d156e114.jpg;img5e37dc3ba64ce.jpg
890,Tailpipe,Tail;Pipe,,NA,2,,,12,img5e4b76c516491.jpg;img5e4b78f184255.jpg
891,Strawman,Straw;Man,,NA,0,,,12,img5e4b7b02140aa.jpg;img5e428aaea68f9.jpg
892,Hilton,Hill;Ton,,NA,1,,,12,img5e4244f23b970.jpg;img5eb56c5ed7539.jpg
893,Palace,Pay;Lace,,NA,1,,,10,img5e32e9cc3254e.jpg;img5e37e6c82542f.jpg
894,Kingdom,King;Dome,,NA,0,,,10,img5e415ea65c977.jpg;img5e564ef6b4ffc.jpg
895,Woodland,Wood;Land,,NA,2,,,12,img5e4a5dc3c0980.jpg;img5e3a6ecc0ee6f.jpg
896,Seacoast,Sea;Cost,,NA,1,,,12,img5e13144ba5fc6.jpg;img5e4b87192def5.jpg
897,Grapevine,Grape;Wine,,NA,0,,,14,img5e4b88172f12e.jpg;img5e4291dad2b8d.jpg
898,Hairstyle,Hair;Style,,NA,1,,,14,img5e68d7e3f232c.jpg;img5e42971861062.jpg
899,Footstool,Foot;Stool,,NA,1,,,14,img5e2ab0d2bf5cc.jpg;img5e4b8db2b0527.jpg
900,Rail,Ray;Ill,,NA,2,,,10,img5e62077c5f552.jpg;img5e33fb06c75de.jpg
901,Candidate,Candy;Date,,NA,0,,,12,img5e316ee3214f5.jpg;img5e3a5a2bd7c41.jpg
902,Downpour,Down;Pour,,NA,1,,,12,img5e39089a80738.jpg;img5e37ea05844f4.jpg
903,Pistol,Piece;Tall,,NA,1,,,10,img5e3a7eaa3dfd2.jpg;img5e4cc04c9031d.jpg
904,Handbook,Hand;Book,,NA,0,,,12,img5e2bf365ed611.jpg;img5e300c364ca04.jpg
905,Vision,V;Sun,,NA,2,,,10,img5e4bbef0318d6.jpg;img5e300df96ca3a.jpg
906,Airbag,Air;Bag,,NA,0,,,10,img5e3d4e32b5276.jpg;img5e438aeae607d.jpg
907,Hallway,Hall;Way,,NA,1,,,12,img5e4bc57bb7029.jpg;img5e4bc694b7f0c.jpg
908,Birdbath,Bird;Bath,,NA,0,,,12,img5e3a88f4053a7.jpg;img5e61f3e646367.jpg
909,Bellboy,Bell;Boy,,NA,1,,,12,img5e4bcb55bef4d.jpg;img5e428e8cc4912.jpg
910,Gumball,Gum;Ball,,NA,1,,,12,img5e4bcea1b631e.jpg;img5e40faf84418f.jpg
911,Fireside,Fire;Side,,NA,0,,,12,img5e390cdd374af.jpg;img5e3c169570b3c.jpg
912,Chariot,Cherry;Oat,,NA,2,,,12,img5eb9530c7510d.jpg;img5e326d39d101f.jpg
913,Headline,Head;Line,,NA,0,,,12,img5e37a726c06b6.jpg;img5e43a22785d29.jpg
914,Olive,Oil;Live,,NA,2,,,10,img5e4bdca8de8eb.jpg;img5eafdd3597bfc.jpg
915,Matchbox,Match;Box,,NA,0,,,12,img5e4d0f16db366.jpg;img5e60daf78c029.jpg
916,Seaweed,Sea;Weed,,NA,1,,,12,img5e33c5a4a599e.jpg;img5e4cc781d51fd.jpg
917,Cornrow,Corn;Row,,NA,1,,,12,img5e3a806a04d76.jpg;img5e3a88f4052c2.jpg
918,Dartboard,Dart;Board,,NA,0,,,12,img5e4cca1032a72.jpg;img5e4ccbd0f3f42.jpg
919,Layer,Lay;Year,,NA,2,,,10,img5e4cce2b35aba.jpg;img5e5f3d19e0a5f.jpg
920,Gastric,Gas;Trick,,NA,0,,,10,img5e4e4d0724912.jpg;img5e4e5008aaa1a.jpg
921,Finland,Fin;Land,,NA,1,,,12,img5e4293ecdc7a6.jpg;img5e42950fec6f0.jpg
922,Warfare,War;Fare,,NA,2,,,12,img5e4d2b800f7fa.jpg;img5e3a8d650d6b8.jpg
923,Eyelash,Eye;Lace,,NA,0,,,10,img5e2fe41408eb8.jpg;img5e4a33e92e7c4.jpg
924,Caterpillar,Cater;Pillar,,NA,1,,,14,img5e565574c53e1.jpg;img5e688a000918b.jpg
925,Spotlight,Spot;Light,,NA,0,,,12,img5e300b577b060.jpg;img5e3409fd1c419.jpg
926,Joystick,Joy;Stick,,NA,2,,,12,img5e43f3626a378.jpg;img5e428e8cc4912.jpg
927,Showroom,Show;Room,,NA,1,,,10,img5e4e202a956b9.jpg;img5e391503b6cb1.jpg
928,Fairytale,Fairy;Tail,,NA,0,,,12,img5e4128967f0ff.jpg;img5e425ae4dbac3.jpg
929,Heartache,Heart;Ache,,NA,1,,,14,img5e33c3f8b0f67.jpg;img5e37deb0d6a55.jpg
930,Offer,Off;Fur,,NA,2,,,12,img5e411d658c670.jpg;img5e4e850a87de4.jpg
931,Houseboat,House;Boat,,NA,0,,,12,img5e2fff069871e.jpg;img5e41415d6a06a.jpg
932,Signpost,Sign;Post,,NA,1,,,12,img5e624a85cd5a4.jpg;img5e4cd5bd4d481.jpg
933,Workforce,Work;Force,,NA,1,,,12,img5e4398ab12427.jpg;img5e4e43c5498d2.jpg
934,Downfall,Down;Fall,,NA,0,,,12,img5e4bc9728ebf5.jpg;img5e40f8579290c.jpg
935,Enough,In;Off,,NA,2,,,12,img5e3a8d650d7b4.jpg;img5eba3affe9617.jpg
936,Driftwood,Drift;Wood,,NA,1,,,14,img5e4e48e6db77d.jpg;img5e391503b6eb9.jpg
937,Sunshine,Sun;Shine,,NA,0,,,12,img5e4d2a2ec055e.jpg;img5e4cd1eab3176.jpg
938,Handcraft,Hand;Craft,,NA,1,,,14,img5e3027ccb614b.jpg;img5e4140ae27ec2.jpg
939,Throat,Throw;Oat,,NA,1,,,10,img5e38081c4ba79.jpg;img5e4e581811711.jpg
940,Bullfrog,Bull;Frog,,NA,1,,,12,img5e3aab7566b11.jpg;img5e3aaf16107ff.jpg
941,Comfortable,Comfort;Table,,NA,2,,,14,img5eba3c8c9633d.jpg;img5e3c128b595d6.jpg
942,Cottage,Coat;Age,,NA,0,,,10,img5e3d768ca9dde.jpg;img5e538027a2a08.jpg
943,Staple,Step;Pal,,NA,1,,,12,img5e4e6613b6c6a.jpg;img5e44e293b7e00.jpg
944,Crabby,Crab;Bee,,NA,1,,,10,img5e633405b0143.jpg;img5e40f70680be4.jpg
945,Backward,Back;ward,,NA,0,,,12,img5e429befd28b7.jpg;img5eba425931252.jpg
946,Record,Wreck;Cord,,NA,2,,,12,img5e633672aeed0.jpg;img5e2be1d6c5228.jpg
947,Servant,Serve;Ant,,NA,0,,,10,img5e565574c527d.jpg;img5e4519c5c691d.jpg
948,Oxide,Ox;Side,,NA,1,,,10,img5e4e74c7723d2.jpg;img5e4150efcf189.jpg
949,Trade,Tray;Aid,,NA,2,,,10,img5e6342e2c5dac.jpg;img5e31618795275.jpg
950,Sticky,Stick;Key,,NA,0,,,10,img5e4e77ffcb195.jpg;img5e3026071ef42.jpg
951,Slingshot,Sling;shot,,NA,1,,,12,img5eba458ae1a4a.jpg;img5e6349ef4a98b.jpg
952,Sorrow,Sour;Row,,NA,1,,,10,img5eba47a7d59c4.jpg;img5e42686bd0082.jpg
953,Package,Pack;Cage,,NA,0,,,12,img5e3293344c571.jpg;img5e4f615226ee5.jpg
954,Rescue,Race;Queue,,NA,2,,,12,img5e4e1c287ff6d.jpg;img5e3ba480ed377.jpg
955,Maintain,Man;Ten,,NA,1,,,12,img5e4100994d052.jpg;img5e2eddf99ea22.jpg
956,Cloudgate,Cloud;Gate,,NA,0,,,12,img5e4e77500c144.jpg;img5e4e7966615cc.jpg
957,Market,Mark;Cat,,NA,1,,,12,img5e4e7b6928a33.jpg;img5e3961aeac651.jpg
958,Polarize,Polar;Rise,,NA,1,,,12,img5e4e7d782d01f.jpg;img5e2c3550517b1.jpg
959,Polite,Pole;Light,,NA,0,,,10,img5e4e80d32f2a5.jpg;img5e4d2a2ec08f6.jpg
960,Lampshade,Lamp;Shade,,NA,2,,,14,img5e6090b39d023.jpg;img5eb54ba5eb784.jpg
961,Portray,Port;Ray,,NA,0,,,12,img5e416703c89f5.jpg;img5e3002e21c6e2.jpg
962,Castle,Cash;Sell,,NA,1,,,12,img5e3d013495067.jpg;img5e57ac078d361.jpg
963,Warsaw,War;Saw,,NA,2,,,14,img5e3acab78286e.jpg;img5e43d034b5ede.jpg
964,Cookbook,Cook;Book,,NA,0,,,12,img5e414744eeb30.jpg;img5e4cda6f81eff.jpg
965,Neural,New;Roll,,NA,1,,,12,img5e3432b8d6b48.jpg;img5e4e89024a63e.jpg
966,Lowboy,Low;Boy,,NA,2,,,14,img5e4d038a01c46.jpg;img5e3a578f36cb4.jpg
967,Asset,Ace;Set,,NA,0,,,10,img5e414b0d15096.jpg;img5eb9263fdb98d.jpg
968,Claim,Clay;Aim,,NA,2,,,12,img5e4d0d33b8bae.jpg;img5e4d0f63acff8.jpg
969,Selfish,Shell;Fish,,NA,0,,,12,img5e57c162644f7.jpg;img5e57c231e3238.jpg
970,Stockade,Stock;Aid,,NA,1,,,14,img5e414e74047f1.jpg;img5e3161879518c.jpg
971,Chieftain,Chief;Tan,,NA,1,,,14,img5e4d1cc5b8bfe.jpg;img5e4d1dfb7599e.jpg
972,Teach,Tee;Itch,,NA,0,,,10,img5e4d2018e3441.jpg;img5eba57c65e800.jpg
973,Bovine,Bow;Vine,,NA,2,,,12,img5e3bffc244c1a.jpg;img5e4513c04d750.jpg
974,Hangnail,Hang;Nail,,NA,1,,,14,img5e5500ee5e129.jpg;img5e550392f2b82.jpg
975,Context,Cone;Text,,NA,0,,,12,img5e4d2bf594580.jpg;img5e3ba80ebb810.jpg
976,Clever,Clay;War,,NA,1,,,10,img5e4d0d33b8bae.jpg;img5e4d2b800f673.jpg
977,Pain,Pay;In,,NA,2,,,12,img5e4d2f798bb23.jpg;img5e4512a7a61e2.jpg
978,Microbe,Mic;Robe,,NA,0,,,12,img5e3c057f2fdf8.jpg;img5e4d3354f187d.jpg
979,Framework,Frame;Work,,NA,1,,,14,img5e43941544840.jpg;img5e3baf031ff23.jpg
980,Base,Bay;Ace,,NA,2,,,12,img5e3d145eeb626.jpg;img5e3005fe4927f.jpg
981,Salesman,Sales;Man,,NA,0,,,10,img5e37e224db79e.jpg;img5e33ee184223a.jpg
982,Funny,Fun;Knee,,NA,1,,,12,img5e4e176d776f9.jpg;img5e54fa3c4f947.jpg
983,Hacksaw,Hack;Saw,,NA,1,,,14,img5e4e1ef054950.jpg;img5e43f6e444390.jpg
984,Thunderbird,Thunder;Bird,,NA,0,,,14,img5e4e2342d3a73.jpg;img5e390c2e99c52.jpg
985,Friend,Fry;End,,NA,1,,,10,img5e411a0d001d2.jpg;img5e3d13f1ea1e2.jpg
986,Lunchbox,Lunch;Box,,NA,1,,,14,img5e4cd3e102692.jpg;img5e4cd5bd4d5a1.jpg
987,Disorder,Dish;Order,,NA,0,,,12,img5e4e3121b5fd4.jpg;img5e3171ecdb91c.jpg
988,Victim,Weak;Team,,NA,2,,,14,img5e4e352b391b5.jpg;img5e454d47aca61.jpg
989,Value,Well;You,,NA,1,,,10,img5e4e39fcd3210.jpg;img5eba63e6e9724.jpg
990,Understand,Under;Stand,,NA,2,,,10,img5e4e3c7297b31.jpg;img5e4e470f28ebb.jpg
991,Belong,Bee;Long,,NA,0,,,12,img5e4e49296d065.jpg;img5e4e4b4cea319.jpg
992,Meatloaf,Meat;Loaf,,NA,1,,,14,img5e4e4e08e9db1.jpg;img5e4e4ff44911c.jpg
993,Western,Waste;Turn,,NA,1,,,14,img5e4e51d2890d0.jpg;img5e4e546ca4d10.jpg
994,Blackout,Black;Out,,NA,0,,,12,img5e4e57da8e798.jpg;img5e4e5a6d95e44.jpg
995,Mistrust,Mist;Rust,,NA,2,,,14,img5e4e5dbbe07a0.jpg;img5e4e5f549ae6e.jpg
996,Seven,Save;Van,,NA,1,,,12,img5e4e618bb052d.jpg;img5e4e6843263ce.jpg
997,Laser,Lace;Ear,,NA,0,,,10,img5e5f3b047dc23.jpg;img5e2eb91b67b97.jpg
998,Rate,Ray;Eat,,NA,1,,,12,img5e4e6db84313f.jpg;img5e302351816fa.jpg
999,Backyard,Back;Yard,,NA,1,,,14,img5e4e710949973.jpg;img5e4e7306c11da.jpg
1000,Locket,Lock;Cat,,NA,2,,,12,img5e395f6daccfd.jpg;img5e3965b599e2f.jpg
1001,Spaceship,Space;Ship,,NA,0,,,12,img5e438ee44f75f.jpg;img5e4392029fe34.jpg
1002,Potluck,Pot;Luck,,NA,1,,,12,img5e12d937ec1fa.jpg;img5e635ae33e7e7.jpg
1003,Lawsuit,Law;Suit,,NA,1,,,12,img5e635d8091ef6.jpg;img5e4630f0267ab.jpg
1004,Pastry,Paste;Tree,,NA,0,,,10,img5e54e77943e00.jpg;img5e315ca3a2935.jpg
1005,Pilot,Pie;Lot,,NA,2,,,10,img5e636274a3eef.jpg;img5e6367c8c98a0.jpg
1006,Comment,Come;Mint,,NA,0,,,10,img5e54ec5dd7cd2.jpg;img5e42778d30743.jpg
1007,Moonbeam,Moon;Beam,,NA,1,,,14,img5e2ebca38d68a.jpg;img5e54ef88a31c9.jpg
1008,Cornball,Corn;Ball,,NA,0,,,12,img5e3a71968240d.jpg;img5e2c2ffe882ce.jpg
1009,Important,Import;Ant,,NA,1,,,12,img5ebf656a48f5c.jpg;img5e4519c5c6bf8.jpg
1010,Pinstripe,Pin;Stripe,,NA,1,,,14,img5e3c07c1b7d15.jpg;img5e638540e525f.jpg
1011,Watchman,Watch;Man,,NA,0,,,10,img5e43d287bd7fd.jpg;img5e300b17e7bcd.jpg
1012,Granite,Gray;Night,,NA,2,,,12,img60409ffc4b6ed.jpg;img60409ffc4b51c.jpg
1013,Airbrush,Air;Brush,,NA,0,,,12,img5e31584299bed.jpg;img5e638b67e06e9.jpg
1014,Impair,Imp;Pair,,NA,2,,,12,img5e55060ce99a0.jpg;img5e55081474541.jpg
1015,Behalf,Bee;Half,,NA,0,,,10,img5e550a6aa3c21.jpg;img5e550b6179b31.jpg
1016,Blue,Bee;Loo,,NA,2,,,10,img5e550d87926a2.jpg;img5e638ee52526d.jpg
1017,Gangway,Gang;Way,,NA,1,,,12,img5e4a8e36641b3.jpg;img5e4255bf520fe.jpg
1018,Guidance,Guy;Dance,,NA,0,,,12,img5e639155aa221.jpg;img5e43f3626a4f2.jpg
1019,Ice,Eye;Sea,,NA,2,,,10,img5e3cefa29bfb3.jpg;img5e314fcaa077f.jpg
1020,Closeup,Close;Up,,NA,0,,,12,img5e41337f67206.jpg;img5e41361512332.jpg
1021,Handsome,Hand;Sum,,NA,1,,,14,img5e3968e14f19f.jpg;img5e3c126a4f7ac.jpg
1022,Lion,Lie;On,,NA,2,,,8,img5e43a9ac1aa5e.jpg;img5e2aeb9510761.jpg
1023,Enterprise,Enter;Prize,,NA,0,,,14,img5e317dfcee57e.jpg;img5e639eff2fa77.jpg
1024,Icicle,Ice;Sickle,,NA,1,,,10,img5e6873e6e4b6b.jpg;img5e563e6181205.jpg
1025,Welcome,Well;Come,,NA,0,,,12,img5e3bb9b0eb7f7.jpg;img5ebbfda5ade21.jpg
1026,Champagne,Sham;Pain,,NA,2,,,14,img5e58a51a32e8c.jpg;img5e37e4f1be138.jpg
1027,Submarine,Sub;Marine,,NA,1,,,14,img5e56434c31bee.jpg;img5e4d1cc5b8af7.jpg
1028,Teenage,Tin;Age,,NA,0,,,10,img5e687e812fa73.jpg;img5e410bb8e9dde.jpg
1029,Frostbite,Frost;Bite,,NA,1,,,12,img5e5648381423f.jpg;img5e5648d80bb0f.jpg
1030,Token,Toe;Can,,NA,2,,,10,img5e4120ada6607.jpg;img5e32d579c0295.jpg
1031,Admit,Aid;Meat,,NA,0,,,10,img5e37da7361323.jpg;img5e453fa5116be.jpg
1032,Streetlight,Street;Light,,NA,1,,,14,img5e42a62ab36e2.jpg;img5e3809351c8ce.jpg
1033,Veto,Wet;Toe,,NA,1,,,10,img5e3bc2783f0b0.jpg;img5e423bbb00a29.jpg
1034,Boyfriend,Boy;Friend,,NA,0,,,10,img5e391a70974f9.jpg;img5e4b81432c086.jpg
1035,Ivy,Eye;V,,NA,2,,,8,img5e3baaeed8eb1.jpg;img5e4a6875c7033.jpg
1036,Landslide,Land;Slide,,NA,1,,,14,img5e40e5c96ac7e.jpg;img5e396c8f31f79.jpg
1037,Teacup,Tea;Cup,,NA,0,,,10,img5e46627cefcb5.jpg;img5e466653c53eb.jpg
1038,Snowfield,Snow;Field,,NA,1,,,14,img603f5e95d8822.jpg;img603f5e95d8663.jpg
1039,Hoplite,Hop;Light,,NA,1,,,10,img5e565df43ade1.jpg;img5e468c0fe0458.jpg
1040,Leadership,Leader;Ship,,NA,0,,,10,img5e37eb0d0fb26.jpg;img5e416703c859a.jpg
1041,Surprise,Sir;Prize,,NA,2,,,12,img5e589e5f1abd1.jpg;img5e58a2eb1a3ed.jpg
1042,Vineyard,Vine;Yard,,NA,0,,,12,img5e68944118974.jpg;img5e4a1fa513649.jpg
1043,Retrograde,Retro;Grade,,NA,1,,,14,img5e566304e706c.jpg;img5e45455de3b1f.jpg
1044,Shoplift,Shop;Lift,,NA,1,,,12,img5e5665e1b45ce.jpg;img5e566810c2228.jpg
1045,Farewell,Fair;Well,,NA,0,,,12,img5e578a4863b11.jpg;img5e578cfb592db.jpg
1046,Oman,O;Man,,NA,2,,,10,img5e578f45eb1a4.jpg;img5e3d552b26aed.jpg
1047,Bullhorn,Bull;Horn,,NA,0,,,12,img5e57924e8789b.jpg;img5e57954859586.jpg
1048,Inhale,In;Hail,,NA,1,,,10,img5e5798314a47f.jpg;img5e57bbfdcab20.jpg
1049,Outskirt,Out;Skirt,,NA,2,,,14,img5e43a29b42caa.jpg;img5e43a3a1cc0a8.jpg
1050,Overcoat,Over;Coat,,NA,0,,,12,img5e579f4dce4e1.jpg;img5e57a0d283444.jpg
1051,Behind,Bee;Hind,,NA,1,,,12,img5e3151e072f51.jpg;img5e54e68f4dbca.jpg
1052,Corndog,Corn;Dog,,NA,1,,,14,img5e3a806a00f93.jpg;img5e3cf5d68501d.jpg
1053,Submit,Sub;Meat,,NA,0,,,10,img5e54ed927b92a.jpg;img5e578dfecdf6b.jpg
1054,Bulwark,Bull;Work,,NA,2,,,14,img5e54f2b34a61e.jpg;img5e3bfc047e319.jpg
1055,Costume,Cost;Yum,,NA,1,,,12,img5e54f6abab355.jpg;img5e3146dcdd39a.jpg
1056,Disney,Dish;Knee,,NA,0,,,10,img5e54f8c254f9f.jpg;img5e39526235023.jpg
1057,Fearless,Fear;Lace,,NA,1,,,12,img5e4d1576462ea.jpg;img5e60dcf13dd13.jpg
1058,Stingray,Sting;Ray,,NA,1,,,14,img5e4d28d03cff8.jpg;img5e4d2a2ec08f6.jpg
1059,Battery,Bat;Tree,,NA,0,,,12,img5e5505bdc9b76.jpg;img5e550747eaefc.jpg
1060,Rifle,Rye;Full,,NA,2,,,12,img5e55099460cd6.jpg;img5e550d86084c1.jpg
1061,Lucky,Luck;Key,,NA,0,,,12,img5e5510b496d2a.jpg;img5e4e3c729763f.jpg
1062,Fulcrum,Full;Crumb,,NA,1,,,14,img5e55131e7542f.jpg;img5e551502b049d.jpg
1063,Barren,Bear;Wren,,NA,2,,,12,img5e551653dfd5a.jpg;img5e55180e57de9.jpg
1064,Secret,Sick;Rate,,NA,0,,,12,img5e33fb06c771b.jpg;img5e2ae7eb1e231.jpg
1065,Forbid,Four;Bead,,NA,1,,,12,img5e55f8e043117.jpg;img5e55faac98b53.jpg
1066,Gluten,Glue;Tin,,NA,2,,,14,img5e4bcea1b60cc.jpg;img5e5647e15754c.jpg
1067,Bluetooth,Blue;Tooth,,NA,0,,,12,img5e564a765d34d.jpg;img5e564ea31eabf.jpg
1068,Boatyard,Boat;Yard,,NA,2,,,14,img5e4b8da6e63d8.jpg;img5e4b8fede3496.jpg
1069,Metal,May;Tall,,NA,0,,,10,img5ecd0433e985b.jpg;img5e56596315bd9.jpg
1070,Grain,Gray;In,,NA,1,,,10,img5e637c530e796.jpg;img5ebf90bea3080.jpg
1071,Hydrant,Hydra;Ant,,NA,1,,,14,img5e56615c6fee7.jpg;img5e4519c5c6a0a.jpg
1072,Logo,Law;Go,,NA,0,,,12,img5e5664c3a6e8c.jpg;img5e2bd3cca3f87.jpg
1073,Porridge,Pour;Ridge,,NA,2,,,14,img5e5668acb5157.jpg;img5e566b4b4d7ee.jpg
1074,Gumshoe,Gum;Shoe,,NA,1,,,14,img5e33b64b903f5.jpg;img5e2ae4dc3bf84.jpg
1075,Watergun,Water;Gun,,NA,0,,,12,img5e37ceffba4a9.jpg;img5e5670794c5a7.jpg
1076,Fatally,Fat;Alley,,NA,1,,,14,img5e426e3d20bcf.jpg;img5e567241de938.jpg
1077,Human,Hue;Man,,NA,2,,,12,img5e4384e1f2341.jpg;img5e37b1cce1f9c.jpg
1078,Sundown,Sun;Down,,NA,0,,,12,img5e37dfd662e2e.jpg;img5e56766537e0d.jpg
1079,Blowhole,Blow;Hole,,NA,1,,,12,img5e56777dc5232.jpg;img5e579c18e445a.jpg
1080,Centaur,Scent;Tar,,NA,2,,,14,img5e37e4f1bdf59.jpg;img5ebfaaa4e8e87.jpg
1081,Phonebook,Phone;Book,,NA,0,,,14,img5e57b2b4cb849.jpg;img5e395b77b089d.jpg
1082,Dramatic,Drum;Attic,,NA,1,,,14,img5e57b5271ccfb.jpg;img5e57b68f90dab.jpg
1083,Shipment,Ship;Mint,,NA,1,,,12,img5e410734cf4f5.jpg;img5e57b93c4ee08.jpg
1084,Greenbelt,Green;Belt,,NA,0,,,12,img5e57ba1e2b8f0.jpg;img5e57bcaa2e68d.jpg
1085,Legendary,Legend;Dairy,,NA,1,,,14,img5e58f9a2a4044.jpg;img5e58fd5657cc7.jpg
1086,Crewcut,Crew;Cut,,NA,1,,,12,img5e57be1d8756e.jpg;img5e57bede694fb.jpg
1087,Darkhorse,Dark;House,,NA,0,,,14,img5e38fe7998fc4.jpg;img5e396d0b520aa.jpg
1088,Student,Stew;Dent,,NA,2,,,12,img5e58cb8a54bc4.jpg;img5ebfaf8107717.jpg
1089,Nitpick,Knit;Pick,,NA,1,,,12,img5e58cf447fb9d.jpg;img5e3ac095d7e46.jpg
1090,Fertile,Fur;Tile,,NA,2,,,10,img5e3d768ca9e86.jpg;img5e58d24990f61.jpg
1091,Cowbell,Cow;Bell,,NA,0,,,10,img5e68a55433e35.jpg;img5e68a6d345a30.jpg
1092,Pilfer,Pill;Fur,,NA,1,,,10,img5e61ea34962bf.jpg;img5e58d70e47571.jpg
1093,Barrage,Bar;Rage,,NA,1,,,12,img5e37b6627b358.jpg;img5e58d9a4cf7ef.jpg
1094,Flashback,Flash;Back,,NA,0,,,14,img5e58db8eee67c.jpg;img5e2c3c4fdcc09.jpg
1095,Duckling,Duck;King,,NA,2,,,12,img5e58de7945ea5.jpg;img5e31529a1d789.jpg
1096,Terrain,Tear;Rein,,NA,0,,,12,img5e58e14647282.jpg;img5e58e3a1e1b3a.jpg
1097,Makeover,Make;Over,,NA,0,,,12,img5e58e6235eeee.jpg;img5e58eb2bd35a6.jpg
1098,Rampant,Ram;Pant,,NA,1,,,12,img5e4d205e2d2b1.jpg;img5e58f00b0e49b.jpg
1099,Horseradish,Horse;Radish,,NA,1,,,16,img5e2bfed4008ed.jpg;img5e58f1cf92675.jpg
1100,Peaceful,Peace;Full,,NA,2,,,12,img603f5c7414eec.jpg;img603f5c74173bd.jpg
1101,Busstop,Bus;Stop,,NA,0,,,10,img5e33d13e7ecd1.jpg;img5e3bb164ebe6a.jpg
1102,Nailart,Nail;Art,,NA,1,,,10,img5e4a451a02921.jpg;img5e3a54ad81482.jpg
1103,Platemail,Plate;Mail,,NA,1,,,12,img5e59115dad419.jpg;img5e3d798b62ba2.jpg
1104,Lifeline,Life;Line,,NA,0,,,12,img5e411495a9c6c.jpg;img5e3ba4d55a788.jpg
1105,Ransack,Run;Sack,,NA,2,,,12,img5e37dc3ba64ce.jpg;img5e59ee647efb7.jpg
1106,Doorknob,Door;Knob,,NA,0,,,12,img5e215590b74cb.jpg;img5e59f14797dc7.jpg
1107,Pauper,Paw;Purr,,NA,1,,,10,img5e423c5871161.jpg;img5e39048792f3a.jpg
1108,Bookend,Book;End,,NA,0,,,10,img5e300c364c784.jpg;img5e342b21bb3a6.jpg
1109,Workplace,Work;Place,,NA,1,,,12,img5e3148c8080e2.jpg;img5e5cfc00494b5.jpg
1110,Complain,Comb;Plane,,NA,1,,,12,img5e59fb41edb81.jpg;img5e32e33f57171.jpg
1111,Outfit,Out;Fit,,NA,0,,,10,img5e3919b1c554f.jpg;img5e59fefbcd146.jpg
1112,Brainchild,Brain;Child,,NA,2,,,14,img5e5a00ae52c16.jpg;img5e2ffd13e5b9e.jpg
1113,Airfare,Air;Far,,NA,0,,,10,img5e31584299ddd.jpg;img5e3a66d92d636.jpg
1114,Quarterback,Quarter;Back,,NA,2,,,16,img5e3a7eaa3dfd2.jpg;img5e3907603c30a.jpg
1115,Courtroom,Court;Room,,NA,0,,,12,img5e426a1d35f04.jpg;img5e4cdf9ed8587.jpg
1116,Bypass,Bye;Pass,,NA,1,,,10,img5e314a9388f38.jpg;img5e45455de3d15.jpg
1117,Drawbridge,Draw;Bridge,,NA,1,,,14,img5e32caee689e8.jpg;img5e3cf3249ee3c.jpg
1118,Bathtub,Bath;Tub,,NA,0,,,12,img5e61f438db27f.jpg;img5e5a3b775bf5b.jpg
1119,Divergent,Diver;Agent,,NA,2,,,12,img5e3c128b59858.jpg;img5e411a6ac3a8e.jpg
1120,Blackboard,Black;Board,,NA,0,,,14,img5e3bdccd7688d.jpg;img5e4ccbd0f3f42.jpg
1121,Feast,Fee;East,,NA,1,,,10,img5e41529d8eb19.jpg;img5e393b6070fac.jpg
1122,Cornerstone,Corner;Stone,,NA,2,,,14,img5e5a4b439134e.jpg;img5e2fff06988eb.jpg
1123,Matchstick,Match;Stick,,NA,0,,,12,img5e4d0f16db366.jpg;img5e3903b26c495.jpg
1124,Promotion,Prom;Ocean,,NA,1,,,12,img5e5a4f615e784.jpg;img5e68c8420fbaf.jpg
1125,Ringworm,Ring;Worm,,NA,0,,,12,img5e107c16e520c.jpg;img5e395c04eaa1c.jpg
1126,Rowboat,Row;Boat,,NA,2,,,14,img5e3a62970bac0.jpg;img5e3bc2bf736a9.jpg
1127,Boardwalk,Board;Walk,,NA,1,,,12,img5e2adc8665c83.jpg;img5e3021000a61c.jpg
1128,Tightrope,Tight;Rope,,NA,0,,,12,img5e3a990b8aee0.jpg;img5e54e3a4bb873.jpg
1129,Scandal,Scan;Dull,,NA,1,,,10,img5e5a59c99d2c6.jpg;img5e3ba5b2440cb.jpg
1130,Loophole,Loop;Hole,,NA,2,,,12,img5e5a5d420d08b.jpg;img5e32dfce60fb8.jpg
1131,Tailcoat,Tail;Coat,,NA,0,,,12,img5e4b76c5165ec.jpg;img5e57a0d27ddb1.jpg
1132,Fourteen,Four;Teen,,NA,1,,,12,img5e5c963b0b8b5.jpg;img5e68d034411c3.jpg
1133,Oliveoil,Olive;Oil,,NA,1,,,12,img5e5c98505d6e7.jpg;img5e42645db95bf.jpg
1134,Necktie,Neck;Tie,,NA,0,,,10,img5e5c9d31c200f.jpg;img5e5c9f6e21b96.jpg
1135,Sometime,Sum;Time,,NA,2,,,12,img5e3424889f46f.jpg;img5e3bdbc1135cf.jpg
1136,Postoffice,Post;Office,,NA,1,,,14,img5e4bc6ad73ef3.jpg;img5e40fcdf1dc96.jpg
1137,Groundnut,Ground;Nut,,NA,0,,,14,img5e3aa9a16e813.jpg;img5e132e684dd44.jpg
1138,Pensive,Pen;Sieve,,NA,1,,,10,img5e3d5c7c6d8a7.jpg;img5e5ca6f0e1cd8.jpg
1139,Ribbon,Rib;Bun,,NA,1,,,10,img5e5caa17b25d4.jpg;img5e50f74745cb0.jpg
1140,Dressing,Dress;Sing,,NA,0,,,12,img5e2ac48f0577a.jpg;img5e4384e1f24e7.jpg
1141,Raincheck,Rain;Check,,NA,2,,,14,img5e3c101b8e270.jpg;img5e3cfc71d48ce.jpg
1142,Hairband,Hair;Band,,NA,0,,,12,img5e423eff5f3fe.jpg;img5e340ce3386e8.jpg
1143,Corkscrew,Cork;Screw,,NA,1,,,12,img5e5cb1218c325.jpg;img5e4143421eb3f.jpg
1144,Frighten,Fry;Ten,,NA,1,,,10,img5e2a8293e5b25.jpg;img5e2eddf99e97e.jpg
1145,Soymilk,Soy;Milk,,NA,0,,,10,img5e5cb54eaa2bc.jpg;img5e55188d5c63f.jpg
1146,Goatee,Goat;Tee,,NA,2,,,12,img5e40e3f2cb86b.jpg;img5e55150ca3232.jpg
1147,Tonight,Two;Knight,,NA,0,,,10,img5e3d5c7c6d975.jpg;img5e43af0b10d47.jpg
1148,Stocking,Stock;King,,NA,1,,,12,img5e4d172da2a03.jpg;img5e31548aa1bf8.jpg
1149,Duckbill,Duck;Bill,,NA,2,,,12,img5e43d194272d1.jpg;img5e41529d8e84f.jpg
1150,Headphone,Head;Phone,,NA,0,,,12,img5e454fb464fe5.jpg;img5e3129bec5f7c.jpg
1151,Lifestyle,Life;Style,,NA,1,,,14,img5e438a6fad761.jpg;img5e68e06e1c2f3.jpg
1152,Turncoat,Turn;Coat,,NA,1,,,10,img5e4e546ca4fbd.jpg;img5ebfd17c55f1f.jpg
1153,Fancy,Fan;Sea,,NA,0,,,8,img5e3d3c6860a29.jpg;img5e2bfd0411d76.jpg
1154,Nobody,No;Body,,NA,2,,,10,img5e396b58ebe17.jpg;img5e4280066443f.jpg
1155,Mangle,Mane;Eagle,,NA,1,,,10,img5e5ce67342b12.jpg;img5e5ce89cac2c2.jpg
1156,Novel,No;Well,,NA,0,,,8,img5e5ced9336bb2.jpg;img5e6877378a74a.jpg
1157,Mushroom,Mush;Room,,NA,1,,,12,img5e5cf06559458.jpg;img5e416f72415da.jpg
1158,Decor,Deck;Oar,,NA,1,,,10,img5e68e74056d60.jpg;img5e40fbe64ae66.jpg
1159,Paintbrush,Paint;Brush,,NA,0,,,12,img5e301c3164dc2.jpg;img5e4ba97ab7cd3.jpg
1160,Bellhop,Bell;Hop,,NA,2,,,12,img5e21830af3d03.jpg;img5e3aa5199dd54.jpg
1161,Grasshopper,Grass;Shopper,,NA,0,,,14,img5e5c9071f05fc.jpg;img5e5e0012c61e8.jpg
1162,Headstrong,Head;Strong,,NA,1,,,14,img5e411f655bb83.jpg;img5e5c98494e0e8.jpg
1163,Grimoire,Grim;Ore,,NA,2,,,14,img5e3158e08be5a.jpg;img5e5e08af9566b.jpg
1164,Superpower,Super;Power,,NA,0,,,14,img5e3146dcdd659.jpg;img5e5ca24b46757.jpg
1165,Hijack,High;Jack,,NA,1,,,12,img5e5ca52578812.jpg;img5e2ad2e541efb.jpg
1166,Silversmith,Silver;Smith,,NA,2,,,14,img5ebfcba30337c.jpg;img5ebfcba30327a.jpg
1167,Candlelight,Candle;Light,,NA,0,,,14,img5e5cb1ffd7cc3.jpg;img5e5cb55f86b86.jpg
1168,Become,Bee;Come,,NA,2,,,14,img5e54e51cb9509.jpg;img5e54ec5dd7dbd.jpg
1169,Runway,Run;Way,,NA,0,,,12,img5e5ccec0344d2.jpg;img5e5cd06ab93ea.jpg
1170,Oilcloth,Oil;Cloth,,NA,1,,,14,img5e5cd16f5facd.jpg;img5e5500ee5e225.jpg
1171,Rummage,Rum;Mage,,NA,1,,,12,img5e5cd34fee45f.jpg;img5e5cd6c5c8d2a.jpg
1172,Landlord,Land;Lord,,NA,0,,,12,img5e5e179bd0f83.jpg;img5e5e19fbc2a13.jpg
1173,Product,Pro;Duct,,NA,2,,,10,img5e5f307f84239.jpg;img5e5e2131320ed.jpg
1174,Sandal,Sand;Dull,,NA,1,,,12,img5e3c126a4f7ac.jpg;img5e5cdbcf2f7ff.jpg
1175,Housewife,House;Wife,,NA,0,,,12,img5e396d0b520aa.jpg;img5e5cddffeb6e7.jpg
1176,Primal,Prime;Mall,,NA,1,,,10,img5ebfd4d1c14d3.jpg;img5e5ce0202d72d.jpg
1177,Drainpipe,Drain;Pipe,,NA,2,,,14,img5e5ce14c3a574.jpg;img5e5ce8c28d47e.jpg
1178,Packing,Pack;king,,NA,0,,,12,img5e32933448ff4.jpg;img5e5cff985ed5e.jpg
1179,Jelly,Gel;E,,NA,1,,,12,img5e5d009a6ea35.jpg;img5e5d01b1894e0.jpg
1180,Landmark,Land;Mark,,NA,2,,,14,img5e5d029ae2ebd.jpg;img5e5dead8e719b.jpg
1181,Jellybean,Jelly;Bean,,NA,0,,,12,img5e5d03b4ae247.jpg;img5e5cb54eaa3b5.jpg
1182,Armpit,Arm;Pit,,NA,1,,,12,img5e3bdbc11380a.jpg;img5e3ab38a1eb02.jpg
1183,Weatherman,Weather;Man,,NA,1,,,14,img5e4a2dfdf0583.jpg;img5e411a6ac3a8e.jpg
1184,Bluebell,Blue;Bell,,NA,0,,,12,img5e2ac48f053fb.jpg;img5e5decf701cda.jpg
1185,Quicksand,Quick;Sand,,NA,1,,,12,img5e3a8d650d7b4.jpg;img5e2c3647d5dd4.jpg
1186,Wildflower,Wild;Flower,,NA,1,,,14,img5e4b911e41aa1.jpg;img5e37b1d80b67c.jpg
1187,Toothbrush,Tooth;Brush,,NA,0,,,14,img5e3abfaf94668.jpg;img5e5dee0f0d62f.jpg
1188,Barrack,Bar;Wreck,,NA,2,,,12,img5e37b6627b177.jpg;img5e423b8d2854e.jpg
1189,Capsize,Cap;Size,,NA,1,,,12,img5e3d386a595bc.jpg;img5e5df2faf124c.jpg
1190,Thrill,Three;Eel,,NA,2,,,10,img5e3d386a5978d.jpg;img5e42a9ebd1ce0.jpg
1191,Tracksuit,Track;Suit,,NA,0,,,12,img5e5df78d2beb6.jpg;img5e4cccfb44374.jpg
1192,Jargon,Jar;Gun,,NA,1,,,10,img5e5df939df111.jpg;img5e3bbe56f41dd.jpg
1193,Kingpin,King;Pin,,NA,1,,,10,img5e5dfd473cc00.jpg;img5e32d284c976a.jpg
1194,Needlework,Needle;Work,,NA,0,,,14,img5e5e04bec3548.jpg;img5e43cd3c8c699.jpg
1195,Cold,Coal;Old,,NA,2,,,10,img5e5e109a9bd4c.jpg;img5e37d0251425f.jpg
1196,Honeydew,Honey;Dew,,NA,1,,,12,img5e538e3d6e78d.jpg;img5e5d0492ac36f.jpg
1197,Stronghold,Strong;Hold,,NA,0,,,14,img5e41549063ce8.jpg;img5e42b2f1309e8.jpg
1198,Tinsel,Tin;Sell,,NA,1,,,10,img5e5e19d49e531.jpg;img5e32e9cc3262d.jpg
1199,Nutcracker,Nut;Cracker,,NA,1,,,14,img5e42440078337.jpg;img5e5e1e5ec94c5.jpg
1200,Christmas,Christ;Mass,,NA,2,,,14,img5e5e2092dc4eb.jpg;img5e5e22dbf2b5a.jpg
1201,Worksheet,Work;Sheet,,NA,0,,,12,img5e74b236a26c1.jpg;img5e74b54aae844.jpg
1202,Manage,Man;Age,,NA,1,,,12,img5e33ee184223a.jpg;img5e538027a2a08.jpg
1203,Support,Soup;Port,,NA,1,,,12,img5e74bb01294f5.jpg;img5e416703c89f5.jpg
1204,Growing,Grow;Wing,,NA,0,,,12,img5eb4e43bf1fe2.jpg;img5eb4e623e1de7.jpg
1205,Compound,Come;Pound,,NA,2,,,14,img5ec213e97df81.jpg;img5eb4e9ba0a2b4.jpg
1206,Depress,Dip;Race,,NA,0,,,10,img5eb4eb712813c.jpg;img5eb4eca7de8d5.jpg
1207,Battle,Bat;Tall,,NA,1,,,12,img5eb4ef7d82983.jpg;img5e4a1f6037191.jpg
1208,Waterski,Water;Ski,,NA,0,,,12,img5e3016dce39c3.jpg;img5e3a8b6b38761.jpg
1209,Conceal,Cone;Seal,,NA,1,,,12,img5eb4f92f1f689.jpg;img5e4a6c40efc00.jpg
1210,Dimple,Dim;Pal,,NA,1,,,10,img5ebfba8e1ba51.jpg;img5e3171baad817.jpg
1211,Dirty,Dirt;Tea,,NA,0,,,10,img5eb4ff90a3365.jpg;img5eb5011d31505.jpg
1212,Windup,Wind;Up,,NA,2,,,14,img5eb5027a1d005.jpg;img5e3c03d5f141f.jpg
1213,Bakery,Bay;Curry,,NA,0,,,10,img5e4d3672ae675.jpg;img5e423f3caeee0.jpg
1214,Noble,No;Bell,,NA,2,,,12,img5ec21de764138.jpg;img5eb5106559357.jpg
1215,Bishop,Bye;Shop,,NA,0,,,10,img5eb512cdeaef9.jpg;img5eb5150777e2a.jpg
1216,Fin,Fee;In,,NA,1,,,10,img5e3a5234b57bf.jpg;img5e3ba48100134.jpg
1217,Chimney,Chime;Knee,,NA,1,,,12,img5eb51b86b0768.jpg;img5e54fa3c4f947.jpg
1218,Ropeway,Rope;Way,,NA,0,,,10,img5eb51f3498658.jpg;img5eb521376f7e1.jpg
1219,Relax,Reel;Axe,,NA,2,,,12,img5eb5233082e57.jpg;img5eb5249c508d1.jpg
1220,Lesson,Lace;son,,NA,0,,,10,img5eb526f854522.jpg;img5e2ffd13e5c6b.jpg
1221,Boutique,Bow;Tick,,NA,1,,,12,img5eb52c6243a47.jpg;img5eb52e078f5e7.jpg
1222,Discount,Dish;Count,,NA,2,,,14,img5eb52f424a0dd.jpg;img5e3b9c990f887.jpg
1223,Youtube,You;Tube,,NA,0,,,10,img5eb533d291a92.jpg;img5eb5351a6aa9c.jpg
1224,Crystal,Cry;Stall,,NA,1,,,12,img5e3014f6c7690.jpg;img5eb53862a7967.jpg
1225,Wicket,Weak;Cat,,NA,0,,,10,img5e4e352b391b5.jpg;img5e300fb7ae79c.jpg
1226,Velvet,Well;Wet,,NA,2,,,12,img5eb53d5d0802d.jpg;img5eb53e1b1264a.jpg
1227,Failure,Fail;Lure,,NA,1,,,12,img5ec22ae81cc33.jpg;img5eb546a108deb.jpg
1228,Loafer,Loaf;Fur,,NA,0,,,10,img5eb54755e59d8.jpg;img5e4e850a87ee5.jpg
1229,Washington,Washing;Tone,,NA,1,,,14,img5e3ab8e949091.jpg;img5eb54ba5eb784.jpg
1230,Cabin,Cab;Bean,,NA,2,,,12,img5eb54c768c0ce.jpg;img5eb54d50b1adb.jpg
1231,Tailor,Tail;Lure,,NA,0,,,10,img5e4e6b699d213.jpg;img5eb54f1475c3e.jpg
1232,Jackal,Jack;Call,,NA,1,,,12,img5eb54fde25228.jpg;img5eb5509917e6d.jpg
1233,Bend,Bay;End,,NA,1,,,10,img5eb551446d87e.jpg;img5e58eb2bd35a6.jpg
1234,Officer,Off;Fisher,,NA,0,,,10,img5e411d658c670.jpg;img5eb55734b1521.jpg
1235,Plaid,Play;Aid,,NA,2,,,12,img5ebe60eb0cfd7.jpg;img5e34106d816bf.jpg
1236,Icing,Eye;Sing,,NA,1,,,12,img5ebe635337cd3.jpg;img5e3c057f2ff02.jpg
1237,Barcode,Bar;Code,,NA,0,,,10,img5ebe66496c50f.jpg;img5ebe67b34f366.jpg
1238,Cottonmouth,Cotton;Mouth,,NA,1,,,14,img5eba741e18557.jpg;img5ecca84dc208f.jpg
1239,Socket,Sock;Cat,,NA,1,,,12,img5ebe6ba562355.jpg;img5e54f1b646507.jpg
1240,Believe,Bee;Leave,,NA,0,,,10,img5ebe6daa80c1d.jpg;img5ebe6fc7703e0.jpg
1241,Airship,Air;Ship,,NA,2,,,14,img5e218fe19bd5b.jpg;img5ebe71c1edd7a.jpg
1242,Arrowhead,Arrow;Head,,NA,0,,,12,img5ebe730b3aafb.jpg;img5ebe741f5a83e.jpg
1243,Starving,Star;Wing,,NA,1,,,12,img5e429796069b5.jpg;img5ebe77383190e.jpg
1244,Backlog,Back;Log,,NA,1,,,12,img5e4d1dfb7599e.jpg;img5ebe79584134d.jpg
1245,Airtight,Air;Tight,,NA,0,,,10,img5e31584299bed.jpg;img5e59fefbcd146.jpg
1246,Novelist,Novel;List,,NA,2,,,14,img5ebe7d62e62dc.jpg;img5ebe7f159e78b.jpg
1247,Breakup,Break;Up,,NA,0,,,10,img5e4698da7f522.jpg;img5e41361512332.jpg
1248,Carport,Car;Port,,NA,1,,,14,img5ebe822bd6beb.jpg;img5ebe835d83a81.jpg
1249,Lacrosse,Lake;Cross,,NA,2,,,14,img5ebe8728e6841.jpg;img5e3c1a8e0ad13.jpg
1250,Classroom,Class;Room,,NA,0,,,12,img5ebe851a96bee.jpg;img5e315bc5cdc4e.jpg
1251,Greenland,Green;Land,,NA,1,,,12,img5e40f2c4cffd4.jpg;img5e60c27042276.jpg
1252,Homesick,Home;Sick,,NA,1,,,12,img5e3432b8d6b48.jpg;img5e440f9444a9e.jpg
1253,Goodnight,Good;Night,,NA,0,,,12,img5e3146dcdd39a.jpg;img5e4d13e5674b2.jpg
1254,Leapfrog,Leap;Frog,,NA,2,,,16,img5e41014795e4b.jpg;img5e74b754650f4.jpg
1255,Dogwood,Dog;Wood,,NA,1,,,12,img5e3c08e8d8660.jpg;img5e43f6e440d17.jpg
1256,Lunchroom,Lunch;Room,,NA,0,,,12,img5e4cd3e102692.jpg;img5eafc2bd969f0.jpg
1257,Stepmother,Step;Mother,,NA,1,,,14,img5e4516e378478.jpg;img5e37cdbe544f2.jpg
1258,Firearm,Fire;Arm,,NA,1,,,12,img5e42a4fe7fa02.jpg;img5e4153982bfc8.jpg
1259,Keystone,Key;Stone,,NA,0,,,12,img5e3432b8d6db1.jpg;img5e4b79f068fe1.jpg
1260,Wallflower,Wall;Flower,,NA,2,,,14,img5e30305c19814.jpg;img5e3bb381f1a5b.jpg
1261,Manpower,Man;Power,,NA,0,,,10,img5e3d552b26aed.jpg;img5eafe118ba13e.jpg
1262,Wrapper,Wrap;Purr,,NA,1,,,10,img5eafe3f653952.jpg;img5eafe3f65375a.jpg
1263,Fortress,Fort;Trash,,NA,2,,,14,img5e38faa8df73b.jpg;img5eafe6436a3eb.jpg
1264,Birdcage,Bird;Cage,,NA,0,,,12,img5e2be1d6c4e0f.jpg;img5eafea060c160.jpg
1265,Chairlift,Chair;Lift,,NA,1,,,12,img5e3bdd68bd277.jpg;img5e566810c2228.jpg
1266,Outlet,Out;Late,,NA,2,,,12,img5e38000c858ee.jpg;img5e45306e78975.jpg
1267,Discharge,Dish;Charge,,NA,0,,,12,img5e4e3121b5ee0.jpg;img5e32b05a2ace4.jpg
1268,Sportswriter,Sports;Writer,,NA,2,,,16,img5e4d0f63ad0e4.jpg;img5e42ae22c809c.jpg
1269,Neckline,Neck;Line,,NA,0,,,10,img5e37e4f1be138.jpg;img5e3801c653cfc.jpg
1270,Cartridge,Cart;Ridge,,NA,1,,,12,img5e392cec6b1de.jpg;img5eaff7bd3cbb1.jpg
1271,Selfie,Shell;Fee,,NA,1,,,12,img5e57c162645e7.jpg;img5e423c6286a3e.jpg
1272,Pothole,Pot;Hole,,NA,0,,,10,img5e395d0684d95.jpg;img5e37e05a56bb7.jpg
1273,Veil,Way;Ill,,NA,2,,,12,img5e44f90d01f61.jpg;img5e33fb06c747d.jpg
1274,Dropout,Drop;Out,,NA,1,,,10,img5e3c101b8e449.jpg;img5e3919b1c55f0.jpg
1275,Pushcart,Push;Cart,,NA,0,,,10,img5ec230b00b85d.jpg;img5eb00eafb4b02.jpg
1276,Window,Wind;Dew,,NA,1,,,10,img5e3d4bc1c6ca9.jpg;img5eb01102090b7.jpg
1277,Racket,Wreck;Cat,,NA,2,,,14,img5e633672af152.jpg;img5e33cb3e705d6.jpg
1278,Teatime,Tea;Time,,NA,0,,,10,img5e42435a39fec.jpg;img5e438b090905f.jpg
1279,Cattail,Cat;Tail,,NA,1,,,12,img5e3adaec34e33.jpg;img5e4e6b699cfb9.jpg
1280,Basil,Bay;Seal,,NA,2,,,12,img5e4d3672ae7d6.jpg;img5e3a7a0c99eed.jpg
1281,Yearbook,Year;Book,,NA,0,,,12,img5e396b6a5ef06.jpg;img5e395b77b0a3c.jpg
1282,Someone,Sum;One,,NA,1,,,12,img5e4cd1231c96f.jpg;img5e37d98a0b934.jpg
1283,Mitten,Meat;Ten,,NA,1,,,10,img5e3d2fdd9cba5.jpg;img5eb40e06b5857.jpg
1284,Worldwide,World;Wide,,NA,0,,,12,img5e3027ccb635b.jpg;img5e4b911e413a6.jpg
1285,Storage,Store;Age,,NA,1,,,12,img5e4b836aa2e0c.jpg;img5e410bb8e9dde.jpg
1286,Rosemary,Rose;Marry,,NA,1,,,12,img5e3d51a11e98e.jpg;img5eb4ef8c20fc2.jpg
1287,Sunspot,Sun;Spot,,NA,0,,,10,img5e4cf8544e06d.jpg;img5e300b577b177.jpg
1288,Spinach,Spin;Ache,,NA,2,,,14,img5eb4fc0ba2cc4.jpg;img5e4113357bd1e.jpg
1289,Cutoff,Cut;Off,,NA,1,,,10,img5e33b8d56e94b.jpg;img5eb50194f1151.jpg
1290,Armor,Arm;Oar,,NA,2,,,12,img5eb509533d16e.jpg;img5eb50a90b4832.jpg
1291,Snowflake,Snow;Flake,,NA,0,,,12,img5e3abae976a24.jpg;img5e37ca77b007b.jpg
1292,Walnut,Wall;Nut,,NA,1,,,10,img5e301c3164e82.jpg;img5e539a7638cd1.jpg
1293,Mallet,Mall;Late,,NA,1,,,10,img5eb5174dcf53d.jpg;img5eb93d2d94c08.jpg
1294,Golden,Gold;Den,,NA,0,,,10,img5e3026071f0b8.jpg;img5e3169259968f.jpg
1295,Entry,N;Tree,,NA,2,,,12,img5eb51e2eb0ad4.jpg;img5e427669999cd.jpg
1296,Drawer,Draw;War,,NA,1,,,10,img5e41699a3fb4a.jpg;img5eafcd92eb291.jpg
1297,Firebomb,Fire;Bomb,,NA,0,,,10,img5e33b93f9f598.jpg;img5ec2729d092a5.jpg
1298,Fashion,Face;Son,,NA,1,,,12,img5e301ed2341a1.jpg;img5e3cfa261f6f9.jpg
1299,Hamper,Ham;Purr,,NA,1,,,10,img5eb52caf52433.jpg;img5e58f38cc3dfa.jpg
1300,Title,Tie;Tall,,NA,2,,,12,img5e37e4f1bde43.jpg;img5eb52f60de997.jpg
1301,Compare,Come;Pair,,NA,0,,,10,img5e54ec5dda7c8.jpg;img5e4d27cfe7dbe.jpg
1302,Make,May;Ache,,NA,1,,,10,img5e451d5cbd067.jpg;img5eb54af18b432.jpg
1303,Latest,Late;Test,,NA,1,,,10,img5eb54db2182ab.jpg;img5e412bbc3ded6.jpg
1304,Breaking,Break;King,,NA,0,,,10,img5e4698da7f522.jpg;img5e415ea65c977.jpg
1305,Rawhide,Raw;Hide,,NA,2,,,14,img5ebfe4fe05786.jpg;img5ebfe4fe058e5.jpg
1306,Mental,Men;Tall,,NA,0,,,8,img5e39526234f04.jpg;img5e4a1f603726c.jpg
1307,Firestone,Fire;Stone,,NA,1,,,12,img5e4e5008aaa1a.jpg;img5e2ffa7c6ebf2.jpg
1308,Detail,D;Tail,,NA,0,,,10,img5eb8e469378da.jpg;img5e38fc54b6951.jpg
1309,Between,Beat;Win,,NA,1,,,10,img5e3bb48f7f544.jpg;img5e4554ae1c037.jpg
1310,Military,Mill;Tree,,NA,1,,,12,img5e2c3a377ccdc.jpg;img5e33adce1db2c.jpg
1311,Deadend,Dead;End,,NA,0,,,10,img5e3ba26784b3c.jpg;img5e4554ae1be61.jpg
1312,Wisdom,Wish;Dome,,NA,2,,,14,img5e3c0c1f3055e.jpg;img5e68857b2672b.jpg
1313,Dropdown,Drop;Down,,NA,0,,,10,img5e3016dce3abf.jpg;img5e60d0b1e1df7.jpg
1314,Silver,Seal;War,,NA,2,,,12,img5e4a6c40efce4.jpg;img5e43af0b10f15.jpg
1315,Fingernail,Finger;Nail,,NA,0,,,12,img5e302c2c0ca71.jpg;img5e550392f2c7c.jpg
1316,Train,Tray;In,,NA,1,,,10,img5eb8fa5a531e9.jpg;img5eb8fa5a52de8.jpg
1317,Angelfish,Angel;Fish,,NA,1,,,14,img5e3a62f9ad368.jpg;img5e33fda6ea65b.jpg
1318,Daredevil,Dare;Devil,,NA,0,,,12,img5ec29bb8691db.jpg;img5ec250abe96fc.jpg
1319,Tipsy,Tip;Sea,,NA,2,,,12,img5e3c0d327bebe.jpg;img5e2bfd0411d76.jpg
1320,Eyeliner,Eye;Liner,,NA,0,,,10,img5e468c0fe0521.jpg;img5ec279c7b2a0e.jpg
1321,Busboy,Bus;Boy,,NA,1,,,12,img5eb907cb5955f.jpg;img5e391a70974f9.jpg
1322,Crouton,Crew;Ton,,NA,2,,,12,img5e579a75b695b.jpg;img5e42945cbbc64.jpg
1323,Groundwork,Ground;Work,,NA,0,,,12,img5e60fb2f802d8.jpg;img5e40fcdf1dd6c.jpg
1324,Battlefield,Battle;Field,,NA,1,,,14,img5e4d2b800f7fa.jpg;img5eb920d71429e.jpg
1325,Songwriter,Song;Writer,,NA,0,,,12,img5eb9225f90b25.jpg;img5e42ae22c82c3.jpg
1326,Skylight,Sky;Light,,NA,2,,,16,img5e3938bee4677.jpg;img5e3409722a790.jpg
1327,Bellyache,Belly;Ache,,NA,1,,,12,img5e42956d2fd4a.jpg;img5e4113357bb77.jpg
1328,Shoelace,Shoe;Lace,,NA,0,,,10,img5e2ae4dc3bdc6.jpg;img5e4a33e92e7c4.jpg
1329,Coffeepot,Coffee;Pot,,NA,1,,,14,img5e2bf1837bbc4.jpg;img5e3d5e5176f75.jpg
1330,Town,Toe;On,,NA,2,,,12,img5ec4fb49e7c1c.jpg;img5e2aeb951015f.jpg
1331,Schoolmate,School;Mat,,NA,0,,,12,img5e4b860bb3967.jpg;img5e3918c40f409.jpg
1332,Greentea,Green;Tea,,NA,1,,,12,img5e3abeb07a4fa.jpg;img5e39539267f3f.jpg
1333,Kickboxer,Kick;Boxer,,NA,1,,,12,img5e3023b9aad1a.jpg;img5e3d3c2bb73b6.jpg
1334,Beeline,Bee;Line,,NA,0,,,10,img5e3932833368e.jpg;img5e3ba480ed377.jpg
1335,Turntable,Turn;Table,,NA,2,,,14,img5eb939919b9be.jpg;img5e4b860bb3871.jpg
1336,Kickball,Kick;Ball,,NA,1,,,12,img5e3c1811eff0b.jpg;img5e2c2ffe882ce.jpg
1337,Horseplay,Horse;Play,,NA,0,,,12,img5e2bfed40076c.jpg;img5e32d261d5812.jpg
1338,Millstone,Mill;Stone,,NA,1,,,12,img5e2ed72a32b29.jpg;img5e423c5871161.jpg
1339,Collection,Collect;Son,,NA,1,,,14,img5e2ffa7c6edfa.jpg;img5eb9481d11d26.jpg
1340,Lipsync,Lip;Sink,,NA,0,,,10,img5e108b8d9d4eb.jpg;img5e43d37c285bc.jpg
1341,Trademark,Trade;Mark,,NA,2,,,14,img5e414e74047f1.jpg;img5e3ba26784c57.jpg
1342,Sleepover,Sleep;Over,,NA,0,,,12,img5e5fa440e5ee5.jpg;img5e58eb2bd35a6.jpg
1343,Underpass,Under;Pass,,NA,1,,,12,img5e3c128b595d6.jpg;img5e3a80d9e2c76.jpg
1344,Wardrobe,Ward;Robe,,NA,1,,,14,img5e4a3cc4088b9.jpg;img5e3bfceca5d68.jpg
1345,Blessing,Bless;Sing,,NA,0,,,12,img5ec259af6877e.jpg;img5ebcfc31b0146.jpg
1346,Scapegoat,Scape;Goat,,NA,2,,,14,img5ec29ccfb63a4.jpg;img5e5795485cabd.jpg
1347,Hare,Hay;Air,,NA,0,,,8,img5e33bb551ae2f.jpg;img5e37c80bf2cda.jpg
1348,Borehole,Bore;Hole,,NA,1,,,12,img5eba36c31c271.jpg;img5e414781852fe.jpg
1349,Mystery,Miss;Tree,,NA,2,,,12,img5e452607b085d.jpg;img5e4a1f6037191.jpg
1350,Werewolf,Wear;Wolf,,NA,0,,,10,img5e42b96e73a5d.jpg;img5eba3a76a0fb9.jpg
1351,Twinkle,Twin;Call,,NA,1,,,12,img5ebf69256b743.jpg;img5ebf6bf16fb10.jpg
1352,Freedom,Free;Dome,,NA,1,,,14,img5e3c066047263.jpg;img5ebf6e7b4c008.jpg
1353,Giftwrap,Gift;Wrap,,NA,0,,,12,img5ebf6f637fb3a.jpg;img5ec4fbc3207b8.jpg
1354,Separate,Shape;Rat,,NA,2,,,14,img5ebf7333be714.jpg;img5ebf7822bca2a.jpg
1355,Marigold,Marry;Gold,,NA,1,,,12,img5ebf795b319c8.jpg;img5ebf7a5f41c4f.jpg
1356,Darkroom,Dark;Room,,NA,0,,,12,img5ebf7b7ad604f.jpg;img5e429e651e821.jpg
1357,Blockade,Block;Aid,,NA,1,,,12,img5ebf7ef14f728.jpg;img5e37da7361432.jpg
1358,Letterhead,Letter;Head,,NA,1,,,14,img5ebf821262152.jpg;img5ebf84146991a.jpg
1359,Donkey,Done;Key,,NA,0,,,10,img5ebf85251f8a8.jpg;img5ebf87030eb5f.jpg
1360,Curbside,Curb;Side,,NA,2,,,14,img5ec248734a2fe.jpg;img5ebf993c83959.jpg
1361,Stepson,Step;Son,,NA,0,,,10,img5ebf8e220e8d7.jpg;img5ebf8f704b35c.jpg
1362,Backspin,Back;Spin,,NA,1,,,12,img5ebf90736bbe6.jpg;img5e315d199ccd8.jpg
1363,Rainy,Ray;Knee,,NA,2,,,12,img5e4d2a2ec08f6.jpg;img5e33bf8686a35.jpg
1364,Taproot,Tap;Root,,NA,0,,,12,img5ebf9a2fbbc7a.jpg;img5ebf9bb913404.jpg
1365,Birthright,Birth;Right,,NA,1,,,14,img5e3a9145129d8.jpg;img5ebf9de6ab1af.jpg
1366,Southeast,South;East,,NA,2,,,14,img5ebf9f24aa241.jpg;img5ebf9fd5bb84b.jpg
1367,Cobweb,Cob;Web,,NA,0,,,8,img5ec3e908d3e7c.jpg;img5ebfa4628247e.jpg
1368,Freelance,Free;Lens,,NA,2,,,14,img5ebfa65696749.jpg;img5e3044186d882.jpg
1369,Snowboard,Snow;Board,,NA,0,,,12,img5e4a2150dcdcd.jpg;img5ebfac5b8db1e.jpg
1370,Arrange,Air;Range,,NA,1,,,12,img5ebfb0b471baf.jpg;img5e3bfcba3fabe.jpg
1371,Shoestring,Shoe;String,,NA,1,,,14,img5e62511c38d0b.jpg;img5ebfb3fc487b7.jpg
1372,Woodworm,Wood;Worm,,NA,0,,,12,img5ebfb4d5cfd45.jpg;img5ebfb61f2de9f.jpg
1373,Rattlesnake,Rattle;Snake,,NA,2,,,16,img5ebfc3a7b5948.jpg;img5ebfc46288637.jpg
1374,Sundial,Sun;Dial,,NA,1,,,12,img5ebfc5bc27bec.jpg;img5e312a793386b.jpg
1375,Cooktop,Cook;Top,,NA,0,,,10,img5e414744eeb30.jpg;img5ebfc92e73142.jpg
1376,Chopper,Chop;Purr,,NA,1,,,12,img5ebfca58d2346.jpg;img5ebfcb2674a3a.jpg
1377,Showoff,Show;Off,,NA,2,,,14,img5ebfcc0b796d7.jpg;img5e411d658beda.jpg
1378,Watercolor,Water;Color,,NA,0,,,14,img5ebfcfc9a06c6.jpg;img5e3d51a11eb61.jpg
1379,Jetport,Jet;Port,,NA,1,,,16,img5ebfdd28f3def.jpg;img5ebfde8027214.jpg
1380,Tapestry,Tap;Pastry,,NA,2,,,14,img5ebfdf369c16a.jpg;img5ebfe0772985d.jpg
1381,Nightfall,Night;Fall,,NA,0,,,12,img5ec24a2784cfd.jpg;img5e3bf874e793b.jpg
1382,Sandcastle,Sand;Castle,,NA,1,,,14,img5e4538b36856a.jpg;img5ec24e922c998.jpg
1383,Warrior,War;Rear,,NA,1,,,12,img5ec24fdad3208.jpg;img5ec2509ecaa0c.jpg
1384,Fishhook,Fish;Hook,,NA,0,,,12,img5e2fff06984ed.jpg;img5e3d1c3aa13d9.jpg
1385,Lifelong,Life;Long,,NA,1,,,12,img5e438a6fad497.jpg;img5e4e4b4cea3a6.jpg
1386,Indoor,In;Door,,NA,1,,,14,img5ec25769e4159.jpg;img5ec2589e442b1.jpg
1387,Windfall,Wind;Fall,,NA,0,,,12,img5e3d4bc1c6ca9.jpg;img5e2ea0733430f.jpg
1388,Careless,Care;Lace,,NA,2,,,12,img5ec260a8c8dd6.jpg;img5ec262ec248ec.jpg
1389,Gunpowder,Gun;Powder,,NA,1,,,14,img5ec263faf05b4.jpg;img5ec265b760a0a.jpg
1390,Handmade,Hand;Maid,,NA,2,,,14,img5ec266a9d3843.jpg;img5ec26bf8038c7.jpg
1391,Cheesy,Cheese;Sea,,NA,0,,,12,img5ec26cd622f58.jpg;img5e2bfd0411c8d.jpg
1392,Farmhouse,Farm;House,,NA,1,,,14,img5ec270f41cb4a.jpg;img5e33d389a4373.jpg
1393,Wildcat,Wild;Cat,,NA,1,,,14,img5e3a4f8151608.jpg;img5ec2747ee1ee9.jpg
1394,Teammate,Team;Mat,,NA,0,,,12,img5e438ea6b2344.jpg;img5e40f7deaa568.jpg
1395,Backbite,Back;Bite,,NA,2,,,14,img5ec2793dd1bf2.jpg;img5ec2793dd1a06.jpg
1396,Superstar,Super;Star,,NA,1,,,14,img5ec27af716752.jpg;img5e4a2ba367544.jpg
1397,Paddle,Pad;Dull,,NA,0,,,10,img5e33f7071fa98.jpg;img5ec27e52f206b.jpg
1398,Dressmaker,Dress;Maker,,NA,1,,,14,img5e37c97f6571f.jpg;img5e5e5fa0def62.jpg
1399,Crackpot,Crack;Pot,,NA,1,,,12,img5ec280ba2952d.jpg;img5ec281b79399c.jpg
1400,Soundproof,Sound;Proof,,NA,2,,,16,img5ec2839ed2a43.jpg;img5e3132292f887.jpg
1401,Ninety,Nine;Tee,,NA,0,,,10,img5eba3ba352604.jpg;img5e4d2018e3539.jpg
1402,Grade,Gray;Aid,,NA,1,,,10,img5e30225330ada.jpg;img5e3161879518c.jpg
1403,Donate,Done;Net,,NA,1,,,12,img5eba3e117a708.jpg;img5e4bc6ad7411f.jpg
1404,Output,Out;Put,,NA,0,,,10,img5e38000c8597c.jpg;img5ec385950e93a.jpg
1405,Sydney,Seed;Knee,,NA,2,,,10,img5ec53e50396e6.jpg;img5ec39d4866201.jpg
1406,Toilet,Toy;Late,,NA,0,,,10,img5e4bb725c0a2b.jpg;img5e60f5097741f.jpg
1407,Warehouse,Wear;House,,NA,1,,,14,img5e3aa14764344.jpg;img5e4e2a7cbc54f.jpg
1408,Paper,Pay;Purr,,NA,0,,,8,img5e39444f159e7.jpg;img5e54f1b6465ee.jpg
1409,Talent,Tail;Ant,,NA,1,,,12,img5e425ae4dbac3.jpg;img5e3a6fe6e0852.jpg
1410,Slice,Sly;Ice,,NA,1,,,10,img5e57a0f1ce9cc.jpg;img5e37dac0b346f.jpg
1411,Pickle,Pick;Call,,NA,0,,,10,img5e2ffa7c6f2ac.jpg;img5e425a8fa2e67.jpg
1412,Savage,Save;Age,,NA,2,,,12,img5e4e618bb052d.jpg;img5e4516e378682.jpg
1413,Boxing,Box;Sing,,NA,0,,,10,img5e3cfeb1be88c.jpg;img5e3c057f2fdf8.jpg
1414,Cottonwood,Cotton;Wood,,NA,2,,,16,img5e340fe6695b9.jpg;img5e427b5d19f17.jpg
1415,Walking,Walk;King,,NA,0,,,10,img5ec54326b3372.jpg;img5e5cff985ed5e.jpg
1416,Bible,Bye;Ball,,NA,1,,,10,img5e5a0ccf68037.jpg;img5e2edb98dea9c.jpg
1417,Department,Depart;Mint,,NA,1,,,14,img5eba8fff7cea5.jpg;img5e32cd2e42f12.jpg
1418,Actress,Act;Race,,NA,0,,,10,img5e3d374547e27.jpg;img5e43ee4d67244.jpg
1419,Cancer,Can;Sir,,NA,2,,,12,img5e32d579c18f0.jpg;img5e589e5f1abd1.jpg
1420,Lightboard,Light;Board,,NA,0,,,12,img5e3409fd1c419.jpg;img5e2adc8665ae2.jpg
1421,Powerless,Power;Lace,,NA,1,,,14,img5e415ca55c603.jpg;img5e4a5a728ee35.jpg
1422,Chipmunk,Chip;Monk,,NA,2,,,12,img5eba99f34af12.jpg;img5eba9dab1bfcf.jpg
1423,Underworld,Under;World,,NA,0,,,14,img5e32c843f1b20.jpg;img5e45455de3f05.jpg
1424,Cigarette,Cigar;Rate,,NA,1,,,12,img5ebaa13a14713.jpg;img5ec54da56645a.jpg
1425,Scoreboard,Score;Board,,NA,0,,,14,img5ebaa55eda3c2.jpg;img5ebaa55ed9bea.jpg
1426,Trace,Tray;Ace,,NA,2,,,12,img5e3910ea27265.jpg;img5e53594c29b9a.jpg
1427,Late,Lay;Eat,,NA,1,,,10,img5ec5511d06cd8.jpg;img5e467e43a0e61.jpg
1428,Cabbage,Cab;Age,,NA,0,,,10,img5ebaab8225742.jpg;img5ec5523d0146a.jpg
1429,Gossip,Go;Sheep,,NA,1,,,12,img5e3a479c6559e.jpg;img5e3956eb4d3cc.jpg
1430,Shopping,Shop;Ping,,NA,2,,,12,img5ec5537ce3b26.jpg;img5ec2a08fc0f73.jpg
1431,Bail,Bay;Ill,,NA,0,,,10,img5e314fcaa06a7.jpg;img5ec61a0ae1e51.jpg
1432,Seabird,Sea;Bird,,NA,1,,,12,img5e2ac48f060da.jpg;img5e3cf6bf5863b.jpg
1433,Beacon,Bee;Cone,,NA,1,,,10,img5e440939b5dd7.jpg;img5eb4f92f1f831.jpg
1434,Showcase,Show;Cash,,NA,0,,,12,img5e4e202a954b0.jpg;img5e3d0134953aa.jpg
1435,Wink,We;Ink,,NA,2,,,10,img5ebabc55bda38.jpg;img5e3a5fc5c6a5c.jpg
1436,Cactus,Cake;Toss,,NA,1,,,12,img5e32bf785f05c.jpg;img5ebab961ad810.jpg
1437,Drainage,Drain;Age,,NA,0,,,12,img5ebac0529a683.jpg;img5ebac0529a803.jpg
1438,Liquid,Leak;Weed,,NA,1,,,10,img5ebb8b24201e2.jpg;img5e4cc781d52a0.jpg
1439,Topic,Top;Pick,,NA,1,,,12,img5e3bbb05eac01.jpg;img5e2ffa7c6f0a6.jpg
1440,Hairdryer,Hair;Dryer,,NA,0,,,12,img5e42978651f93.jpg;img5e37c80bf2c15.jpg
1441,Sausage,Sow;Sage,,NA,2,,,10,img5ebb8fcb4e6b7.jpg;img5ebb8fcb4e33f.jpg
1442,Motorcycle,Motor;Cycle,,NA,0,,,14,img5ebba9eccbd1a.jpg;img5e42686bd0082.jpg
1443,Slogan,Slow;Gun,,NA,1,,,10,img5ebbc034917f9.jpg;img5e3bbe56f41dd.jpg
1444,Wax,Way;Axe,,NA,1,,,8,img5e5cd06ab93ea.jpg;img5e3d03fbe5029.jpg
1445,Pocket,Paw;Cat,,NA,0,,,10,img5ebbca2b65ca6.jpg;img5e3909cda7d92.jpg
1446,Tight,Tie;Eat,,NA,2,,,12,img5e37e4f1bde43.jpg;img5ebbce6b54b1e.jpg
1447,Seaside,Sea;Side,,NA,0,,,14,img5e2bfd0411c8d.jpg;img5e4150efcf2df.jpg
1448,Layover,Lay;Over,,NA,1,,,10,img5e4cce2b35aba.jpg;img5e3d13f1ea429.jpg
1449,Bonnet,Bone;Net,,NA,2,,,12,img5e3bdefdcb9e6.jpg;img5e34219966846.jpg
1450,Startup,Start;Up,,NA,0,,,10,img5e3d6f6f1ae73.jpg;img5e3c03fe73c6d.jpg
1451,Rabbit,Ray;Beat,,NA,1,,,12,img5ec3607ed4ca2.jpg;img5ec36156950a7.jpg
1452,Punishment,Punish;Mint,,NA,1,,,14,img5ec363bf50e70.jpg;img5e57b93c4ee08.jpg
1453,Bookstall,Book;Stall,,NA,0,,,12,img5ec366c78b3b7.jpg;img5eb53862a7967.jpg
1454,Saffron,Safe;Run,,NA,2,,,12,img5ec368aa8e69e.jpg;img5ec36b7c5f266.jpg
1455,Wolfhound,Wolf;Hound,,NA,1,,,12,img5eba3a76a11fd.jpg;img5ec375f909179.jpg
1456,Portable,Port;Table,,NA,0,,,14,img5e3a8e2e4b913.jpg;img5ec3784f444be.jpg
1457,Settle,Set;Tall,,NA,1,,,12,img5e4ba97ab7b71.jpg;img5ec379ece74fe.jpg
1458,Medalist,Medal;List,,NA,1,,,12,img5ec37b07811a6.jpg;img5e3c0c1f3055e.jpg
1459,Lowest,Low;Waste,,NA,0,,,10,img5e32b05a2ace4.jpg;img5ec37e3195ada.jpg
1460,Triple,Trip;Pal,,NA,2,,,12,img5e3a479c6c645.jpg;img5e44e293b7e00.jpg
1461,Cheering,Cheer;Ring,,NA,0,,,12,img5ec383278efc7.jpg;img5ec384808b63c.jpg
1462,Puppy,Pop;Pea,,NA,1,,,10,img5e33b64b905a7.jpg;img5e42a45a5f722.jpg
1463,Siren,Shy;Run,,NA,2,,,12,img5ec3879b6f53b.jpg;img5e3a48d0b344c.jpg
1464,Float,Flow;Oat,,NA,0,,,10,img5e43bb372807c.jpg;img5ec38ac56d259.jpg
1465,Sidebar,Side;Bar,,NA,1,,,12,img5e380b3244fb6.jpg;img5ebe66496fb5e.jpg
1466,Fulfill,Full;Fill,,NA,2,,,12,img5e55131e756f4.jpg;img5ec390667454f.jpg
1467,Airway,Air;Way,,NA,0,,,10,img5e3a4cebe8ab2.jpg;img5ec391f404cad.jpg
1468,Hostel,Host;Tail,,NA,2,,,12,img5e3cf8b2b0721.jpg;img5ec394fa7a6f3.jpg
1469,Shiny,Shy;Knee,,NA,0,,,8,img5ec39623a460e.jpg;img5ec39d48663da.jpg
1470,Staircase,Stair;Cash,,NA,1,,,14,img5ec39e81b71f9.jpg;img5e39444f158e8.jpg
1471,Waist,Way;East,,NA,1,,,10,img5ec3a237cd084.jpg;img5e393b606a2a4.jpg
1472,Sandstorm,Sand;Storm,,NA,0,,,12,img5ec3a41bbdb64.jpg;img5ec3a51f302ea.jpg
1473,Tin,Tee;In,,NA,2,,,12,img5ec3a616785ff.jpg;img5ec3a6cdab97a.jpg
1474,Handstand,Hand;Stand,,NA,1,,,14,img5e3c0660470c6.jpg;img5e4e470f28ebb.jpg
1475,Gearstick,Gear;Stick,,NA,0,,,12,img5ec3ab4708f22.jpg;img5ec3ac68e76c0.jpg
1476,Disconnect,Dish;Connect,,NA,1,,,14,img5e423a3ccb4e9.jpg;img5e43c25de30af.jpg
1477,Photocopy,Photo;Copy,,NA,2,,,16,img5ec3b2ae74773.jpg;img5ec3b5f54a0eb.jpg
1478,Tableware,Table;Wear,,NA,0,,,12,img5ec3b985094b9.jpg;img5e3aa147613c5.jpg
1479,Backless,Back;Lace,,NA,1,,,12,img5ec273fdc25df.jpg;img5ec3bc9078084.jpg
1480,Landscape,Land;Scape,,NA,2,,,16,img5e43a95bd7524.jpg;img5ec29ccfb63a4.jpg
1481,Robbery,Robe;Berry,,NA,0,,,10,img5ec7552218186.jpg;img5ec7574457f9c.jpg
1482,Drone,Draw;One,,NA,1,,,10,img5ec758e36838b.jpg;img5ec75b4bdb8b9.jpg
1483,Convey,Cone;Way,,NA,1,,,14,img5ec75c1eba492.jpg;img5e4bc694b808a.jpg
1484,Pivot,Pie;Vote,,NA,0,,,8,img5ec75dde83814.jpg;img5ec75ff9dc58b.jpg
1485,Hiking,High;King,,NA,1,,,12,img5e56596315bd9.jpg;img5ec76204358a1.jpg
1486,Gamble,Game;Ball,,NA,1,,,12,img5ec762dc06030.jpg;img5e4a3b0b0bd99.jpg
1487,Assign,Ace;Sign,,NA,0,,,10,img5e4a19137c5c8.jpg;img5e41288ad90f1.jpg
1488,Sample,Shame;Pal,,NA,2,,,12,img5ec7679194725.jpg;img5ec768ff91bcd.jpg
1489,Mail,May;Eel,,NA,1,,,10,img5e342b21bb3a6.jpg;img5e5e4d321dad2.jpg
1490,Respond,Race;Pond,,NA,2,,,14,img5ec76c8fa8e89.jpg;img5ec76ec53b1df.jpg
1491,Bookseller,Book;Seller,,NA,0,,,12,img5ec77009aaa0e.jpg;img5e57ac0791943.jpg
1492,Deliver,Deal;Liver,,NA,1,,,12,img5ec7719e7eec0.jpg;img5e5e4057c3b17.jpg
1493,Bean,Bee;In,,NA,1,,,10,img5e3932833391f.jpg;img5ec7757ae0569.jpg
1494,Microphone,Micro;Phone,,NA,0,,,12,img5ec7760465a25.jpg;img5e3129bec5f7c.jpg
1495,Excel,Axe;Cell,,NA,2,,,12,img5ec77a1c906bc.jpg;img5e31237ec3edf.jpg
1496,Press,Pray;Ace,,NA,1,,,12,img5e5e19fbc2af4.jpg;img5e4117ecb81d9.jpg
1497,Coffeemaker,Coffee;Maker,,NA,0,,,14,img5ec77fb712121.jpg;img5ec78434c4e31.jpg
1498,Garden,Guard;Den,,NA,1,,,12,img5ec78a3b9dd99.jpg;img5ec78c6090ac1.jpg
1499,Rain,Ray;In,,NA,1,,,10,img5e4d2a2ec08f6.jpg;img5e33daadc5d87.jpg
1500,Needle,Knee;Dull,,NA,2,,,14,img5e39526234f04.jpg;img5e3ba5b2440cb.jpg
1501,Rundown,Run;Down,,NA,0,,,10,img5e5ccec0344d2.jpg;img5e3b9f3b7ae91.jpg
1502,Summary,Sum;Marry,,NA,1,,,12,img5e4cd1231cb1b.jpg;img5ebf795b31609.jpg
1503,Audit,Odd;Eat,,NA,1,,,10,img5e3a670e1b04c.jpg;img5e39545546841.jpg
1504,Overwork,Over;Work,,NA,0,,,12,img5e329d13b5e49.jpg;img5e4398ab12427.jpg
1505,Aerobic,Arrow;Beak,,NA,2,,,14,img5e3c03d5f1621.jpg;img5ebbf94e1142d.jpg
1506,Commit,Come;Meat,,NA,0,,,10,img5e54ec5dda7c8.jpg;img5e453fa5116be.jpg
1507,Hamstring,Ham;String,,NA,1,,,12,img5e3d2fdd9cd96.jpg;img5ebc00ede206c.jpg
1508,Lock,Low;Oak,,NA,0,,,8,img5e32b05a2ace4.jpg;img5e4d27cfe7e93.jpg
1509,Memorize,Memo;Rise,,NA,1,,,12,img5ec367a40faea.jpg;img5e3d0fd50a6e8.jpg
1510,Defeat,D;Feet,,NA,1,,,10,img5ebc02143f98e.jpg;img5e33f6ede2e70.jpg
1511,Tile,Tie;Eel,,NA,0,,,8,img5ebcd4af267b8.jpg;img5ebcd4af26985.jpg
1512,Matress,Mat;Race,,NA,2,,,12,img5e3918c40f409.jpg;img5e44e8875be04.jpg
1513,Bedsheet,Bed;Sheet,,NA,0,,,12,img5e58a51a32bdf.jpg;img5e74b54aae844.jpg
1514,God,Go;Odd,,NA,2,,,10,img5e46475a775dd.jpg;img5ebbeb67a5ca1.jpg
1515,Around,Air;Round,,NA,0,,,10,img5e31584299bed.jpg;img5e396b6a5ef06.jpg
1516,Crown,Crow;On,,NA,1,,,14,img5e423da4581bc.jpg;img5e4676c5cbbdd.jpg
1517,Slight,Sly;Light,,NA,1,,,12,img5ec2a32d453d3.jpg;img5e4103b24c14d.jpg
1518,Toward,Two;Ward,,NA,0,,,10,img5e43a6bfc1294.jpg;img5e51151bece78.jpg
1519,Vapor,Way;Pour,,NA,2,,,12,img5ebcd808ad10c.jpg;img5e5668acb509e.jpg
1520,Excellent,Excel;Ant,,NA,0,,,12,img5ec265191fda2.jpg;img5e3415c5bd55b.jpg
1521,Conclude,Cone;Cloud,,NA,1,,,14,img5e4d2bf5946b9.jpg;img5e4e2342d3994.jpg
1522,Cruise,Crew;Ice,,NA,2,,,10,img5ebcd9a7409f2.jpg;img5e411ccf2037d.jpg
1523,Soar,Sow;Oar,,NA,0,,,8,img5ebcdd974dd62.jpg;img5e5f5265b3110.jpg
1524,Foreman,Four;Man,,NA,1,,,12,img5e302c2c0c9e0.jpg;img5e3a72a560936.jpg
1525,Whisper,Wish;Purr,,NA,0,,,10,img5eb9155b501bc.jpg;img5ebfcb2674a3a.jpg
1526,Demand,Dim;End,,NA,2,,,12,img5f3515667cc3e.jpg;img5ebcea4156a8e.jpg
1527,Ramble,Ram;Ball,,NA,1,,,10,img5e3c080b41b93.jpg;img5e3bac77704a9.jpg
1528,Diving,Die;Wing,,NA,0,,,10,img5ebcf54d340af.jpg;img5ebcf1660bc07.jpg
1529,Playtime,Play;Time,,NA,1,,,14,img5ebcf7ff2a37f.jpg;img5e438b090905f.jpg
1530,While,Why;Eel,,NA,2,,,10,img5e4540e02febf.jpg;img5ebcfa6873cff.jpg
1531,Single,Sing;Gull,,NA,0,,,10,img5eb9225f90c0a.jpg;img5e563a3b770ac.jpg
1532,Heroin,Hero;In,,NA,1,,,10,img5e414d0e57054.jpg;img5e53973784345.jpg
1533,Counterpoint,Counter;Point,,NA,1,,,16,img5ebd0706b5307.jpg;img5e3bc047c3b14.jpg
1534,Liftoff,Lift;Off,,NA,0,,,10,img5e566810bdb74.jpg;img5e4d2613bc7da.jpg
1535,Herbal,Herb;Ball,,NA,2,,,14,img5ebd09f4c40c2.jpg;img5e32a5253bdde.jpg
1536,Control,Cone;Troll,,NA,1,,,12,img5e32de47dbfa5.jpg;img5ebd0cf504bd0.jpg
1537,Helpline,Help;Line,,NA,0,,,12,img5e40e7fe248b4.jpg;img5e3ba480ed377.jpg
1538,Advise,Aid;Wise,,NA,1,,,10,img5e37da73614cd.jpg;img5e32cd6251606.jpg
1539,Invest,Inn;Waist,,NA,1,,,12,img5ebd105e38768.jpg;img5e4cd9974bb96.jpg
1540,Wafer,Way;Fur,,NA,0,,,10,img5e4bc694b7e2f.jpg;img5e3a9bc8c7706.jpg
1541,Moment,Mow;Mint,,NA,2,,,14,img5e427d9bdee6d.jpg;img5e32eb3b0bcd5.jpg
1542,Original,Oar;Regional,,NA,0,,,10,img5e3bc2bf736a9.jpg;img5ec37e87e0e2b.jpg
1543,Sprayer,Spray;Year,,NA,1,,,12,img5e3a884f8dd21.jpg;img5ebd325d5fc55.jpg
1544,Mileage,Mile;Age,,NA,1,,,14,img5ebd32fa807f8.jpg;img5ebac0529a803.jpg
1545,Fastest,Fast;Test,,NA,0,,,10,img5ebd3793b346d.jpg;img5e412bbc3ded6.jpg
1546,Farmer,Farm;Mare,,NA,2,,,12,img5e396d0b520aa.jpg;img5ebd3875a9af5.jpg
1547,Nightlamp,Night;Lamp,,NA,0,,,12,img5e61e86ad90ce.jpg;img5e4103b24c091.jpg
1548,Ashtray,Ace;Tray,,NA,1,,,12,img5e42497e451d7.jpg;img5ebd3deb0177d.jpg
1549,Poultry,Pole;Tree,,NA,2,,,14,img5e50f1840542d.jpg;img5e427669999cd.jpg
1550,Delete,Deal;Eat,,NA,0,,,12,img5e3bae7bc2d05.jpg;img5e3c013607b0f.jpg
1551,Fishy,Fish;Sea,,NA,1,,,10,img5e33fda6ea65b.jpg;img5e2bfd0411ef2.jpg
1552,Jailbird,Jail;Bird,,NA,1,,,12,img5ec7a617728fb.jpg;img5e390c2e99c52.jpg
1553,Layout,Lay;Out,,NA,0,,,10,img5e43a9ac1aa5e.jpg;img5e3919b1c554f.jpg
1554,Apple,A;Pal,,NA,2,,,14,img5ec7ab3c71dea.jpg;img5e4b81432c086.jpg
1555,Sickle,Sick;Call,,NA,1,,,10,img5e33fb06c75de.jpg;img5e425a8fa2c22.jpg
1556,Microsoft,Micro;Soft,,NA,0,,,12,img5ec7b1aba81b9.jpg;img5e3a9bc8c7514.jpg
1557,Block,Blow;Oak,,NA,1,,,12,img5e37c80bf2cda.jpg;img5ec7b5644992a.jpg
1558,Shovel,Show;Well,,NA,1,,,14,img5e4e202a956b9.jpg;img5e578cfb592db.jpg
1559,Worklist,Work;List,,NA,0,,,12,img5e46949d2c570.jpg;img5ec37c2c89714.jpg
1560,Tighten,Tie;Ten,,NA,2,,,14,img5ec7ba88b0789.jpg;img5e2eddf99e8bb.jpg
1561,Domestic,Dome;Stick,,NA,0,,,12,img5eb8edc9a06d7.jpg;img5ec7bd5d8102a.jpg
1562,Many,Man;Knee,,NA,1,,,10,img5e10854630877.jpg;img5e33bf8686cc6.jpg
1563,Pedal,Pay;Dull,,NA,2,,,14,img5e39444f158e8.jpg;img5ec7c243dc744.jpg
1564,Loudspeaker,Loud;Speaker,,NA,0,,,14,img5ec2839ed2d4d.jpg;img5ec7c50b18aa4.jpg
1565,Macaw,Make;Cow,,NA,1,,,10,img5ecb50ec1204a.jpg;img5ecb53ef393d5.jpg
1566,Harebell,Hare;Bell,,NA,2,,,14,img5ecb550dca94a.jpg;img5e5decf701cda.jpg
1567,Fireweed,Fire;Weed,,NA,0,,,12,img5e3c0e7210af3.jpg;img5e4cc781d5358.jpg
1568,Near,Knee;Ear,,NA,2,,,12,img5e33bf8686a35.jpg;img5e1079cd7aa09.jpg
1569,Eagle,E;Gull,,NA,0,,,10,img5e5d01b189441.jpg;img5ecb5e7d91c4a.jpg
1570,Bone,Bow;On,,NA,1,,,12,img5ecb5f5cde461.jpg;img5e3d6f6f1abe3.jpg
1571,Thicket,Thick;Cat,,NA,1,,,12,img5ecb61e944e33.jpg;img5ecb62c58ddbd.jpg
1572,Handcart,Hand;Cart,,NA,0,,,12,img5e2fff1d8656b.jpg;img5e3d6d0c49eed.jpg
1573,Tiny,Tie;Knee,,NA,2,,,12,img5ecb659aab74c.jpg;img5ecb68d97a37e.jpg
1574,Monarch,Moon;Arch,,NA,1,,,14,img5e42884d03eea.jpg;img5ecb6a491eb24.jpg
1575,Cashback,Cash;Back,,NA,0,,,12,img5ecb6b2981c86.jpg;img5ecb6c5e30bd0.jpg
1576,Profit,Proof;Fit,,NA,1,,,12,img5ecb6de86973d.jpg;img5ebf7333be38c.jpg
1577,Sawdust,Saw;Dust,,NA,2,,,14,img5e4a5dc3c0980.jpg;img5ecb707673cf8.jpg
1578,Toolbelt,Tool;Belt,,NA,0,,,12,img5ecb715d8813a.jpg;img5ecb7226c536d.jpg
1579,Europe,You;Rope,,NA,1,,,12,img5e57a7d2dd628.jpg;img5e3d3fc25bc54.jpg
1580,Listen,List;Sun,,NA,2,,,14,img5e3c0c1f3067c.jpg;img5e37dfd662e2e.jpg
1581,Banking,Bank;King,,NA,0,,,12,img5e415558e79af.jpg;img5ecb792344658.jpg
1582,Fatal,Fat;Tall,,NA,1,,,12,img5e426e3d20bcf.jpg;img5e56596315d09.jpg
1583,Cardholder,Card;Holder,,NA,1,,,14,img5ecb852a58a6e.jpg;img5ecb872479e13.jpg
1584,Lifetime,Life;Time,,NA,0,,,12,img5e438a6fad497.jpg;img5e43f9c8dab13.jpg
1585,Pastel,Paste;Tall,,NA,1,,,12,img5e2ffa3e73579.jpg;img5ecb8eabd248d.jpg
1586,Newsprint,News;Print,,NA,1,,,14,img5e33f17654299.jpg;img5ecb920ec9843.jpg
1587,Paperboard,Paper;Board,,NA,0,,,12,img5e43cb3494880.jpg;img5ecb942b49fcb.jpg
1588,Rubber,Rub;Bar,,NA,2,,,14,img5ecb94ab1bacc.jpg;img5ecb95cb2e8b8.jpg
1589,Dropper,Drop;Purr,,NA,1,,,14,img5ec4ebd4eabb7.jpg;img5ecb97ea44810.jpg
1590,Electricity,Electric;City,,NA,2,,,16,img5ecb9a20007d4.jpg;img5ecb9b6e74265.jpg
1591,Cheapest,Chip;Paste,,NA,0,,,12,img5ecb9d0ad9e6c.jpg;img5e2ffa3e738d0.jpg
1592,Design,D;Sign,,NA,1,,,12,img5e415a3425796.jpg;img5ecba17e7c380.jpg
1593,Skillet,Ski;Late,,NA,1,,,14,img5e3a8b6b38382.jpg;img5ecba45a47101.jpg
1594,Eyespot,Eye;Spot,,NA,0,,,10,img5e468c0fe0458.jpg;img5e300b577aef9.jpg
1595,Roasting,Row;Sting,,NA,2,,,14,img5ecba98032427.jpg;img5ecbab1644363.jpg
1596,Jewelry,Jewel;Lorry,,NA,1,,,12,img5ecbac7267c4b.jpg;img5ecbae31d6f3f.jpg
1597,Mailman,Mail;Man,,NA,0,,,10,img5e341a7e98bf7.jpg;img5e31968879e19.jpg
1598,Autodial,Auto;Dial,,NA,1,,,14,img5e37ba6cb68e3.jpg;img5ecbb514149c3.jpg
1599,Cordless,Cord;Lace,,NA,1,,,14,img5ecbb5a82ff75.jpg;img5ec262ec248ec.jpg
1600,Phillips,Fill;Lips,,NA,2,,,16,img5ec3906674a3f.jpg;img5ecbbb7ac4280.jpg
1601,Blacklist,Black;List,,NA,0,,,14,img5e33f1d9418f4.jpg;img5ebe2c3fd8605.jpg
1602,Airlift,Air;Lift,,NA,1,,,12,img5e3d3c6860843.jpg;img5e3cf881df546.jpg
1603,Nearby,Near;Bye,,NA,1,,,12,img5e3ba80ebb810.jpg;img5e314a9388e1a.jpg
1604,Comeback,Come;Back,,NA,0,,,10,img5e4a410608fb1.jpg;img5e43c11bd6fe3.jpg
1605,Bankroll,Bank;Roll,,NA,2,,,14,img5e2fe084b92af.jpg;img5ebe33ea9242f.jpg
1606,Doorstop,Door;Stop,,NA,0,,,10,img5e3a7b327e6df.jpg;img5e4b8c6ae2806.jpg
1607,Gearshift,Gear;Shift,,NA,1,,,14,img5e3bbdaa9b93b.jpg;img5ec26a0f06a05.jpg
1608,Firebox,Fire;Box,,NA,0,,,10,img5ebe4697dcf28.jpg;img5e34042cbc6e5.jpg
1609,Eyewitness,Eye;Witness,,NA,1,,,16,img5e4537c699c6c.jpg;img5e3968e14f19f.jpg
1610,Fishnet,Fish;Net,,NA,1,,,10,img5ebe48f4e3ee3.jpg;img5e342199666af.jpg
1611,Handgun,Hand;Gun,,NA,0,,,10,img5e38ff500b251.jpg;img5ebbc03491280.jpg
1612,Authorship,Author;Ship,,NA,2,,,14,img5ec37da0d011c.jpg;img5e53907b473d5.jpg
1613,Babysitter,Baby;Sitter,,NA,0,,,12,img5e32d44fac5f6.jpg;img5ebe4c5697d48.jpg
1614,Moonshine,Moon;Shine,,NA,2,,,14,img5ebe4ff881bc7.jpg;img5e4cd1eab3267.jpg
1615,Handball,Hand;Ball,,NA,0,,,12,img5e3ba33123512.jpg;img5ebe60409b834.jpg
1616,Dairymaid,Dairy;Maid,,NA,1,,,14,img5e58fd5657a86.jpg;img5e3148c808023.jpg
1617,Footrest,Foot;Rest,,NA,1,,,12,img5e3d6b5412ec9.jpg;img5e302ded9a301.jpg
1618,Buttonhole,Button;Hole,,NA,0,,,14,img5e37e05a56d1d.jpg;img5ebe6f220e197.jpg
1619,Carsick,Car;Sick,,NA,2,,,12,img5e341d89d0129.jpg;img5e55f5d42274a.jpg
1620,Egghead,Egg;Head,,NA,0,,,10,img5e302c2c0c8e3.jpg;img5e3d49f232c3d.jpg
1621,Ironwork,Iron;Work,,NA,1,,,12,img5e107f157cd71.jpg;img5ebe72f8bf14d.jpg
1622,Guideline,Guide;Line,,NA,2,,,14,img5ebe840c1dc62.jpg;img5e3ba4d55a788.jpg
1623,Inkwell,Ink;Well,,NA,0,,,10,img5ebe7f2650cf1.jpg;img5e3bb9b0eb541.jpg
1624,Longhouse,Long;House,,NA,1,,,16,img5e4e4b4cea319.jpg;img5ebe84e32d5d6.jpg
1625,Sixfold,Six;Fold,,NA,0,,,10,img5ebe86735e637.jpg;img5ebe86735eac3.jpg
1626,Northeast,North;East,,NA,2,,,14,img5ebe8767b2ff0.jpg;img5e393b607137e.jpg
1627,Tailbone,Tail;Bone,,NA,1,,,12,img5e4b76c5165ec.jpg;img5e2c3d43108b8.jpg
1628,Wardroom,Ward;Room,,NA,0,,,12,img5e4a82c2b5aed.jpg;img5e416f72415da.jpg
1629,Butterfat,Butter;Fat,,NA,1,,,14,img5e3012300f80e.jpg;img5e3b9b345c3e3.jpg
1630,Cancan,Can;Can,,NA,2,,,12,img5e32d579c1838.jpg;img5e609ec48ea6c.jpg
1631,Textbook,Text;Book,,NA,0,,,12,img5ebe93f391b83.jpg;img5e395b77b0a3c.jpg
1632,Washtub,Wash;Tub,,NA,1,,,14,img5e4b6cc3a315e.jpg;img5e5a3b775be6d.jpg
1633,Bluegrass,Blue;Grass,,NA,1,,,16,img5ebe9a247d8db.jpg;img5ebe9a247dc53.jpg
1634,Tabletop,Table;Top,,NA,0,,,10,img5e4119dd4855e.jpg;img5e4ba19e11bbd.jpg
1635,Weathercock,Weather;Cock,,NA,2,,,16,img5e3d4bc1c6ca9.jpg;img5ebf9cf2bb84e.jpg
1636,Crossover,Cross;Over,,NA,1,,,14,img5ebfa357ae155.jpg;img5e58eb2bd35a6.jpg
1637,Blackbird,Black;Bird,,NA,0,,,12,img5e3d5816421b2.jpg;img5e2be1d6c4e0f.jpg
1638,Dishpan,Dish;Pen,,NA,1,,,12,img5e411de068cf4.jpg;img5e3a7872c2fc9.jpg
1639,Watchtower,Watch;Tower,,NA,1,,,16,img5e41288ad8f56.jpg;img5ebfbbd738a29.jpg
1640,Superhero,Super;Hero,,NA,0,,,12,img5e3146dcdd659.jpg;img5e3ad45271dbc.jpg
1641,Counterpane,Counter;Pane,,NA,2,,,16,img5ebd0706b5307.jpg;img5ebfc2db29c57.jpg
1642,Wastepaper,Waste;Paper,,NA,0,,,12,img5e4e51d289543.jpg;img5e4131d2c92b9.jpg
1643,Taxpayer,Tax;Payer,,NA,1,,,14,img5e41529d8ed44.jpg;img5e3171548b900.jpg
1644,Rearrange,Rear;Arrange,,NA,1,,,12,img5e429befd264c.jpg;img5ec26e2688f23.jpg
1645,Pinpoint,Pin;Point,,NA,0,,,10,img5e429a3e7b14e.jpg;img5eb532c62deba.jpg
1646,Taboo,Tab;Boo,,NA,2,,,12,img5e5caba24803b.jpg;img5e5caf5b833d1.jpg
1647,Cabdriver,Cab;Driver,,NA,0,,,12,img5eb54c768cb3a.jpg;img5e4144a96a3e2.jpg
1648,Hummingbird,Humming;Bird,,NA,1,,,16,img5e5e01d79a577.jpg;img5e32c2b2cffb5.jpg
1649,Upwind,Up;Wind,,NA,2,,,12,img5e3a61bc65b38.jpg;img5e42a8e114155.jpg
1650,Waterline,Water;Line,,NA,0,,,12,img5ebfe06409277.jpg;img5ebfe064094e1.jpg
1651,Priceline,Price;Line,,NA,1,,,16,img5e4a30af20e69.jpg;img5e4bc36c36a33.jpg
1652,Noisemaker,Noise;Maker,,NA,1,,,14,img5e3cf8b2b0ee6.jpg;img5ebfe393ecf0a.jpg
1653,Overflow,Over;Flow,,NA,0,,,10,img5e342b21bb3a6.jpg;img5ebfed456ce77.jpg
1654,Common,Come;On,,NA,2,,,14,img5eb4e7c21ccb7.jpg;img5e2aeb951015f.jpg
1655,Inland,In;Land,,NA,1,,,12,img5e5798314a540.jpg;img5e43a95bd7524.jpg
1656,Paycheck,Pay;Check,,NA,0,,,10,img5e41529d8eb19.jpg;img5e33fb06c731e.jpg
1657,Wheelbase,Wheel;Base,,NA,1,,,14,img5e32d3fce681b.jpg;img5e33f69c84afe.jpg
1658,Sideshow,Side;Show,,NA,1,,,12,img5ebf993c83167.jpg;img5e3ad67927836.jpg
1659,Horsefly,Horse;Fly,,NA,0,,,10,img5e41246260a8b.jpg;img5e390ff4aaf41.jpg
1660,Knockout,Knock;Out,,NA,2,,,14,img5e74bc5ad09ec.jpg;img5e43a29b42caa.jpg
1661,Playground,Play;Ground,,NA,0,,,14,img5e3a578f36c1d.jpg;img5ecc9eb8544b9.jpg
1662,Hammerhead,Hammer;Head,,NA,1,,,16,img5e4698da7f79e.jpg;img5e5c95de281bd.jpg
1663,Eyesight,Eye;Sight,,NA,2,,,14,img5e2fe41409018.jpg;img5ecca39372f69.jpg
1664,Shotgun,Shot;Gun,,NA,0,,,10,img5ecca44c91821.jpg;img5ec263faf0351.jpg
1665,Widespread,Wide;Spread,,NA,1,,,14,img5e4b911e413a6.jpg;img5ecca9a0c5074.jpg
1666,Hemstitch,Ham;Stitch,,NA,2,,,16,img5eccaadc71e0a.jpg;img5ebe8afe5d3c9.jpg
1667,Carload,Car;Load,,NA,0,,,10,img5eccad14bc52c.jpg;img5e4a1c691575a.jpg
1668,Ratline,Rat;Line,,NA,2,,,14,img5eccae6a602ee.jpg;img5eccaf52167d8.jpg
1669,Whitecap,White;Cap,,NA,0,,,12,img5eccb050aa3ae.jpg;img5eccb508a76d6.jpg
1670,Fatherless,Father;Lace,,NA,1,,,16,img5e2ffd13e5c6b.jpg;img5e4a5a728ee35.jpg
1671,Shipyard,Ship;Yard,,NA,1,,,14,img5eccc16eb3918.jpg;img5ec37e3195f5a.jpg
1672,Waistband,Waist;Band,,NA,0,,,12,img5e4d016d1c17a.jpg;img5eccc8db4b27e.jpg
1673,Overshoes,Over;Shoes,,NA,2,,,16,img5ecccaf799141.jpg;img5e62511c38d0b.jpg
1674,Schoolboy,School;Boy,,NA,1,,,14,img5ebe851a96bee.jpg;img5e3d386a5978d.jpg
1675,Underarm,Under;Arm,,NA,0,,,12,img5e32c6ba110c1.jpg;img5eccd537da7cf.jpg
1676,Rattletrap,Rattle;Trap,,NA,1,,,16,img5ebfc3a7b5948.jpg;img5eccd700ab395.jpg
1677,Oneself,One;Shelf,,NA,2,,,12,img5ec75b4bdb537.jpg;img5ecd2f971ff10.jpg
1678,Outcast,Out;Cast,,NA,0,,,10,img5e43a1a26db61.jpg;img5ed9df2741999.jpg
1679,Parkway,Park;Way,,NA,1,,,14,img5e42686bd0082.jpg;img5e3baf0320011.jpg
1680,Cardsharp,Card;Sharp,,NA,0,,,12,img5e33e7f07e82a.jpg;img5ecd2eb4da03a.jpg
1681,Backhand,Back;Hand,,NA,0,,,10,img5e4b8898ac90e.jpg;img5e317006952b9.jpg
1682,Jetliner,Jet;Liner,,NA,1,,,16,img5e33ee6c5ffce.jpg;img5ec279c7b2a0e.jpg
1683,Cottontail,Cotton;Tail,,NA,0,,,12,img5ecd2e7783059.jpg;img5e38fc54b6a4f.jpg
1684,Lifeboat,Life;Boat,,NA,0,,,10,img5e411495a9c6c.jpg;img5e3bb6c506dfa.jpg
1685,Newsroom,News;Room,,NA,1,,,14,img5ecd2dfc31407.jpg;img5e413d8c48509.jpg
1686,Motherhood,Mother;Hood,,NA,1,,,14,img5ebf8f704b4b8.jpg;img5ecd2d6f4a79b.jpg
1687,Layman,Lay;Man,,NA,0,,,10,img5e3bbffa40165.jpg;img5e37bae55965c.jpg
1688,Backdrop,Back;Drop,,NA,2,,,16,img5e327dc0bf8aa.jpg;img5e3c101b8e449.jpg
1689,Lawgiver,Law;Giver,,NA,1,,,12,img5e635d8091ef6.jpg;img5ecd2ca9db469.jpg
1690,Airtime,Air;Time,,NA,2,,,16,img5e3d4e32b5055.jpg;img5e4b953a4c956.jpg
1691,Lapwing,Lap;Wing,,NA,0,,,10,img5e301988c4a63.jpg;img5ebe773831ad5.jpg
1692,Keypunch,Key;Punch,,NA,1,,,14,img5e3d1c3aa0f74.jpg;img5e3d2be5ab050.jpg
1693,Inchworm,Inch;Worm,,NA,1,,,12,img5ecf79234bbe2.jpg;img5ecf79234d2a8.jpg
1694,Fireworks,Fire;Works,,NA,0,,,12,img5e3a7fd0b8aa9.jpg;img5ecf867a42efd.jpg
1695,Booklet,Book;Late,,NA,2,,,14,img5ecf855a0769d.jpg;img5eb91e9d9a584.jpg
1696,Foothill,Foot;Hill,,NA,1,,,12,img5ecf87e72bdb6.jpg;img5ecf87e72bcd7.jpg
1697,Cornwall,Corn;Wall,,NA,0,,,12,img5ed08f52a38aa.jpg;img5eb515a36d765.jpg
1698,Forklift,Fork;Lift,,NA,1,,,14,img5ed095c4319f8.jpg;img5ed095c431f71.jpg
1699,Courthouse,Court;House,,NA,1,,,16,img5e3badadb821e.jpg;img5e33af464deea.jpg
1700,Helpmate,Help;Mat,,NA,2,,,12,img5ed099b28945e.jpg;img5e40f7deaa324.jpg
1701,Compass,Come;Pass,,NA,0,,,12,img5e3ba480ed1e4.jpg;img5e3a80d9e2c76.jpg
1702,Backfield,Back;Field,,NA,1,,,14,img5e3bc5c3745d3.jpg;img5e5c9071f0994.jpg
1703,Horsepower,Horse;Power,,NA,1,,,14,img5eb94476bdd36.jpg;img5e5ca24b46757.jpg
1704,Moonstone,Moon;Stone,,NA,0,,,12,img5e2ebca38d8d8.jpg;img5e4b79f068d49.jpg
1705,Pawnbroker,Pawn;Broker,,NA,2,,,16,img5ec37fbf9282a.jpg;img5ec382b3d2cf5.jpg
1706,Riverbanks,River;Bank,,NA,0,,,14,img5ec27c80b5bf2.jpg;img5ec27c80b588a.jpg
1707,Butternut,Butter;Nut,,NA,1,,,14,img5e37de9713d73.jpg;img5e3136e2f1bdf.jpg
1708,Shipwreck,Ship;Wreck,,NA,0,,,12,img5e410734cf411.jpg;img5e4e6d5a4a5b1.jpg
1709,Helpless,Help;Lace,,NA,1,,,14,img602a527710725.jpg;img5e4d3165080c8.jpg
1710,Comfort,Come;Fort,,NA,1,,,16,img5e5cc4b607fc8.jpg;img5eafe64369ed8.jpg
1711,Pinhole,Pin;Hole,,NA,0,,,10,img5e416342bb418.jpg;img5e414781852fe.jpg
1712,Mothballs,Moth;Balls,,NA,2,,,14,img5ec287ad3f450.jpg;img5e40eeb8548b1.jpg
1713,Shortcake,Short;Cake,,NA,0,,,12,img5ec288d15ee0a.jpg;img5e32a5252c667.jpg
1714,Selection,Seal;Action,,NA,2,,,14,img5e4e10ef6b3d4.jpg;img5e57a53aca715.jpg
1715,Triangle,Try;Angle,,NA,0,,,12,img5e4d0745619cc.jpg;img5e4d0a1ba0f52.jpg
1716,Newscast,News;Cast,,NA,1,,,12,img5e33efb070683.jpg;img5ec50ddc18620.jpg
1717,Latin,Late;Tin,,NA,1,,,10,img5e60f5097741f.jpg;img5e5647e15754c.jpg
1718,Walkout,Walk;Out,,NA,0,,,10,img5e428a16cf7a5.jpg;img5e3919b1c55f0.jpg
1719,Target,Tar;Gate,,NA,2,,,12,img5e4bd45340bf2.jpg;img5e4bd66fd3668.jpg
1720,Livestock,Live;Stock,,NA,0,,,10,img5ee1cfee9b4c6.jpg;img5eafddffdcccc.jpg
1721,Nursemaid,Nurse;Maid,,NA,1,,,12,img5e3a9145129d8.jpg;img5e3148c8080e2.jpg
1722,Boldface,Bold;Face,,NA,2,,,14,img5ecc99adc5d51.jpg;img5e301ed233c66.jpg
1723,Weekday,Week;Day,,NA,0,,,12,img5ecc98acb75cf.jpg;img5e342b21b5394.jpg
1724,Payload,Pay;Load,,NA,1,,,12,img5e3a5234b57bf.jpg;img5e4d35584c728.jpg
1725,Taproom,Tap;Room,,NA,0,,,10,img5e43d37c2840c.jpg;img5e3917e031125.jpg
1726,Astray,Ash;Tray,,NA,2,,,14,img5ecc9a484e868.jpg;img5e6342e2c5e9f.jpg
1727,Sideburns,Side;Burns,,NA,1,,,12,img5ec38bbe798e3.jpg;img5ecc9ae5a1880.jpg
1728,Highland,High;Land,,NA,0,,,12,img5e56596315bd9.jpg;img5e43a95bd746b.jpg
1729,Bodywork,Body;Work,,NA,1,,,14,img5e42800664755.jpg;img5e40fcdf1de21.jpg
1730,Forefather,Four;Father,,NA,2,,,14,img5e302c2c0ca71.jpg;img5e396e53081b3.jpg
1731,Headdress,Head;Dress,,NA,0,,,12,img5e411f655bb83.jpg;img5e37c97f6564b.jpg
1732,Snakeskin,Snake;Skin,,NA,1,,,12,img5e57ba1e2b8f0.jpg;img5e393799a77da.jpg
1733,Turnbuckle,Turn;Buckle,,NA,1,,,14,img5e4e546ca4d10.jpg;img5ecc9811eaa28.jpg
1734,Washbowl,Wash;Bowl,,NA,0,,,10,img5e3ab8e948ef6.jpg;img5e3a92892a772.jpg
1735,Blacksmith,Black;Smith,,NA,2,,,14,img5ed09c9ddd406.jpg;img5ed09c9ddd5b2.jpg
1736,Wavelength,Wave;Length,,NA,1,,,14,img5ed09e38ab577.jpg;img5ed09e38ab8a1.jpg
1737,Airman,Air;Man,,NA,0,,,8,img5e218fe19bfe6.jpg;img5ed0a0a3beea3.jpg
1738,Wheelhouse,Wheel;House,,NA,1,,,16,img5ed0a2a334823.jpg;img5ed0a2a334dd8.jpg
1739,Underfoot,Under;Foot,,NA,1,,,14,img5e32c843f1b20.jpg;img5ed0a9c18bf05.jpg
1740,Soapstone,Soap;Stone,,NA,0,,,12,img5ed0a916c962d.jpg;img5e6257ba4ea91.jpg
1741,Keystroke,Key;Stroke,,NA,2,,,14,img5ed0aabfb63a5.jpg;img5ed0aabfb6825.jpg
1742,Paymaster,Pay;Master,,NA,0,,,10,img5e3a6da418c4d.jpg;img5ed6501339d46.jpg
1743,Inkblot,Ink;Blot,,NA,1,,,12,img5ebabc55bd60c.jpg;img5f1027d6541b3.jpg
1744,Suntan,Sun;Tan,,NA,1,,,12,img5ef58598ed176.jpg;img5e4d1dfb7599e.jpg
1745,Redcap,Red;Cap,,NA,0,,,10,img5ec3a616785ff.jpg;img5e3bd015cbc4c.jpg
1746,Waybill,Way;Bill,,NA,2,,,12,img5ed1fd9e5f9d2.jpg;img5ed1fd9e5f65b.jpg
1747,Hamster,Ham;Stir,,NA,0,,,10,img5e453fa51184b.jpg;img5ed20aaba4768.jpg
1748,Jawbreaker,Jaw;Breaker,,NA,0,,,14,img5e3029524dc1e.jpg;img5ed2048d3c98f.jpg
1749,Henpeck,Hen;Pack,,NA,2,,,12,img5ed2069f44a3a.jpg;img5ed2069f44d48.jpg
1750,Snowstorm,Snow;Storm,,NA,0,,,12,img5e3abae976a24.jpg;img5e42a8e1192aa.jpg
1751,Hookworm,Hook;Worm,,NA,1,,,16,img5ed21855955a7.jpg;img5e42883855308.jpg
1752,Carhop,Car;Hop,,NA,1,,,10,img5ed21995f3f1c.jpg;img5ed2199600168.jpg
1753,Pinup,Pin;Up,,NA,0,,,10,img5e3c07c1b7d15.jpg;img5e2c3550517b1.jpg
1754,Backtrack,Back;Track,,NA,2,,,16,img5e4bb559ee74e.jpg;img5ecb57b4eaf45.jpg
1755,Watchdog,Watch;Dog,,NA,1,,,14,img5e638762ba913.jpg;img5e4d15a3e9ca5.jpg
1756,Sugarcane,Sugar;Can,,NA,0,,,12,img5ed220cdc7fd8.jpg;img5e41594ef2cf3.jpg
1757,Fanatic,Fan;Attic,,NA,1,,,10,img5e42591dc1cea.jpg;img5ed224f066f0a.jpg
1758,Bootstrap,Boot;Strap,,NA,1,,,14,img5ed2264fdc390.jpg;img5ed2264fdc72f.jpg
1759,Hornet,Horn;Net,,NA,0,,,10,img5e57954859586.jpg;img5ed22deeb8400.jpg
1760,Daytime,Day;Time,,NA,2,,,12,img5e3c14ad86da1.jpg;img5e37c07fdecad.jpg
1761,Cheeseburger,Cheese;Burger,,NA,0,,,16,img5ed230b54167c.jpg;img5ed230b5413f8.jpg
1762,Spillway,Spill;Way,,NA,1,,,12,img5ed2333f97b19.jpg;img5e5cd06ab93ea.jpg
1763,Crosstown,Cross;Town,,NA,2,,,14,img5ed4c4ee90988.jpg;img5ed4c4ee9471d.jpg
1764,Daybed,Day;Bed,,NA,0,,,10,img5e451d5cbcf7c.jpg;img5e33ba5958d8b.jpg
1765,Slowdown,Slow;Down,,NA,1,,,12,img5ebbc03491a17.jpg;img5e4bc9728ebf5.jpg
1766,Cornstalk,Corn;Stalk,,NA,2,,,14,img5e38fc8abac46.jpg;img5ed6510a3e5ba.jpg
1767,Superman,Super;Man,,NA,0,,,12,img5e3a90db73030.jpg;img5e39526234f04.jpg
1768,Dishwater,Dish;Water,,NA,2,,,16,img5e4e3121b5ce9.jpg;img5e2e8f9e2635d.jpg
1769,Earache,Ear;Ache,,NA,0,,,12,img5e2eb91b67b97.jpg;img5ec39d4866201.jpg
1770,Pasteboard,Paste;Board,,NA,1,,,12,img5e2ffa3e73579.jpg;img5e3d0fd50a1b2.jpg
1771,Overspread,Over;Spread,,NA,1,,,14,img5e329d13b5d26.jpg;img5ed4d56223bad.jpg
1772,Housework,House;Work,,NA,0,,,12,img5e7499f9c78af.jpg;img5e301c3164dc2.jpg
1773,Slumlord,Slum;Lord,,NA,2,,,14,img5ed4d94162ecb.jpg;img5e3c1cdc9befa.jpg
1774,Fishtail,Fish;Tail,,NA,1,,,16,img5ed8a1b58317c.jpg;img5ec394fa7aceb.jpg
1775,Whitewall,White;Wall,,NA,0,,,12,img5ed8a2a2cfa5b.jpg;img5ed8a2a2cf429.jpg
1776,Passkey,Pass;Key,,NA,1,,,12,img5e3a8d650d6b8.jpg;img5ed8a4f0b28c1.jpg
1777,Wartime,War;Time,,NA,2,,,14,img5ed8a47feb200.jpg;img5e37c07fde9b3.jpg
1778,Bedroll,Bed;Roll,,NA,0,,,10,img5ed8aec096564.jpg;img5e3918c40f63e.jpg
1779,Lapland,Lap;Land,,NA,1,,,12,img5ed8ae69b302e.jpg;img5e2fe6e285c1f.jpg
1780,Mainspring,Man;Spring,,NA,2,,,16,img5ed8b2895d135.jpg;img5ed8b2895da40.jpg
1781,Longhand,Long;Hand,,NA,0,,,12,img5ed8b3c69aa71.jpg;img5ed8b3c69a8b4.jpg
1782,Wastebasket,Waste;Basket,,NA,1,,,14,img5ed8b7a7c40ad.jpg;img5ed8b7a7c3fc5.jpg
1783,Upbeat,Up;Beat,,NA,0,,,8,img5e3a81953d973.jpg;img5ed8ba7c30c3f.jpg
1784,Waistline,Waist;Line,,NA,0,,,12,img5e4cd9974b983.jpg;img5ed8bad99cd15.jpg
1785,Timeshare,Time;Share,,NA,1,,,14,img5ed8bb5920961.jpg;img5ed8bb592059e.jpg
1786,Sisterhood,Sister;Hood,,NA,1,,,14,img5ed8bc282ec4e.jpg;img5ed8bc282eb7f.jpg
1787,Playback,Play;Back,,NA,0,,,12,img5e2c345e12165.jpg;img5e3907603c193.jpg
1788,Headroom,Head;Room,,NA,0,,,12,img5e54f2b34aaa3.jpg;img5ed9e0b39d464.jpg
1789,Rearward,Rear;Ward,,NA,1,,,12,img5ed9e1c06bb2b.jpg;img5e51151becd81.jpg
1790,Skintight,Skin;Tight,,NA,2,,,14,img5e300b577b060.jpg;img5ed9e2701f965.jpg
1791,Bluebird,Blue;Bird,,NA,0,,,10,img5ed9e3321503d.jpg;img5ed9e332147a6.jpg
1792,Footlocker,Foot;Locker,,NA,1,,,16,img5ed9e5a655472.jpg;img5ed9e5a654d34.jpg
1793,Patchwork,Patch;Work,,NA,1,,,14,img5ed9e65fa686e.jpg;img5ed9e65fa718d.jpg
1794,Jackson,Jack;Son,,NA,0,,,10,img5e3d5a4e4c1cc.jpg;img5ebf8f704b229.jpg
1795,Lawmaker,Law;Maker,,NA,2,,,12,img5e3968e14f341.jpg;img5e5e5fa0def62.jpg
1796,Firewater,Fire;Water,,NA,1,,,14,img5e4bbb16019f1.jpg;img5e2e8f9e22be0.jpg
1797,Blacktop,Black;Top,,NA,0,,,12,img5e2be4ceeb24a.jpg;img5ee85c53ea18a.jpg
1798,Income,In;Come,,NA,1,,,12,img5eb519c6ac415.jpg;img5e3bea4b97670.jpg
1799,Airfield,Air;Field,,NA,1,,,14,img5e31584299ddd.jpg;img5edf3b05859e3.jpg
1800,Bookmobile,Book;Mobile,,NA,0,,,14,img5edf3a2c5b122.jpg;img5e33c740acb0c.jpg
1801,Downbeat,Down;Beat,,NA,0,,,10,img5e3b9f3b7ae91.jpg;img6041cc59ba4ee.jpg
1802,Flagship,Flag;Ship,,NA,1,,,12,img6045aba11c3f6.jpg;img6045aba11c2cf.jpg
1803,Airliner,Air;Liner,,NA,1,,,12,img5ee1bf8defbda.jpg;img5ec279c7b28e3.jpg
1804,Onetime,One;Time,,NA,0,,,8,img5e37d98a0b934.jpg;img5ee1c0f60a867.jpg
1805,Walrus,Wall;Rush,,NA,2,,,12,img6045ad3a607be.jpg;img6045ad3a60b14.jpg
1806,Workbook,Work;Book,,NA,0,,,10,img5e43cd3c8c784.jpg;img5ee1c418bc211.jpg
1807,Sidecar,Side;Car,,NA,1,,,10,img5ebbd0cec1382.jpg;img5e30071456b24.jpg
1808,Blackball,Black;Ball,,NA,0,,,12,img5ee1c50895f8c.jpg;img5ee1c50896247.jpg
1809,Repairman,Repair;Man,,NA,1,,,14,img5ee1c6b3d52e4.jpg;img5ee1c6b3d5167.jpg
1810,Playmate,Play;Mat,,NA,1,,,12,img5ee1c8104e075.jpg;img5ee1c8104e131.jpg
1811,Stepfather,Step;Father,,NA,0,,,14,img5ee1c96bbcc64.jpg;img5ee1c96bbcb19.jpg
1812,Heron,Hair;On,,NA,2,,,10,img6045aef9ef47e.jpg;img6045aef9ef730.jpg
1813,Spacesuit,Space;Suit,,NA,0,,,14,img5ee1cbef10ad1.jpg;img5ee1cbef10b93.jpg
1814,Pitfall,Pit;Fall,,NA,2,,,12,img5ee1cdf84f61a.jpg;img60471f76e2a9e.jpg
1815,Hotbed,Hot;Bed,,NA,0,,,8,img5ee1d3d8bf850.jpg;img5e391503b6cb1.jpg
1816,Overboard,Over;Board,,NA,1,,,12,img5e329d13b5f23.jpg;img5e4ccbd0f3f42.jpg
1817,Newsreel,News;Reel,,NA,1,,,14,img5ee1cfee9b6b5.jpg;img5ee1cfee9b372.jpg
1818,Restroom,Rest;Room,,NA,0,,,12,img5ee45f901a235.jpg;img5ee45f901b24f.jpg
1819,Deathbed,Death;Bed,,NA,2,,,12,img5ee4627122d2b.jpg;img5ee4627126cf4.jpg
1820,Paperclip,Paper;Clip,,NA,0,,,10,img5ee46336c2430.jpg;img5ee46336c2119.jpg
1821,Housetop,House;Top,,NA,1,,,12,img5ee463ee6e89c.jpg;img5ee463ee67821.jpg
1822,Shipload,Ship;Load,,NA,2,,,14,img5ee465b300e14.jpg;img5e468f85032a6.jpg
1823,Schoolbook,School;Book,,NA,0,,,12,img5ecccf4703c57.jpg;img5ee466a941a4c.jpg
1824,Foothold,Foot;Hold,,NA,1,,,14,img5ee4674412748.jpg;img5ee467441242b.jpg
1825,Whitewash,White;Wash,,NA,0,,,12,img5ee46961c580d.jpg;img5ee46961c64af.jpg
1826,Stonewall,Stone;Wall,,NA,2,,,14,img5ee469ed1a89c.jpg;img5ee469ed157b7.jpg
1827,Fireproof,Fire;Proof,,NA,1,,,12,img5ee46ae7ee87e.jpg;img5e5a54e77df01.jpg
1828,Knighthood,Knight;Hood,,NA,0,,,12,img5ee85201533e3.jpg;img5ecd2d6f4a79b.jpg
1829,Windpipe,Wind;Pipe,,NA,1,,,10,img5ee855da69762.jpg;img5ee855da67a03.jpg
1830,Leftover,Left;Over,,NA,2,,,12,img5ee857308d59a.jpg;img5e329d13b5e49.jpg
1831,Classmate,Class;Mat,,NA,0,,,12,img5ee859696df10.jpg;img5e4111c928b03.jpg
1832,Standby,Stand;Bye,,NA,1,,,8,img5ee85a9ac00d8.jpg;img5eb5145865770.jpg
1833,Blockage,Block;Age,,NA,1,,,10,img6045afe0209b9.jpg;img6045afe02686a.jpg
1834,Tiptop,Tip;Top,,NA,0,,,8,img5ee85c53ea427.jpg;img5ee85c53ea18a.jpg
1835,Slideshow,Slide;Show,,NA,2,,,14,img5ee85ffd9462d.jpg;img5ee85ffd9458a.jpg
1836,Hayloft,Hay;Loft,,NA,1,,,10,img5ee864674a129.jpg;img5ee864674a2ec.jpg
1837,Footwear,Foot;Wear,,NA,0,,,10,img5ee8677b60350.jpg;img5e3aa14764344.jpg
1838,Stockroom,Stock;Room,,NA,1,,,14,img5e4d172d9d0be.jpg;img5ee86856def9a.jpg
1839,Poolside,Pool;Side,,NA,1,,,12,img6045b1b5d8569.jpg;img6045b1b5d83e0.jpg
1840,Uphill,Up;Hill,,NA,0,,,8,img5e2c3550519d4.jpg;img5ee86b962ee55.jpg
1841,Streetcar,Street;Car,,NA,2,,,12,img5eeafb2580d3f.jpg;img5eeafb257c201.jpg
1842,Gunfire,Gun;Fire,,NA,0,,,10,img5e5670794c5a7.jpg;img5eeafd70b053e.jpg
1843,Breadfruit,Bread;Fruit,,NA,1,,,12,img5eeafe8e65673.jpg;img5e37b1deebe8c.jpg
1844,Forearm,Four;Arm,,NA,1,,,12,img5eeb026f347ee.jpg;img5e3178ab25526.jpg
1845,Turnoff,Turn;Off,,NA,0,,,10,img5eeb04fe5949f.jpg;img5eb556188c9a7.jpg
1846,Knothole,Knot;Hole,,NA,2,,,14,img5f0c6732b73da.jpg;img5e3a9621c2669.jpg
1847,Gumdrop,Gum;Drop,,NA,0,,,10,img5eeb09426cce5.jpg;img5eeb09426cc47.jpg
1848,Soybean,Soy;Bean,,NA,1,,,12,img5eeb09e4a6d8f.jpg;img5eeb09e4a6a92.jpg
1849,Butterfinger,Butter;Finger,,NA,2,,,16,img5e3012300f6f5.jpg;img5eeb0c4adba3f.jpg
1850,Warlord,War;Lord,,NA,0,,,8,img5e3acab7822b7.jpg;img5eeb0d02e4624.jpg
1851,Handwriting,Hand;Writing,,NA,1,,,16,img5eeafc02e107a.jpg;img5eeafc02d86b3.jpg
1852,Bedclothes,Bed;Clothes,,NA,1,,,14,img5eeb0ec2a987b.jpg;img5eeb0ec2a9aa8.jpg
1853,Springtime,Spring;Time,,NA,0,,,12,img5eeb100e9578c.jpg;img5eeb100e95567.jpg
1854,Broadband,Broad;Band,,NA,2,,,14,img6045b2587c78a.jpg;img6045b2587c63d.jpg
1855,Carfare,Car;Fare,,NA,1,,,10,img5e390f2ded864.jpg;img5eb94ab4efe74.jpg
1856,Wireless,Wire;Lace,,NA,0,,,10,img5ef0353844ac2.jpg;img5e4a33e92e7c4.jpg
1857,Spacewalk,Space;Walk,,NA,1,,,12,img5e429e651e821.jpg;img5ec54326aed3b.jpg
1858,Hotshot,Hot;Shot,,NA,1,,,10,img5e30089c5605a.jpg;img5e6349ef4a98b.jpg
1859,Guardhouse,Guard;House,,NA,0,,,12,img5e438d71ac8e0.jpg;img5e39412605942.jpg
1860,Hardship,Hard;Ship,,NA,2,,,10,img5e4136f1c47eb.jpg;img5e4392029fe34.jpg
1861,Iceberg,Ice;Berg,,NA,0,,,8,img5e3034caaf985.jpg;img604723a15a036.jpg
1862,Housefly,House;fly,,NA,1,,,12,img5e4b8fede3496.jpg;img5e2fd7e7d53d7.jpg
1863,Locksmith,Lock;Smith,,NA,2,,,14,img5e395f6dacdf4.jpg;img5ebfcba30327a.jpg
1864,Kickstand,Kick;Stand,,NA,0,,,10,img60470cef90cac.jpg;img5e3a81953da28.jpg
1865,Wingspan,Wings;Pan,,NA,1,,,12,img5e53691f060f3.jpg;img5e32ca4dc4c6a.jpg
1866,Headrest,Head;Rest,,NA,2,,,14,img5e37a82680ef0.jpg;img5e32d44fac3c9.jpg
1867,Loudmouth,Loud;Mouth,,NA,0,,,12,img5e4a8bfe59336.jpg;img5ec28fef9141c.jpg
1868,Brotherhood,Brother;Hood,,NA,2,,,16,img6045b55139059.jpg;img6045b5513a1d8.jpg
1869,Whirlwind,Whirl;Wind,,NA,0,,,12,img5ef2e274bbddd.jpg;img5ec25ac790ca5.jpg
1870,Lovesick,Love;Sick,,NA,1,,,14,img5ef2e465dfa13.jpg;img5e749bb375b19.jpg
1871,Drugstore,Drug;Store,,NA,1,,,12,img5ef2e5818317c.jpg;img5e57ac0791943.jpg
1872,Wishbone,Wish;Bone,,NA,0,,,10,img5e3c0ac9d4618.jpg;img5ef2e6381cedd.jpg
1873,Turnkey,Turn;Key,,NA,2,,,12,img5ef2e7d7638b1.jpg;img5e3432b8d6db1.jpg
1874,Crabgrass,Crab;Grass,,NA,1,,,16,img5ef2e98eb2569.jpg;img5e5c9071f05fc.jpg
1875,Undercut,Under;Cut,,NA,0,,,10,img5e3c128b595d6.jpg;img5e2ea45bc7434.jpg
1876,Barefoot,Bar;Foot,,NA,1,,,12,img5e33c93e09370.jpg;img5ef2ea84a63fe.jpg
1877,Rainmaker,Rain;Maker,,NA,2,,,10,img5ef2ebdfda295.jpg;img5ef2ebdfda12e.jpg
1878,Supercargo,Super;Cargo,,NA,0,,,14,img5e3146dcdd659.jpg;img5ef2ecd4a9f3f.jpg
1879,Tailpiece,Tail;Piece,,NA,1,,,12,img5eb54ded00eba.jpg;img5ef2edaf79f93.jpg
1880,Horsehair,Horse;Hair,,NA,2,,,14,img5ef2eed3736a6.jpg;img5e68d7e3f232c.jpg
1881,Chalkboard,Chalk;Board,,NA,0,,,12,img5ef2efc4da6e4.jpg;img5e33ee1842580.jpg
1882,Teacake,Tea;Cake,,NA,1,,,12,img5e395d4adbb2a.jpg;img5ef2f089d2df3.jpg
1883,Anthill,Ant;Hill,,NA,1,,,10,img5e327bf5b4d8b.jpg;img5ef2f198de177.jpg
1884,Drawstring,Draw;String,,NA,0,,,12,img5ef583ff185c7.jpg;img5ebfb3fc48aaf.jpg
1885,Stockbroker,Stock;Broker,,NA,1,,,14,img5e4d172da2a03.jpg;img5ef584968d06b.jpg
1886,Pawnshop,Pawn;Shop,,NA,1,,,12,img5ef5853dcd958.jpg;img5e316caf94e49.jpg
1887,Sunrise,Sun;Rise,,NA,0,,,8,img5ef58598ed176.jpg;img5e41083ad4d46.jpg
1888,Housecoat,House;Coat,,NA,2,,,16,img5ef585ff9e787.jpg;img5e57a0d27ddb1.jpg
1889,Waterfowl,Water;Fowl,,NA,1,,,12,img5e3c101b8e517.jpg;img5ef586526ce11.jpg
1890,Snowdrift,Snow;Drift,,NA,2,,,14,img5e2af3d982a67.jpg;img5e4e48e6db77d.jpg
1891,Longhorn,Long;Horn,,NA,0,,,10,img5e4e4b4cea3a6.jpg;img5e4d099ab4601.jpg
1892,Overkill,Over;Kill,,NA,1,,,10,img5e43cc36f2a9f.jpg;img5ef587ab81b1a.jpg
1893,Lifeblood,Life;Blood,,NA,1,,,14,img5ecb8abacc9f0.jpg;img5ef5885cc028b.jpg
1894,Washcloth,Wash;Cloth,,NA,0,,,12,img5ebe96763e38c.jpg;img5e32e7e6722ec.jpg
1895,Forestland,Forest;Land,,NA,2,,,16,img5ef589baa4d4e.jpg;img5e3a66d9317bd.jpg
1896,Setback,Set;Back,,NA,1,,,10,img5e43a53b60aae.jpg;img5e42b838c9122.jpg
1897,Highball,High;Ball,,NA,0,,,10,img5e41014795f0d.jpg;img5e41478185559.jpg
1898,Inpatient,In;Patient,,NA,1,,,14,img5e2fdc48232cf.jpg;img5ef58a5747feb.jpg
1899,Shortbread,Short;Bread,,NA,1,,,14,img5e41271c61f01.jpg;img5ef58ad2deb30.jpg
1900,Handout,Hand;Out,,NA,2,,,12,img5ef58bd0bccf7.jpg;img5e33fb7cb979c.jpg
1901,Dogfish,Dog;Fish,,NA,0,,,10,img5e3c08e8d8660.jpg;img5e4a56afd7273.jpg
1902,Earwig,Ear;Wig,,NA,0,,,8,img5e31553d444ef.jpg;img5ef7537b14a3f.jpg
1903,Headhunter,Head;Hunter,,NA,1,,,14,img5ebe741f5a065.jpg;img5e3a6c4b924e0.jpg
1904,Ladybird,Lady;Bird,,NA,0,,,10,img5e4cdb5d6d0a5.jpg;img5e4a4fb24e275.jpg
1905,Goldsmith,Gold;Smith,,NA,2,,,12,img5ebf7a5f41c4f.jpg;img5ebfcba3034d8.jpg
1906,Woodcutter,Wood;Cutter,,NA,0,,,12,img5eeb130da856e.jpg;img5e57bede693d4.jpg
1907,Sandbar,Sand;Bar,,NA,1,,,10,img5e2c3647d5e78.jpg;img5e4a258623141.jpg
1908,Upload,Up;Load,,NA,0,,,8,img5e2c355051941.jpg;img5e4a1c6915990.jpg
1909,Login,Log;In,,NA,1,,,10,img5e391503b6eb9.jpg;img5e4512a7a5f81.jpg
1910,Motherboard,Mother;Board,,NA,1,,,16,img5ec25269a3eb2.jpg;img5ebfac5b8db1e.jpg
1911,Workroom,Work;Room,,NA,0,,,10,img5e4a40c00a154.jpg;img5e413d8c48509.jpg
1912,Coastline,Coast;Line,,NA,2,,,14,img5e4d3672ae7d6.jpg;img5e3801c653cfc.jpg
1913,Sheepdog,Sheep;Dog,,NA,0,,,10,img5e4299449322e.jpg;img5ebfa70a86fa4.jpg
1914,Tableland,Table;Land,,NA,2,,,14,img5e32e58cb74fc.jpg;img5e5d029ae2ebd.jpg
1915,Printout,Print;Out,,NA,0,,,10,img5e32a7ea91af8.jpg;img5e38000c8597c.jpg
1916,Woodshop,Wood;Shop,,NA,1,,,14,img604c4b1a0dfea.jpg;img604c4b1a14d00.jpg
1917,Polecat,Pole;Cat,,NA,1,,,10,img5e4e80d32f4fc.jpg;img5e3adaec34e33.jpg
1918,Treetop,Tree;Top,,NA,0,,,10,img5eba398724a9f.jpg;img5e3bbb05eac01.jpg
1919,Washstand,Wash;Stand,,NA,2,,,12,img5efc29996afce.jpg;img5efc29996b141.jpg
1920,Stepladder,Step;Ladder,,NA,0,,,12,img5e3cfd7dacaaa.jpg;img5efc31a071d81.jpg
1921,Dumbbell,Dumb;Bell,,NA,1,,,12,img5efc83ea2138e.jpg;img5e3d6ad73f930.jpg
1922,Slipcover,Sleep;Cover,,NA,0,,,10,img5e31855814646.jpg;img5e2fdaaea819b.jpg
1923,Nightshirt,Night;Shirt,,NA,0,,,12,img5e38fe7998fc4.jpg;img5efc307d05067.jpg
1924,Backwater,Back;Water,,NA,1,,,14,img5e380b3244ddb.jpg;img5e3a7f90b8303.jpg
1925,Weeknight,Week;Night,,NA,0,,,12,img604c4e08f38ae.jpg;img604c4e08f37c0.jpg
1926,Penthouse,Pant;House,,NA,2,,,14,img5e58f00b0e318.jpg;img5e2ecccc531a1.jpg
1927,Homage,Home;Age,,NA,1,,,10,img604c4f2083065.jpg;img604c4f2087f78.jpg
1928,Armhole,Arm;Hole,,NA,0,,,8,img5e4153982bfc8.jpg;img5e579c18e4363.jpg
1929,Webcast,Web;Cast,,NA,1,,,12,img5e41195dbf63a.jpg;img5e4d224a6665f.jpg
1930,Goldenrod,Golden;Rod,,NA,2,,,14,img5efc3c25e02ed.jpg;img5efc885d2d6c4.jpg
1931,Racehorse,Race;Horse,,NA,0,,,12,img5e3a48d0b344c.jpg;img5e4124626093c.jpg
1932,Pillowcase,Pillow;Cash,,NA,1,,,16,img5efc5cdb6ffe8.jpg;img5ec3a0e16baf7.jpg
1933,Carrack,Car;Rack,,NA,1,,,12,img604c51081c3e1.jpg;img604c51081d414.jpg
1934,Eggcup,Egg;Cup,,NA,0,,,8,img5e3d16865e74e.jpg;img5efc623709abc.jpg
1935,Snowdrop,Snow;Drop,,NA,2,,,14,img5efc64c7260f4.jpg;img5efc64c72617c.jpg
1936,Playpen,Play;Pen,,NA,1,,,12,img5e3023b9ab043.jpg;img5e3d5c7c6d8a7.jpg
1937,Nutshell,Nut;Shell,,NA,0,,,10,img5efc6b215c419.jpg;img5efc6b215c625.jpg
1938,Floodlight,Flood;Light,,NA,1,,,16,img604c65efe23d4.jpg;img5efc6efc4c39d.jpg
1939,Gridiron,Grid;Iron,,NA,1,,,12,img5efc6fe59a615.jpg;img5efc6fe59a4b7.jpg
1940,Nosedive,Nose;Dive,,NA,0,,,10,img5efc73f7ef84d.jpg;img5e5a4206135c8.jpg
1941,Spoilsport,Spoil;Sport,,NA,2,,,14,img5efc758f6a5ef.jpg;img5efc758f6a69e.jpg
1942,Oarsman,Oars;Man,,NA,0,,,10,img5efc78202ffce.jpg;img5e300b17e7bcd.jpg
1943,Handspring,Hand;Spring,,NA,1,,,12,img5e30366f4e48a.jpg;img5e37b1d80b5a1.jpg
1944,Shuttlecock,Shuttle;Cock,,NA,1,,,14,img604c6c5a0e61b.jpg;img5e3cf6bf587f9.jpg
1945,Flywheel,Fly;Wheel,,NA,0,,,10,img5efebbfed7331.jpg;img5efebbfec4773.jpg
1946,Bedspread,Bed;Spread,,NA,2,,,12,img5e340e8ae9ac8.jpg;img5ecca9a0c54d9.jpg
1947,Warhead,War;Head,,NA,0,,,8,img604c536ff0a35.jpg;img604c536fed957.jpg
1948,Ballet,Ball;Late,,NA,1,,,10,img5e2c2ffe882ce.jpg;img5e452607b085d.jpg
1949,Halloween,Hello;Win,,NA,2,,,12,img5efec31690962.jpg;img5e4554ae1c037.jpg
1950,Offside,Off;Side,,NA,0,,,8,img5ebfcf0ff4187.jpg;img5ec38bbe79acc.jpg
1951,Downright,Down;Right,,NA,1,,,12,img5e4249ae30c89.jpg;img5ebf9de6ab8af.jpg
1952,Pantsuit,Pant;Suit,,NA,1,,,10,img5efec894ddad7.jpg;img5e4630f02658a.jpg
1953,Hangout,Hang;Out,,NA,0,,,8,img5efeccd54de59.jpg;img5e4398afb7e10.jpg
1954,Foghorn,Fog;Horn,,NA,2,,,12,img5efecbd493201.jpg;img5e4d099ab479c.jpg
1955,Seasick,Sea;Sick,,NA,1,,,14,img5e2bfd0411fa6.jpg;img5ec7ae2ea43f7.jpg
1956,Hotcake,Hot;Cake,,NA,0,,,10,img5e3418b1860ee.jpg;img5ef2f089d2eac.jpg
1957,Tollbooth,Tall;Booth,,NA,1,,,14,img5e4a1f60370a8.jpg;img5efed9bdc4d63.jpg
1958,Sawmill,Saw;Mill,,NA,1,,,12,img5e43f6e440d17.jpg;img5e415ca561c3f.jpg
1959,Breadbox,Bread;Box,,NA,0,,,10,img5f04034393418.jpg;img5f04034398036.jpg
1960,Toadstool,Toad;Stool,,NA,2,,,14,img5f040400ae670.jpg;img604c89e12f67b.jpg
1961,Workspace,Work;Space,,NA,0,,,12,img5f0404eb6e104.jpg;img5f0404eb6e831.jpg
1962,Foreshadow,Four;Shadow,,NA,1,,,16,img5e5c963b0b8b5.jpg;img5f0408be6cea8.jpg
1963,Sugarplum,Sugar;Plum,,NA,2,,,14,img5f040c4041d64.jpg;img5f040c404166d.jpg
1964,Motorcar,Motor;Car,,NA,0,,,10,img5f2930ccf183c.jpg;img5e2bd04312ad3.jpg
1965,Girlfriend,Girl;Friend,,NA,1,,,16,img5f04106d7e968.jpg;img5ec768ff920d3.jpg
1966,Watertight,Water;Tight,,NA,2,,,12,img5f0411236241c.jpg;img5ed9e2701cca7.jpg
1967,Pocketbook,Pocket;Book,,NA,0,,,12,img5f041224a323f.jpg;img5f041224a2ec1.jpg
1968,Superwoman,Super;Woman,,NA,2,,,14,img5e3ad45271dbc.jpg;img5f04131e4fc46.jpg
1969,Powerboat,Power;Boat,,NA,0,,,10,img604c931c036ac.jpg;img5f0413ec79485.jpg
1970,Outhouse,Out;House,,NA,1,,,12,img5e4e5a6d95e44.jpg;img5f0414d569a6d.jpg
1971,Bathmat,Bath;Mat,,NA,1,,,10,img5e4ba7781067d.jpg;img5e3918c40f409.jpg
1972,Snowshoe,Snow;Shoe,,NA,0,,,12,img5f041f44dee98.jpg;img5f041f44ded03.jpg
1973,Foxhole,Fox;Hole,,NA,2,,,14,img5e57a0f1ce9cc.jpg;img5e32dfce60fb8.jpg
1974,Upcoming,Up;Coming,,NA,1,,,12,img5f080a9da4952.jpg;img5e54ec5dd7dbd.jpg
1975,Nosebleed,Nose;Bleed,,NA,0,,,12,img5f080b489fddf.jpg;img5f080b489fa5f.jpg
1976,Fingertip,Finger;Tip,,NA,1,,,12,img5f080d4149f56.jpg;img604ca21f56270.jpg
1977,Windowpane,Window;Pane,,NA,2,,,14,img5e32c0f686ba7.jpg;img5f103935e9af8.jpg
1978,Roommate,Room;Mat,,NA,0,,,10,img5f080de254dff.jpg;img5f080de25500e.jpg
1979,Copywriter,Copy;Writer,,NA,1,,,12,img5e3ab625cebf6.jpg;img5e42ae22c809c.jpg
1980,Proofread,Proof;Read,,NA,2,,,12,img5ecb6de86954b.jpg;img5ec77009aa90c.jpg
1981,Doorman,Door;Man,,NA,0,,,10,img5f0811a7f2a00.jpg;img5e4100994d258.jpg
1982,Witchcraft,Witch;Craft,,NA,1,,,16,img5e302b816cce2.jpg;img5e37ca77b007b.jpg
1983,Championship,Champion;Ship,,NA,1,,,14,img5ec22ae81cc33.jpg;img5e3bb6c506c12.jpg
1984,Broomstick,Broom;Stick,,NA,0,,,12,img5f0814bb07d97.jpg;img5e108e93b088b.jpg
1985,Cowgirl,Cow;Girl,,NA,0,,,8,img5ecb53ef393d5.jpg;img5f081429bb3cb.jpg
1986,Pickpocket,Pick;Pocket,,NA,1,,,12,img5e423cd77c2f3.jpg;img5f08160f749bf.jpg
1987,Toenail,Toe;Nail,,NA,0,,,10,img5e37e05a5681d.jpg;img5f0821159500c.jpg
1988,Nightie,Nigh;Tie,,NA,2,,,14,img604c54df148f5.jpg;img604c54df1b806.jpg
1989,Headboard,Head;Board,,NA,1,,,14,img5e3a72a560a04.jpg;img5e4109283ccc0.jpg
1990,Entryway,Entry;Way,,NA,2,,,12,img5f0837f7b484d.jpg;img5e4255bf5225b.jpg
1991,Forefinger,Four;Finger,,NA,0,,,12,img5e3a92892a819.jpg;img5f082df32da36.jpg
1992,Landward,Land;Ward,,NA,1,,,12,img5f082e8e59aa4.jpg;img5e4a82c2b5cbb.jpg
1993,Waterbed,Water;Bed,,NA,1,,,14,img5e39042d1e736.jpg;img5e33ba5958d8b.jpg
1994,Hairline,Hair;Line,,NA,0,,,10,img5e68d7e3f24d6.jpg;img5e3801c653dfe.jpg
1995,Carpetbagger,Carpet;Beggar,,NA,2,,,14,img5f082fe4b5fdc.jpg;img5f082fe4b556a.jpg
1996,Overweight,Over;Weight,,NA,1,,,12,img5e43cc36f2a9f.jpg;img5f08320e59edc.jpg
1997,Firebreak,Fire;Break,,NA,0,,,12,img5e3a7fd0b8c13.jpg;img5e4698da7f522.jpg
1998,Carefree,Care;Free,,NA,1,,,10,img5ec260a8c96a8.jpg;img5e413c936e4e0.jpg
1999,Beerage,Beer;Age,,NA,1,,,12,img604c562036035.jpg;img604c4f2087d22.jpg
2000,Trapdoor,Trap;Door,,NA,2,,,12,img5e37decf9749c.jpg;img5e303eca41073.jpg
