{"model":{"version":3,"nodes":[{"name":"RootNode","position":[0,0,0],"rotation":[0,0,0],"scale":[0.01,0.01,0.01],"scaleCompensation":false},{"name":"Cylinder","position":[0,0,0],"rotation":[-90,-0,0],"scale":[50,50,50],"scaleCompensation":false}],"parents":[-1,0],"skins":[],"morphs":[],"vertices":[{"position":{"type":"float32","components":3,"data":[0.309017,0.951057,1,0,1,-1,0,1,1,0.309017,0.951057,-1,0.587785,0.809017,1,0.309017,0.951057,-1,0.309017,0.951057,1,0.587785,0.809017,-1,0.809017,0.587785,1,0.587785,0.809017,-1,0.587785,0.809017,1,0.809017,0.587785,-1,0.951057,0.309017,1,0.809017,0.587785,-1,0.809017,0.587785,1,0.951057,0.309017,-1,1,-4.37114e-08,1,0.951057,0.309017,-1,0.951057,0.309017,1,1,-4.37114e-08,-1,0.951056,-0.309017,1,1,-4.37114e-08,-1,1,-4.37114e-08,1,0.951056,-0.309017,-1,0.809017,-0.587785,1,0.951056,-0.309017,-1,0.951056,-0.309017,1,0.809017,-0.587785,-1,0.587785,-0.809017,1,0.809017,-0.587785,-1,0.809017,-0.587785,1,0.587785,-0.809017,-1,0.309017,-0.951057,1,0.587785,-0.809017,-1,0.587785,-0.809017,1,0.309017,-0.951057,-1,-3.25841e-07,-1,1,0.309017,-0.951057,-1,0.309017,-0.951057,1,-3.25841e-07,-1,-1,-0.309017,-0.951056,1,-3.25841e-07,-1,-1,-3.25841e-07,-1,1,-0.309017,-0.951056,-1,-0.587786,-0.809017,1,-0.309017,-0.951056,-1,-0.309017,-0.951056,1,-0.587786,-0.809017,-1,-0.809017,-0.587785,1,-0.587786,-0.809017,-1,-0.587786,-0.809017,1,-0.809017,-0.587785,-1,-0.951057,-0.309016,1,-0.809017,-0.587785,-1,-0.809017,-0.587785,1,-0.951057,-0.309016,-1,-1,9.65599e-07,1,-0.951057,-0.309016,-1,-0.951057,-0.309016,1,-1,9.65599e-07,-1,-0.951056,0.309018,1,-1,9.65599e-07,-1,-1,9.65599e-07,1,-0.951056,0.309018,-1,-0.809016,0.587786,1,-0.951056,0.309018,-1,-0.951056,0.309018,1,-0.809016,0.587786,-1,-0.587784,0.809018,1,-0.809016,0.587786,-1,-0.809016,0.587786,1,-0.587784,0.809018,-1,0.809017,-0.587785,1,0.587785,0.809017,1,-0.309016,0.951057,1,1,-4.37114e-08,1,0.809017,0.587785,1,0.951056,-0.309017,1,-1,9.65599e-07,1,-0.309017,-0.951056,1,0.951057,0.309017,1,0,1,1,0.309017,0.951057,1,-0.587784,0.809018,1,-0.951056,0.309018,1,-0.809016,0.587786,1,-0.587786,-0.809017,1,-0.951057,-0.309016,1,-0.809017,-0.587785,1,-3.25841e-07,-1,1,0.309017,-0.951057,1,0.587785,-0.809017,1,-0.309016,0.951057,1,-0.587784,0.809018,-1,-0.587784,0.809018,1,-0.309016,0.951057,-1,0,1,1,-0.309016,0.951057,-1,-0.309016,0.951057,1,0,1,-1,-0.309016,0.951057,-1,0.587785,0.809017,-1,0.809017,-0.587785,-1,0.951056,-0.309017,-1,-0.309017,-0.951056,-1,0.809017,0.587785,-1,0,1,-1,0.309017,0.951057,-1,1,-4.37114e-08,-1,0.951057,0.309017,-1,0.309017,-0.951057,-1,-3.25841e-07,-1,-1,0.587785,-0.809017,-1,-1,9.65599e-07,-1,-0.587786,-0.809017,-1,-0.951057,-0.309016,-1,-0.809017,-0.587785,-1,-0.587784,0.809018,-1,-0.951056,0.309018,-1,-0.809016,0.587786,-1]},"normal":{"type":"float32","components":3,"data":[0.156434,0.987688,0,0.156434,0.987688,0,0.156434,0.987688,0,0.156434,0.987688,0,0.453991,0.891006,0,0.453991,0.891006,0,0.453991,0.891006,0,0.453991,0.891006,0,0.707107,0.707107,0,0.707107,0.707107,0,0.707107,0.707107,0,0.707107,0.707107,0,0.891006,0.453991,0,0.891006,0.453991,0,0.891006,0.453991,0,0.891006,0.453991,0,0.987688,0.156434,0,0.987688,0.156434,0,0.987688,0.156434,0,0.987688,0.156434,0,0.987688,-0.156435,0,0.987688,-0.156435,0,0.987688,-0.156435,0,0.987688,-0.156435,0,0.891007,-0.453991,0,0.891007,-0.453991,0,0.891007,-0.453991,0,0.891007,-0.453991,0,0.707107,-0.707107,0,0.707107,-0.707107,0,0.707107,-0.707107,0,0.707107,-0.707107,0,0.45399,-0.891007,0,0.45399,-0.891007,0,0.45399,-0.891007,0,0.45399,-0.891007,0,0.156434,-0.987688,0,0.156434,-0.987688,0,0.156434,-0.987688,0,0.156434,-0.987688,0,-0.156435,-0.987688,0,-0.156435,-0.987688,0,-0.156435,-0.987688,0,-0.156435,-0.987688,0,-0.453991,-0.891006,0,-0.453991,-0.891006,0,-0.453991,-0.891006,0,-0.453991,-0.891006,0,-0.707107,-0.707106,0,-0.707107,-0.707106,0,-0.707107,-0.707106,0,-0.707107,-0.707106,0,-0.891007,-0.45399,0,-0.891007,-0.45399,0,-0.891007,-0.45399,0,-0.891007,-0.45399,0,-0.987688,-0.156434,0,-0.987688,-0.156434,0,-0.987688,-0.156434,0,-0.987688,-0.156434,0,-0.987688,0.156435,0,-0.987688,0.156435,0,-0.987688,0.156435,0,-0.987688,0.156435,0,-0.891006,0.453992,0,-0.891006,0.453992,0,-0.891006,0.453992,0,-0.891006,0.453992,0,-0.707106,0.707108,0,-0.707106,0.707108,0,-0.707106,0.707108,0,-0.707106,0.707108,0,-9.64423e-09,0,1,-9.64423e-09,0,1,-9.64423e-09,0,1,-9.64423e-09,0,1,-9.64423e-09,0,1,-9.64423e-09,0,1,-9.64423e-09,0,1,-9.64423e-09,0,1,-9.64423e-09,0,1,-9.64423e-09,0,1,-9.64423e-09,0,1,-9.64423e-09,0,1,-9.64423e-09,0,1,-9.64423e-09,0,1,-9.64423e-09,0,1,-9.64423e-09,0,1,-9.64423e-09,0,1,-9.64423e-09,0,1,-9.64423e-09,0,1,-9.64423e-09,0,1,-0.453989,0.891007,0,-0.453989,0.891007,0,-0.453989,0.891007,0,-0.453989,0.891007,0,-0.156434,0.987688,0,-0.156434,0.987688,0,-0.156434,0.987688,0,-0.156434,0.987688,0,-9.64423e-09,0,-1,-9.64423e-09,0,-1,-9.64423e-09,0,-1,-9.64423e-09,0,-1,-9.64423e-09,0,-1,-9.64423e-09,0,-1,-9.64423e-09,0,-1,-9.64423e-09,0,-1,-9.64423e-09,0,-1,-9.64423e-09,0,-1,-9.64423e-09,0,-1,-9.64423e-09,0,-1,-9.64423e-09,0,-1,-9.64423e-09,0,-1,-9.64423e-09,0,-1,-9.64423e-09,0,-1,-9.64423e-09,0,-1,-9.64423e-09,0,-1,-9.64423e-09,0,-1,-9.64423e-09,0,-1]},"texCoord0":{"type":"float32","components":2,"data":[0.880097,-0.0133887,0.782718,0.991206,0.782716,-0.0133882,0.880099,0.991206,0.977478,-0.0133892,0.880099,0.991206,0.880097,-0.0133887,0.977479,0.991206,0.102863,-0.0133894,0.00548409,0.991206,0.00548246,-0.0133892,0.102865,0.991205,0.200244,-0.0133899,0.102865,0.991205,0.102863,-0.0133894,0.200246,0.991205,0.297625,-0.0133905,0.200246,0.991205,0.200244,-0.0133899,0.297627,0.991204,0.395006,-0.013391,0.297627,0.991204,0.297625,-0.0133905,0.395008,0.991204,0.492386,-0.0133916,0.395008,0.991204,0.395006,-0.013391,0.492388,0.991203,0.589767,-0.0133922,0.492388,0.991203,0.492386,-0.0133916,0.589769,0.991203,0.687148,-0.0133927,0.589769,0.991203,0.589767,-0.0133922,0.68715,0.991202,0.784529,-0.0133935,0.68715,0.991202,0.687148,-0.0133927,0.784531,0.991202,0.88191,-0.0133942,0.784531,0.991202,0.784529,-0.0133935,0.881912,0.991201,0.97929,-0.0133949,0.881912,0.991201,0.88191,-0.0133942,0.979293,0.9912,0.101052,-0.0133862,0.00367156,0.991208,0.003671,-0.0133862,0.101052,0.991208,0.198432,-0.0133865,0.101052,0.991208,0.101052,-0.0133862,0.198433,0.991208,0.295813,-0.0133867,0.198433,0.991208,0.198432,-0.0133865,0.295814,0.991208,0.393194,-0.013387,0.295814,0.991208,0.295813,-0.0133867,0.393195,0.991208,0.490575,-0.0133873,0.393195,0.991208,0.393194,-0.013387,0.490576,0.991207,0.587955,-0.0133876,0.490576,0.991207,0.490575,-0.0133873,0.587956,0.991207,0.812176,0.419931,0.541336,0.980094,0.259977,0.842722,0.780675,0.718795,0.638286,0.932758,0.812176,0.573112,0.200058,0.274246,0.541337,0.0129474,0.720756,0.842721,0.342447,0.932759,0.439397,0.980094,0.200058,0.718795,0.168557,0.419929,0.168557,0.573111,0.439398,0.0129469,0.259976,0.15032,0.342447,0.0602821,0.638287,0.0602831,0.720757,0.150321,0.780676,0.274247,0.685336,-0.013388,0.587956,0.991207,0.587955,-0.0133876,0.685337,0.991207,0.782716,-0.0133882,0.685337,0.991207,0.685336,-0.013388,0.782718,0.991206,0.391948,0.00548891,0.631287,0.266788,0.488898,0.9253,0.571369,0.835262,0.110588,0.835262,0.662788,0.412471,0.488898,0.0528244,0.571368,0.142862,0.631287,0.711336,0.662788,0.565652,0.290009,0.972635,0.193059,0.9253,0.391948,0.972635,0.0506694,0.266788,0.0506694,0.711336,0.0191683,0.412471,0.0191683,0.565652,0.290009,0.00548858,0.110588,0.142861,0.193059,0.0528238]}}],"meshes":[{"aabb":{"min":[-1,-1,-1],"max":[1,1,1]},"vertices":0,