{"model":{"version":3,"nodes":[{"name":"RootNode","position":[0,0,0],"rotation":[0,0,0],"scale":[0.01,0.01,0.01],"scaleCompensation":false},{"name":"Cylinder","position":[0,0,0],"rotation":[-90,-0,0],"scale":[100,100,100],"scaleCompensation":false}],"parents":[-1,0],"skins":[],"morphs":[],"vertices":[{"position":{"type":"float32","components":3,"data":[0.154509,0.475528,0.5,0,0.5,-0.5,0,0.5,0.5,0.154509,0.475528,-0.5,0.293893,0.404509,0.5,0.293893,0.404509,-0.5,0.404509,0.293893,0.5,0.404509,0.293893,-0.5,0.475528,0.154508,0.5,0.404509,0.293893,-0.5,0.404509,0.293893,0.5,0.475528,0.154508,-0.5,0.5,-2.18557e-08,0.5,0.5,-2.18557e-08,-0.5,0.475528,-0.154509,0.5,0.475528,-0.154509,-0.5,0.404509,-0.293893,0.5,0.404509,-0.293893,-0.5,0.293893,-0.404509,0.5,0.293893,-0.404509,-0.5,0.154508,-0.475528,0.5,0.293893,-0.404509,0.5,0.154508,-0.475528,-0.5,-1.62921e-07,-0.5,0.5,-1.62921e-07,-0.5,-0.5,-0.154509,-0.475528,0.5,-0.154509,-0.475528,-0.5,-0.293893,-0.404508,0.5,-0.293893,-0.404508,-0.5,-0.404509,-0.293892,0.5,-0.404509,-0.293892,-0.5,-0.475528,-0.154508,0.5,-0.404509,-0.293892,-0.5,-0.404509,-0.293892,0.5,-0.475528,-0.154508,-0.5,-0.5,4.828e-07,0.5,-0.5,4.828e-07,-0.5,-0.475528,0.154509,0.5,-0.475528,0.154509,-0.5,-0.404508,0.293893,0.5,-0.404508,0.293893,-0.5,-0.293892,0.404509,0.5,-0.293892,0.404509,-0.5,0.404509,-0.293893,0.5,0.293893,0.404509,0.5,-0.154508,0.475528,0.5,0.5,-2.18557e-08,0.5,0.404509,0.293893,0.5,0.475528,-0.154509,0.5,-0.5,4.828e-07,0.5,-0.154509,-0.475528,0.5,0.475528,0.154508,0.5,0,0.5,0.5,0.154509,0.475528,0.5,-0.293892,0.404509,0.5,-0.475528,0.154509,0.5,-0.404508,0.293893,0.5,-0.293893,-0.404508,0.5,-0.475528,-0.154508,0.5,-0.404509,-0.293892,0.5,-1.62921e-07,-0.5,0.5,0.154508,-0.475528,0.5,0.293893,-0.404509,0.5,-0.154508,0.475528,0.5,-0.293892,0.404509,-0.5,-0.293892,0.404509,0.5,-0.154508,0.475528,-0.5,-0.154508,0.475528,-0.5,0.293893,0.404509,-0.5,0.404509,-0.293893,-0.5,0.475528,-0.154509,-0.5,-0.154509,-0.475528,-0.5,0.404509,0.293893,-0.5,0,0.5,-0.5,0.154509,0.475528,-0.5,0.5,-2.18557e-08,-0.5,0.475528,0.154508,-0.5,0.154508,-0.475528,-0.5,-1.62921e-07,-0.5,-0.5,0.293893,-0.404509,-0.5,-0.5,4.828e-07,-0.5,-0.293893,-0.404508,-0.5,-0.475528,-0.154508,-0.5,-0.404509,-0.293892,-0.5,-0.293892,0.404509,-0.5,-0.475528,0.154509,-0.5,-0.404508,0.293893,-0.5]},"normal":{"type":"float32","components":3,"data":[0.309,0.951048,0,0,0.999969,0,0,0.999969,0,0.309,0.951048,0,0.587756,0.809015,0,0.587756,0.809015,0,0.809015,0.587756,0,0.809015,0.587756,0,0.951048,0.309,0,0.809015,0.587756,0,0.809015,0.587756,0,0.951048,0.309,0,1,0,0,1,0,0,0.951048,-0.309,0,0.951048,-0.309,0,0.809015,-0.587756,0,0.809015,-0.587756,0,0.587756,-0.809015,0,0.587756,-0.809015,0,0.309,-0.951048,0,0.587756,-0.809015,0,0.309,-0.951048,0,0,-1,0,0,-1,0,-0.309,-0.951048,0,-0.309,-0.951048,0,-0.587756,-0.809015,0,-0.587756,-0.809015,0,-0.809015,-0.587756,0,-0.809015,-0.587756,0,-0.951048,-0.309,0,-0.809015,-0.587756,0,-0.809015,-0.587756,0,-0.951048,-0.309,0,-1,0,0,-1,0,0,-0.951048,0.309,0,-0.951048,0.309,0,-0.809015,0.587756,0,-0.809015,0.587756,0,-0.587756,0.809015,0,-0.587756,0.809015,0,0,0,1,0,0,1,0,0,1,0,0,1,0,0,1,0,0,1,0,0,1,0,0,1,0,0,1,0,0,1,0,0,1,0,0,1,0,0,1,0,0,1,0,0,1,0,0,1,0,0,1,0,0,1,0,0,1,0,0,1,-0.309,0.951048,0,-0.587756,0.809015,0,-0.587756,0.809015,0,-0.309,0.951048,0,0,0,-1,0,0,-1,0,0,-1,0,0,-1,0,0,-1,0,0,-1,0,0,-1,0,0,-1,0,0,-1,0,0,-1,0,0,-1,0,0,-1,0,0,-1,0,0,-1,0,0,-1,0,0,-1,0,0,-1,0,0,-1,0,0,-1,0,0,-1]},"texCoord0":{"type":"float32","components":2,"data":[0.50268,0.201916,0.995777,0.309979,0.50268,0.309979,0.995777,0.201916,0.50268,0.0991411,0.995777,0.0991411,0.50268,0.0117162,0.995777,0.0117162,0.995777,0.587604,0.50268,0.500179,0.995777,0.500179,0.50268,0.587604,0.995777,0.690378,0.50268,0.690378,0.995777,0.798442,0.50268,0.798442,0.995777,0.901216,0.50268,0.901216,0.995777,0.988641,0.50268,0.988641,0.00958217,0.901216,0.00958217,0.988641,0.50268,0.901216,0.00958217,0.798442,0.50268,0.798442,0.00958217,0.690378,0.50268,0.690378,0.00958221,0.587604,0.50268,0.587604,0.00958221,0.500179,0.50268,0.500179,0.50268,0.0991409,0.00958217,0.0117157,0.50268,0.0117157,0.00958217,0.0991409,0.50268,0.201915,0.00958225,0.201915,0.50268,0.309979,0.00958217,0.309979,0.50268,0.412753,0.00958217,0.412753,0.50268,0.500179,0.00958225,0.500179,0.158498,0.987688,0,0.779875,0.0388696,0.56399,0.0739345,0.963518,0.0133936,0.854264,0.115156,0.987688,0.199719,0.518015,0.273654,0.779875,0.0388696,0.917543,0.0133936,0.627268,1.65144e-08,0.701657,0.0739345,0.518015,0.158498,0.493844,0.115156,0.493844,0.273654,0.701658,0.234784,0.56399,0.26026,0.627269,0.26026,0.854264,0.234784,0.917543,0.199719,0.963518,0.50268,0.412753,0.995777,0.500179,0.50268,0.500179,0.995777,0.412753,0.0388699,0.0701451,0.158498,2.98023e-08,0.273654,0.286031,0.273654,0.207814,0.158498,0.493844,0.19972,0.0241705,0.0739346,0.0241705,0.115156,0,0.260261,0.133425,0.234784,0.0701455,0.234784,0.423699,0.199719,0.469674,0.26026,0.36042,0.0133935,0.360419,0.115156,0.493844,0.0388696,0.423699,0.0739345,0.469674,0.0133937,0.133424,0,0.28603,4.95431e-08,0.207813]}}],"meshes":[{"aabb":{"min":[-0.5,-0.5,-0.5],"max":[0.5,0.5,0.5]},"vertices":0,"indices":[0,1,2,1,0,3,4,3,0,3,4,5,6,5,4,5,6,7,8,9,10,9,8,11,12,11,8,11,12,13,14,13,12,13,14,15,16,15,14,15,16,17,18,17,16,17,18,19,20,19,21,19,20,22,23,22,20,22,23,24,25,24,23,24,25,26,27,26,25,26,27,28,29,28,27,28,29,30,31,32,33,32,31,34,35,34,31,34,35,36,37,36,35,36,37,38,39,38,37,38,39,40,41,40,39,40,41,42,43,44,45,46,47,48,45,49,50,47,46,51,52,44,53,45,44,52,54,49,45,55,54,56,49,54,55,49,57,50,57,49,58,57,58,59,43,45,50,43,50,60,61,43,60,43,61,62,44,43,48,44,48,47,63,64,65,64,63,66,2,66,63,66,2,1,67,68,69,69,68,70,71,67,69,70,68,72,68,73,74,68,67,73,75,72,76,70,72,75,69,77,78,77,69,79,71,69,78,80,71,81,81,82,80,82,81,83,67,71,80,84,80,85,84,85,86,67,80,84],"type":"triangles","base":0,"count":228}],"meshInstances":[{"node":1,"mesh":0}]}}