{"model":{"version":3,"nodes":[{"name":"RootNode","position":[0,0,0],"rotation":[0,0,0],"scale":[0.01,0.01,0.01],"scaleCompensation":false},{"name":"shape02","position":[0,0,0],"rotation":[-90,-0,0],"scale":[100,33.3333,50],"scaleCompensation":false}],"parents":[-1,0],"skins":[],"morphs":[],"vertices":[{"position":{"type":"float32","components":3,"data":[0.5,-0.5,0,-0.5,-0.5,-1,-0.5,-0.5,0,0.5,-0.5,-1,0.5,-1.5,-1,-0.5,-1.5,-1,-0.5,-0.5,-1,0.5,-0.5,-1,-0.5,-0.5,0,-0.5,0.5,0,0.5,-0.5,0,0.5,0.5,0,-0.5,0.5,0,-0.5,0.5,-1,0.5,0.5,0,0.5,0.5,-1,-0.5,-1.5,1,-0.5,1.5,1,-0.5,-0.5,0,-0.5,-1.5,-1,-0.5,-0.5,-1,-0.5,0.5,0,-0.5,1.5,-1,-0.5,0.5,-1,-0.5,-1.5,1,-0.5,-1.5,-1,0.5,-1.5,1,0.5,-1.5,-1,0.5,1.5,1,0.5,-1.5,1,0.5,0.5,0,0.5,1.5,-1,0.5,0.5,-1,0.5,-0.5,0,0.5,-1.5,-1,0.5,-0.5,-1,-0.5,0.5,-1,-0.5,1.5,-1,0.5,0.5,-1,0.5,1.5,-1,-0.5,1.5,-1,-0.5,1.5,1,0.5,1.5,1,0.5,1.5,-1,-0.5,1.5,1,0.5,-1.5,1,0.5,1.5,1,-0.5,-1.5,1]},"normal":{"type":"float32","components":3,"data":[0,1,0,0,1,0,0,1,0,0,1,0,0,0,-1,0,0,-1,0,0,-1,0,0,-1,0,0,-1,0,0,-1,0,0,-1,0,0,-1,0,-1,0,0,-1,0,0,-1,0,0,-1,0,-1,0,0,-1,0,0,-1,0,0,-1,0,0,-1,0,0,-1,0,0,-1,0,0,-1,0,0,0,-1,0,0,-1,0,0,-1,0,0,-1,0,1,0,0,1,0,0,1,0,0,1,0,0,1,0,0,1,0,0,1,0,0,1,0,0,0,0,-1,0,0,-1,0,0,-1,0,0,-1,0,1,0,0,1,0,0,1,0,0,1,0,0,0,1,0,0,1,0,0,1,0,0,1]},"texCoord0":{"type":"float32","components":2,"data":[0.942021,0.461342,0.808924,0.0024299,0.942021,0.0024299,0.808924,0.461342,0.940499,0.789028,0.807403,0.789029,0.807403,0.589028,0.940499,0.589028,0.674306,0.789029,0.674306,0.989029,0.541209,0.789029,0.541209,0.989029,0.674306,0.0160026,0.807403,0.0160026,0.674306,0.455083,0.807403,0.455083,0.266193,0.6,0.266193,4.76837e-08,0.39929,0.4,0.532387,0.6,0.532387,0.4,0.39929,0.2,0.532387,0,0.532387,0.2,0.270985,0.591429,0.537178,0.591429,0.270985,0.986628,0.537178,0.986628,0,0.6,0,9.53674e-08,0.133097,0.4,0.266193,0.6,0.266193,0.4,0.133097,0.2,0.266193,0,0.266193,0.2,0.674306,0.989028,0.674306,0.789029,0.807403,0.989028,0.807403,0.789029,0.262923,0.58873,-0.00327034,0.58873,-0.00327031,0.996641,0.262923,0.996641,0.532387,0.6,0.665484,4.76837e-08,0.665484,0.6,0.532387,0]}}],"meshes":[{"aabb":{"min":[-0.5,-1.5,-1],"max":[0.5,1.5,1]},"vertices":0,"indices":[0,1,2,1,0,3,4,5,6,4,6,7,8,9,10,10,9,11,12,13,14,14,13,15,16,17,18,19,18,20,21,22,23,18,19,16,22,21,17,18,17,21,24,25,26,26,25,27,28,29,30,31,30,32,33,34,35,30,31,28,34,33,29,30,29,33,36,37,38,38,37,39,40,41,42,42,43,40,44,45,46,45,44,47],"type":"triangles","base":0,"count":84}],"meshInstances":[{"node":1,"mesh":0}]}}