{"model":{"version":3,"nodes":[{"name":"RootNode","position":[0,0,0],"rotation":[0,0,0],"scale":[0.01,0.01,0.01],"scaleCompensation":false},{"name":"shape04","position":[0,0,0],"rotation":[-90,-0,0],"scale":[50,50,50],"scaleCompensation":false}],"parents":[-1,0],"skins":[],"morphs":[],"vertices":[{"position":{"type":"float32","components":3,"data":[-1,-0.333333,0.333333,-1,-1,-1,-1,-1,1,-1,-0.333333,-0.333333,-1,1,-1,-1,0.333333,-0.333333,1,1,1,-1,1,-1,-1,1,1,1,1,-1,1,0.333333,0.333333,1,1,-1,1,1,1,1,0.333333,-0.333333,1,-1,-1,1,-0.333333,-0.333333,-1,-1,1,1,-1,-1,1,-1,1,-1,-1,-1,1,-1,-1,-1,-1,-1,-1,1,-1,1,1,-1,-1,1,1,-1,-1,1,1,1,1,1,-1,1,1,0.333333,0.333333,-1,0.333333,0.333333,-1,0.333333,-0.333333,1,0.333333,-0.333333,1,-1,1,1,-1,-1,1,-0.333333,-0.333333,1,-0.333333,0.333333,1,0.333333,0.333333,1,1,1,-1,1,1,-1,1,-1,-1,0.333333,-0.333333,-1,0.333333,0.333333,-1,-0.333333,0.333333,-1,-1,1,1,0.333333,-0.333333,-1,0.333333,-0.333333,-1,-0.333333,-0.333333,1,-0.333333,-0.333333,1,-0.333333,0.333333,-1,-0.333333,0.333333,-1,0.333333,0.333333,1,0.333333,0.333333,-1,-0.333333,0.333333,1,-0.333333,0.333333,1,-0.333333,-0.333333,-1,-0.333333,-0.333333]},"normal":{"type":"float32","components":3,"data":[-1,3.35276e-08,0,-1,3.35276e-08,0,-1,3.35276e-08,0,-1,3.35276e-08,0,-1,3.35276e-08,0,-1,3.35276e-08,0,0,1,0,0,1,0,0,1,0,0,1,0,1,-3.35276e-08,0,1,-3.35276e-08,0,1,-3.35276e-08,0,1,-3.35276e-08,0,1,-3.35276e-08,0,1,-3.35276e-08,0,0,-1,0,0,-1,0,0,-1,0,0,-1,0,0,0,-1,0,0,-1,0,0,-1,0,0,-1,0,0,1,0,0,1,0,0,1,0,0,1,0,-1,0,0,-1,0,0,-1,0,0,-1,0,1,3.35276e-08,0,1,3.35276e-08,0,1,3.35276e-08,0,1,3.35276e-08,0,1,3.35276e-08,0,1,3.35276e-08,0,-1,-3.35276e-08,0,-1,-3.35276e-08,0,-1,-3.35276e-08,0,-1,-3.35276e-08,0,-1,-3.35276e-08,0,-1,-3.35276e-08,0,0,0,1,0,0,1,0,0,1,0,0,1,0,0,-1,0,0,-1,0,0,-1,0,0,-1,0,1,0,0,1,0,0,1,0,0,1,0]},"texCoord0":{"type":"float32","components":2,"data":[0.444445,0.555556,0.666667,0.666667,0.333333,0.666667,0.555556,0.555556,0.666667,0.333333,0.555556,0.444444,0,0.333333,0.333333,0.666667,3.97364e-08,0.666667,0.333333,0.333333,0.222222,0.222222,0.333333,0,0.333333,0.333333,0.222222,0.111111,0,6.95387e-08,0.111111,0.111111,0.666667,0,0.333333,0.333333,0.333333,3.97364e-08,0.666667,0.333333,0.666667,2.98023e-08,1,0,1,0.333333,0.666667,0.333333,0.333333,1,4.96705e-08,1,0.333333,0.666667,0,0.666667,0.777778,0.333333,0.777778,0.666667,0.666667,0.666667,0.666667,0.333333,6.95387e-08,0.333333,0,6.95387e-08,0.111111,0.111111,0.111111,0.222222,0.222222,0.222222,0.333333,0.333333,0.333333,0.333333,0.666667,0.333333,0.555556,0.444444,0.444445,0.444444,0.444445,0.555556,0.333333,0.666667,0.555556,0.666667,0.555556,1,0.444445,1,0.444445,0.666667,0.444445,0.666667,0.444445,1,0.333333,1,0.333333,0.666667,0.777778,0.666667,0.777778,0.333333,0.888889,0.333333,0.888889,0.666667]}}],"meshes":[{"aabb":{"min":[-1,-1,-1],"max":[1,1,1]},"vertices":0,"indices":[0,1,2,1,0,3,4,1,3,4,3,5,6,7,8,7,6,9,10,11,12,11,10,13,14,11,13,14,13,15,16,17,18,17,16,19,20,21,22,20,22,23,24,25,26,26,25,27,28,29,30,28,30,31,32,33,34,32,34,35,36,32,35,37,32,36,38,39,40,38,40,41,42,38,41,43,38,42,44,45,46,44,46,47,48,49,50,48,50,51,52,53,54,52,54,55],"type":"triangles","base":0,"count":96}],"meshInstances":[{"node":1,"mesh":0}]}}