{"model":{"version":3,"nodes":[{"name":"RootNode","position":[0,0,0],"rotation":[0,0,0],"scale":[0.01,0.01,0.01],"scaleCompensation":false},{"name":"Cube.014","position":[-1.25252e-06,-3.72529e-07,-6.43101e-07],"rotation":[-90,-31.0262,-2.11021e-15],"scale":[10,10,10],"scaleCompensation":false}],"parents":[-1,0],"skins":[],"morphs":[],"vertices":[{"position":{"type":"float32","components":3,"data":[1.74511,0.896972,-0.0410095,1.68702,0.995601,-0.0410095,1.78564,1.0537,-0.0410095,1.84374,0.955069,-0.0410095,1.74511,0.896972,1.17738,1.84374,0.955069,1.17738,1.78564,1.0537,1.17738,1.74511,0.896972,1.17738,1.78564,1.0537,1.17738,1.68702,0.995601,1.17738,1.74511,0.896972,-0.0410095,1.74511,0.896972,1.17738,1.68702,0.995601,1.17738,1.74511,0.896972,-0.0410095,1.68702,0.995601,1.17738,1.68702,0.995601,-0.0410095,1.68702,0.995601,-0.0410095,1.68702,0.995601,1.17738,1.78564,1.0537,1.17738,1.68702,0.995601,-0.0410095,1.78564,1.0537,1.17738,1.78564,1.0537,-0.0410095,1.78564,1.0537,-0.0410095,1.78564,1.0537,1.17738,1.84374,0.955069,1.17738,1.78564,1.0537,-0.0410095,1.84374,0.955069,1.17738,1.84374,0.955069,-0.0410095,1.74511,0.896972,1.17738,1.74511,0.896972,-0.0410095,1.84374,0.955069,-0.0410095,1.74511,0.896972,1.17738,1.84374,0.955069,-0.0410095,1.84374,0.955069,1.17738,0.046909,-0.103354,-0.0410095,-0.0111882,-0.00472546,-0.0410095,0.0874405,0.0533714,-0.0410095,0.046909,-0.103354,-0.0410095,0.0874405,0.0533714,-0.0410095,0.145538,-0.0452566,-0.0410095,0.0469089,-0.103354,1.17738,0.145538,-0.0452566,1.17738,0.0874404,0.0533724,1.17738,0.0469089,-0.103354,1.17738,0.0874404,0.0533724,1.17738,-0.0111883,-0.00472546,1.17738,0.046909,-0.103354,-0.0410095,0.0469089,-0.103354,1.17738,-0.0111883,-0.00472546,1.17738,0.046909,-0.103354,-0.0410095,-0.0111883,-0.00472546,1.17738,-0.0111882,-0.00472546,-0.0410095,-0.0111882,-0.00472546,-0.0410095,-0.0111883,-0.00472546,1.17738,0.0874404,0.0533724,1.17738,-0.0111882,-0.00472546,-0.0410095,0.0874404,0.0533724,1.17738,0.0874405,0.0533714,-0.0410095,0.0874405,0.0533714,-0.0410095,0.0874404,0.0533724,1.17738,0.145538,-0.0452566,1.17738,0.0874405,0.0533714,-0.0410095,0.145538,-0.0452566,1.17738,0.145538,-0.0452566,-0.0410095,0.0469089,-0.103354,1.17738,0.046909,-0.103354,-0.0410095,0.145538,-0.0452566,-0.0410095,0.0469089,-0.103354,1.17738,0.145538,-0.0452566,-0.0410095,0.145538,-0.0452566,1.17738,1.92508,1.13339,0.912482,1.90908,1.12397,1.07159,1.8821,1.16977,1.07159,1.92508,1.13339,0.912482,1.8821,1.16977,1.07159,1.8981,1.17919,0.912482,1.8981,1.17919,0.912482,1.8821,1.16977,1.07159,-0.100563,0.00187754,0.802982,1.8981,1.17919,0.912482,-0.100563,0.00187754,0.802982,-0.0845606,0.0113037,0.643878,-0.0845606,0.0113037,0.643878,-0.100563,0.00187754,0.802982,-0.0735854,-0.0439198,0.802982,-0.0845606,0.0113037,0.643878,-0.0735854,-0.0439198,0.802982,-0.0575833,-0.0344937,0.643878,1.90908,1.12397,1.07159,1.92508,1.13339,0.912482,-0.0575833,-0.0344937,0.643878,1.90908,1.12397,1.07159,-0.0575833,-0.0344937,0.643878,-0.0735854,-0.0439198,0.802982,-0.0575833,-0.0344937,0.643878,1.92508,1.13339,0.912482,1.8981,1.17919,0.912482,-0.0575833,-0.0344937,0.643878,1.8981,1.17919,0.912482,-0.0845606,0.0113037,0.643878,-0.100563,0.00187754,0.802982,1.8821,1.16977,1.07159,1.90908,1.12397,1.07159,-0.100563,0.00187754,0.802982,1.90908,1.12397,1.07159,-0.0735854,-0.0439198,0.802982,-1.68336,-1.12257,-0.0410095,-1.74146,-1.02394,-0.0410095,-1.64283,-0.965846,-0.0410095,-1.58474,-1.06447,-0.0410095,-1.68336,-1.12257,1.17738,-1.58474,-1.06447,1.17738,-1.64283,-0.965846,1.17738,-1.74146,-1.02394,1.17738,-1.68336,-1.12257,-0.0410095,-1.68336,-1.12257,1.17738,-1.74146,-1.02394,1.17738,-1.68336,-1.12257,-0.0410095,-1.74146,-1.02394,1.17738,-1.74146,-1.02394,-0.0410095,-1.74146,-1.02394,-0.0410095,-1.74146,-1.02394,1.17738,-1.64283,-0.965846,1.17738,-1.74146,-1.02394,-0.0410095,-1.64283,-0.965846,1.17738,-1.64283,-0.965846,-0.0410095,-1.64283,-0.965846,-0.0410095,-1.64283,-0.965846,1.17738,-1.58474,-1.06447,1.17738,-1.64283,-0.965846,-0.0410095,-1.58474,-1.06447,1.17738,-1.58474,-1.06447,-0.0410095,-1.68336,-1.12257,1.17738,-1.68336,-1.12257,-0.0410095,-1.58474,-1.06447,-0.0410095,-1.68336,-1.12257,1.17738,-1.58474,-1.06447,-0.0410095,-1.58474,-1.06447,1.17738,0.212515,0.124608,0.257439,0.220521,0.129323,0.417354,0.193543,0.175121,0.417354,0.212515,0.124608,0.257439,0.193543,0.175121,0.417354,0.185538,0.170405,0.257438,0.185538,0.170405,0.257438,0.193543,0.175121,0.417354,-1.79922,-0.998717,0.551731,0.185538,0.170405,0.257438,-1.79922,-0.998717,0.551731,-1.80723,-1.00343,0.391816,-1.80723,-1.00343,0.391816,-1.79922,-0.998717,0.551731,-1.77224,-1.04451,0.551731,-1.80723,-1.00343,0.391816,-1.77224,-1.04451,0.551731,-1.78025,-1.04923,0.391816,0.220521,0.129323,0.417354,0.212515,0.124608,0.257439,-1.78025,-1.04923,0.391816,0.220521,0.129323,0.417354,-1.78025,-1.04923,0.391816,-1.77224,-1.04451,0.551731,-1.78025,-1.04923,0.391816,0.212515,0.124608,0.257439,0.185538,0.170405,0.257438,-1.78025,-1.04923,0.391816,0.185538,0.170405,0.257438,-1.80723,-1.00343,0.391816,-1.79922,-0.998717,0.551731,0.193543,0.175121,0.417354,0.220521,0.129323,0.417354,-1.79922,-0.998717,0.551731,0.220521,0.129323,0.417354,-1.77224,-1.04451,0.551731,0.220148,0.129104,0.918081,0.206579,0.121111,1.07749,0.179601,0.166909,1.07749,0.220148,0.129104,0.918081,0.179601,0.166909,1.07749,0.193171,0.174902,0.918081,0.193171,0.174902,0.918081,0.179601,0.166909,1.07749,-1.80685,-1.00321,0.849728,0.193171,0.174902,0.918081,-1.80685,-1.00321,0.849728,-1.79328,-0.99522,0.69032,-1.79328,-0.99522,0.69032,-1.80685,-1.00321,0.849728,-1.77988,-1.04901,0.849728,-1.79328,-0.99522,0.69032,-1.77988,-1.04901,0.849728,-1.76631,-1.04102,0.69032,0.206579,0.121111,1.07749,0.220148,0.129104,0.918081,-1.76631,-1.04102,0.69032,0.206579,0.121111,1.07749,-1.76631,-1.04102,0.69032,-1.77988,-1.04901,0.849728,-1.76631,-1.04102,0.69032,0.220148,0.129104,0.918081,0.193171,0.174902,0.918081,-1.76631,-1.04102,0.69032,0.193171,0.174902,0.918081,-1.79328,-0.99522,0.69032,-1.80685,-1.00321,0.849728,0.179601,0.166909,1.07749,0.206579,0.121111,1.07749,-1.80685,-1.00321,0.849728,0.206579,0.121111,1.07749,-1.77988,-1.04901,0.849728,1.89525,1.11582,0.645218,1.85657,1.09304,0.798981,1.82959,1.13883,0.798981,1.89525,1.11582,0.645218,1.82959,1.13883,0.798981,1.86827,1.16162,0.645218,1.86827,1.16162,0.645218,1.82959,1.13883,0.798981,-0.0865242,0.0101469,0.149644,1.86827,1.16162,0.645218,-0.0865242,0.0101469,0.149644,-0.0478397,0.032934,-0.00411948,-0.0478397,0.032934,-0.00411948,-0.0865242,0.0101469,0.149644,-0.0595469,-0.0356505,0.149644,-0.0478397,0.032934,-0.00411948,-0.0595469,-0.0356505,0.149644,-0.0208624,-0.0128634,-0.00411948,1.85657,1.09304,0.798981,1.89525,1.11582,0.645218,-0.0208624,-0.0128634,-0.00411948,1.85657,1.09304,0.798981,-0.0208624,-0.0128634,-0.00411948,-0.0595469,-0.0356505,0.149644,-0.0208624,-0.0128634,-0.00411948,1.89525,1.11582,0.645218,1.86827,1.16162,0.645218,-0.0208624,-0.0128634,-0.00411948,1.86827,1.16162,0.645218,-0.0478397,0.032934,-0.00411948,-0.0865242,0.0101469,0.149644,1.82959,1.13883,0.798981,1.85657,1.09304,0.798981,-0.0865242,0.0101469,0.149644,1.85657,1.09304,0.798981,-0.0595469,-0.0356505,0.149644]},"normal":{"type":"float32","components":3,