{"model":{"version":3,"nodes":[{"name":"RootNode","position":[0,0,0],"rotation":[0,0,0],"scale":[0.01,0.01,0.01],"scaleCompensation":false},{"name":"Pyramid","position":[0,0,0],"rotation":[9.33467e-06,-0,0],"scale":[100,100,100],"scaleCompensation":false}],"parents":[-1,0],"skins":[],"morphs":[],"vertices":[{"position":{"type":"float32","components":3,"data":[-0.5,-0.5,-0.2,0.5,0.5,-0.2,0.5,-0.5,-0.2,-0.5,0.5,-0.2,0.5,0.5,-0.2,-5.96046e-08,-7.47002e-08,0.8,0.5,-0.5,-0.2,0.5,-0.5,-0.2,-5.96046e-08,-7.47002e-08,0.8,-0.5,-0.5,-0.2,-0.5,-0.5,-0.2,-5.96046e-08,-7.47002e-08,0.8,-0.5,0.5,-0.2,-5.96046e-08,-7.47002e-08,0.8,0.5,0.5,-0.2,-0.5,0.5,-0.2]},"normal":{"type":"float32","components":3,"data":[0,-5.96047e-08,-1,0,-5.96047e-08,-1,0,-5.96047e-08,-1,0,-5.96047e-08,-1,0.894427,5.3312e-08,0.447214,0.894427,5.3312e-08,0.447214,0.894427,5.3312e-08,0.447214,-5.3312e-08,-0.894427,0.447213,-5.3312e-08,-0.894427,0.447213,-5.3312e-08,-0.894427,0.447213,-0.894427,2.39904e-07,0.447214,-0.894427,2.39904e-07,0.447214,-0.894427,2.39904e-07,0.447214,1.70599e-07,0.894427,0.447213,1.70599e-07,0.894427,0.447213,1.70599e-07,0.894427,0.447213]},"color":{"type":"uint8","components":4,"data":[255,255,255,255,255,255,255,255,255,255,255,255,255,255,255,255,255,255,255,255,255,255,255,255,255,255,255,255,255,255,255,255,255,255,255,255,255,255,255,255,255,255,255,255,255,255,255,255,255,255,255,255,255,255,255,255,255,255,255,255,255,255,255,255]},"texCoord0":{"type":"float32","components":2,"data":[0.989788,-0.000813346,0.531016,0.433058,0.531016,-0.000813331,0.989788,0.433058,0.987903,0.420351,0.857517,0.99603,0.585288,0.420352,0.400312,0.983334,0.206226,0.386236,0.0121396,0.983334,0.208138,0.382973,0.402224,0.980072,0.59631,0.382974,0.581545,0.420346,0.853764,0.99603,0.451149,0.996023]}}],"meshes":[{"aabb":{"min":[-0.5,-0.5,-0.2],"max":[0.5,0.5,0.8]},"vertices":0,"indices":[0,1,2,1,0,3,4,5,6,7,8,9,10,11,12,13,14,15],"type":"triangles","base":0,"count":18}],"meshInstances":[{"node":1,"mesh":0}]}}