{"model":{"version":3,"nodes":[{"name":"RootNode","position":[0,0,0],"rotation":[0,0,0],"scale":[0.01,0.01,0.01],"scaleCompensation":false},{"name":"roof","position":[0,0,0],"rotation":[9.33467e-06,-0,0],"scale":[100,100,100],"scaleCompensation":false}],"parents":[-1,0],"skins":[],"morphs":[],"vertices":[{"position":{"type":"float32","components":3,"data":[0,0.5,0.5,0,-0.5,0.5,-0.5,-0.5,-0.5,-0.5,0.5,-0.5,-0.5,0.5,-0.5,0.5,0.5,-0.5,0,0.5,0.5,0,-0.5,0.5,0,0.5,0.5,0.5,0.5,-0.5,0.5,-0.5,-0.5,0.5,-0.5,-0.5,-0.5,-0.5,-0.5,0,-0.5,0.5,0.5,0.5,-0.5,-0.5,0.5,-0.5,0.5,-0.5,-0.5,-0.5,-0.5,-0.5]},"normal":{"type":"float32","components":3,"data":[0.894427,0,-0.447214,0.894427,0,-0.447214,0.894427,0,-0.447214,0.894427,0,-0.447214,0,-1,0,0,-1,0,0,-1,0,-0.894427,0,-0.447214,-0.894427,0,-0.447214,-0.894427,0,-0.447214,-0.894427,0,-0.447214,0,1,0,0,1,0,0,1,0,0,0,1,0,0,1,0,0,1,0,0,1]},"texCoord0":{"type":"float32","components":2,"data":[0.00930229,0.977437,0.00930229,0.0371917,0.351804,0.0371915,0.351804,0.977437,0.202612,0.0703699,0.812218,0.0703699,0.507415,0.986406,1.00065,0.0371915,1.00065,0.977437,0.658146,0.977437,0.658146,0.0371915,0.829242,0.977173,0.219636,0.977173,0.524439,0.0611374,0.658146,0.977437,0.351804,0.977437,0.658146,0.0371915,0.351804,0.0371915]}}],"meshes":[{"aabb":{"min":[-0.5,-0.5,-0.5],"max":[0.5,0.5,0.5]},"vertices":0,"indices":[0,1,2,0,2,3,4,5,6,7,8,9,7,9,10,11,12,13,14,15,16,15,17,16],"type":"triangles","base":0,"count":24}],"meshInstances":[{"node":1,"mesh":0}]}}