LevelId,MainWord,Word,SplitWords,ImageIds,LevelDifficulty,IncludedLetters,ExcludedLetters,Gameplay Letter,FB Image
1,,Dog,,NA,0,pe,t,8,img5eb2d3bdc9906.jpg;img5eb2d3bdc9d6d.jpg;img5eb2d3bdc9e91.jpg;img5eb2d3bdca2a1.jpg
2,,Bus,,NA,0,ru,n,8,img5dc157b9f3212.jpg;img5dd92b2555f2f.jpg;img5dd92b2556014.jpg;img5ddf8bfb050d2.jpg
3,,Door,,NA,0,,,10,img5dc92fac4ef2a.jpg;img5dc92fac51700.jpg;img622b44e341395.jpg;img623ecc09e4435.jpg
4,,Egg,,NA,0,,,8,img5db0481333aa8.jpg;img5db049a44f1f9.jpg;img5db04b4827f44.jpg;img5db04bbdd5f31.jpg
5,,Fruit,,NA,0,,,10,img60ed8ae254862.jpg;img60ed8ae254a76.jpg;img622b4706e2b69.jpg;img64871419f389b.jpg
6,,Bat,,NA,0,,,8,img5db1347cbba2e.jpg;img622c420954e91.jpg;img622c420958003.jpg;img622c42095879e.jpg
7,,Race,,NA,1,,,8,img5db04d2b2687e.jpg;img622c4333826b2.jpg;img622c43338b73a.jpg;img622c4333926aa.jpg
8,,Clock,,NA,0,tim,e,10,img5db131a4676a2.jpg;img5dc9026c08003.jpg;img622c465a91e5d.jpg;img622c465a9b63d.jpg
9,,Lips,,NA,0,,,10,img5d79d864b14fa.jpg;img5dc129fb2316a.jpg;img5dc129fb2a193.jpg;img622c5346434b4.jpg
10,,Pencil,,NA,0,wr,t,12,img5da96d2aba30f.jpg;img5db14ed897764.jpg;img622c5516b5069.jpg;img64871e7837c0b.jpg
11,,Horse,,NA,0,,,12,img5dc914b88719d.jpg;img622c598096b18.jpg;img622c598096d2f.jpg;img622c59809b3c3.jpg
12,,Clap,,NA,2,,,10,img622c5b8396298.jpg;img622c5b83963a2.jpg;img622c5b839ccba.jpg;img622c5b839cd5b.jpg
13,,Snake,,NA,0,,,12,img5dad98f7059e6.jpg;img5dd9307d38a16.jpg;img5dd9307d38b62.jpg;img622c5ebba70fb.jpg
14,,Water,,NA,1,drnk,i,12,img5d7f121fafe45.jpg;img622c60fd03fd3.jpg;img622c60fd08613.jpg;img622c60fd0b6bb.jpg
15,,Gift,,NA,0,prsn,e,12,img5daaaf7d6c6a3.jpg;img622c664057936.jpg;img622c66405b294.jpg;img622c66405b693.jpg
16,,Heart,,NA,0,love,,12,img5dcbb726f01fe.jpg;img622c6a6b1017b.jpg;img622c6a6b102f2.jpg;img622c6a6b1582a.jpg
17,,Ear,,NA,0,,,10,img5d68f71fcea71.jpg;img5d68f71fcef98.jpg;img5dc92571d560d.jpg;img622c7517b1b8b.jpg
18,,Cheese,,NA,1,,a,12,img622c784e9a4c0.jpg;img622c784e9e2d0.jpg;img622c784ea01b8.jpg;img622c784ea043a.jpg
19,,Ball,,NA,0,,,8,img5d6cdd094ab6c.jpg;img5db0469b574d5.jpg;img5db0469b6558c.jpg;img5db0469b65648.jpg
20,,Key,,NA,2,op,n,12,img5da6fb89ba4e6.jpg;img5da6fb89becbf.jpg;img5da6fb89bef11.jpg;img62306843db232.jpg
21,,Mouse,,NA,0,race,ti,12,img5d761c23b6988.jpg;img5ddccd2c2bcf9.jpg;img622c7ee63bafd.jpg;img622c7ee63c001.jpg
22,,Paste,,NA,0,,,8,img5ddf8a4be0f53.jpg;img5ddf8a9174ec2.jpg;img5ddf8b2a9ca59.jpg;img5ddf8b4bba6ba.jpg
23,,Dream,,NA,1,,,8,img5d68f598b5802.jpg;img60ed888b3da79.jpg;img622ee5cb5fe6b.jpg;img622ee5cb67bcf.jpg
24,,Sky,,NA,0,blue,,8,img5db2952b72b5d.jpg;img5dc92ea5605c1.jpg;img622ee903024a5.jpg;img623ed21a8ea37.jpg
25,,Lemon,,NA,0,citru,s,12,img5dc25e4bb7742.jpg;img5dc25e4bb78f3.jpg;img5dc25e4bb7ae7.jpg;img622eea4d69417.jpg
26,,Pet,,NA,0,chg,au,8,img5d68fc07e4104.jpg;img622eeb5fc55ae.jpg;img622eeb5fc9b64.jpg;img623ed898ac15a.jpg
27,,Jump,,NA,1,,,12,img5d68fe5f01dbc.jpg;img5d68fe5f024cb.jpg;img622eeea6a859c.jpg;img622eeea6a93c0.jpg
28,,Earth,,NA,0,gloe,b,10,img5d7891625cca1.jpg;img622efe387acea.jpg;img622efe387e829.jpg;img622efe38812df.jpg
29,,Crown,,NA,0,,,10,img5dd66763552b6.jpg;img622eff3c730ae.jpg;img622eff3c7739d.jpg;img622eff3c78d75.jpg
30,,Pizza,,NA,0,slic,e,12,img5dcc03f5308e7.jpg;img622f0090128da.jpg;img622f009012a60.jpg;img622f009014610.jpg
31,,Chip,,NA,2,arc,d,10,img5d7b6b6245562.jpg;img5dcc05f35d644.jpg;img5d8867e832f5e.jpg;img622f05c88589a.jpg
32,,Net,,NA,0,,,8,img5da9af89b0620.jpg;img5da9af89b0caa.jpg;img622f078dedac2.jpg;img622f078dee174.jpg
33,,Smoke,,NA,0,fib,,10,img5d77a0f6f3141.jpg;img5d77a0f6f3aa0.jpg;img622f0a1ac9b41.jpg;img622f0a1ad20dd.jpg
34,,Fish,,NA,0,,,12,img622f0c6a7644b.jpg;img622f0c6a7d1a0.jpg;img622f0c6a7d9be.jpg;img622f0c6a7db62.jpg
35,,Train,,NA,1,metr,o,16,img5dc28ac06be99.jpg;img5dc28ac06c82f.jpg;img5de26336c9ad7.jpg;img5de26336c9c15.jpg
36,,Icecube,,NA,0,,,12,img5de2615aee002.jpg;img5de2615b07a8d.jpg;img5de2615b07bb4.jpg;img5df8995d5f746.jpg
37,,Spoon,,NA,0,,,10,img5d763dd45c04a.jpg;img622f138d68894.jpg;img622f138d6893c.jpg;img622f138d68aa4.jpg
38,,Red,,NA,0,co,l,8,img5d6fb5bce6c84.jpg;img5dd8f1f4373d1.jpg;img5d7613899128a.jpg;img622f15734908f.jpg
39,,Winner,,NA,1,,,14,img5d70e96ba1d9e.jpg;img5dada52685f0e.jpg;img622f167f954e9.jpg;img622f167f9583e.jpg
40,,Bride,,NA,0,whie,t,10,img5d7884f4d04b5.jpg;img5d70bbc55103d.jpg;img622f196544787.jpg;img622f196544f79.jpg
41,,Girl,,NA,0,,,8,img5dfc65a228acb.jpg;img5e0745f0d895f.jpg;img5e33cb06137a5.jpg;img5de50468ba346.jpg
42,,Mailbox,,NA,2,,,12,img623842577c229.jpg;img623842577fa2c.jpg;img623842577fac5.jpg;img623c45ac3c88e.jpg
43,,Party,,NA,0,danc,e,10,img5d6ce4ee682d2.jpg;img622f1dfbbd8a1.jpg;img622f1dfbbda8b.jpg;img622f1dfbbddec.jpg
44,,Beans,,NA,1,pea,s,12,img5d70da045e12d.jpg;img5ddf8cc9d5b5d.jpg;img5e6b37e080815.jpg;img622f1ee13ddda.jpg
45,,Sofa,Couch,NA,0,wati,i,10,img5d7b95b90e037.jpg;img622f2263ec882.jpg;img622f2263ec944.jpg;img622f2263eca03.jpg
46,,Earthquake,,NA,2,,,12,img62380460895c0.jpg;img623c46e199e40.jpg;img623c46e19ffd2.jpg;img623c46e1a16cf.jpg
47,,Wheel,,NA,0,cicle,r,12,img5d7611356a6da.jpg;img622f278a11993.jpg;img622f278a11a4e.jpg;img622f278a11af4.jpg
48,,Hug,,NA,0,lov,e,10,img5d6ce725d9197.jpg;img5dd908b5c5438.jpg;img622f2a2339b59.jpg;img622f2a2339d2c.jpg
49,,Ink,,NA,1,pn,e,12,img5dd90dbab7a40.jpg;img622f2c0879e55.jpg;img622f2c0879f08.jpg;img622f2c0879fad.jpg
50,,Seal,,NA,0,lio,n,10,img5d690cff060ec.jpg;img5e6b3b976ed8a.jpg;img5e6b4ec89e496.jpg;img622f2edaea6c1.jpg
51,,Cut,,NA,0,,,10,img5d68f28946d55.jpg;img5d68f28947227.jpg;img5d6cc57f2c06b.jpg;img622f33148cce9.jpg
52,,Gesture,,NA,1,Xpr,,14,img5d7108364f602.jpg;img5d6f8d9fa4833.jpg;img5de2623ff118e.jpg;img5df898bfabc32.jpg
53,,Chair,,NA,0,,,10,img5de8ea79c13df.jpg;img5de8ea79c19a7.jpg;img622f3492a1981.jpg;img622f3492a1ade.jpg
54,,Run,,NA,0,jo,g,10,img5dc2626123742.jpg;img5dc26261238a3.jpg;img5dd904448e08f.jpg;img622f3544c607f.jpg
55,,Tent,,NA,0,cam,p,10,img5daa915b33c34.jpg;img5daa915b33e15.jpg;img5daa915b3453b.jpg;img5daa915b34706.jpg
56,,Nature,,NA,2,,,10,img5d6e498de46a1.jpg;img5d6e498de4b98.jpg;img5ddd0efb78309.jpg;img5d7796b1932f4.jpg
57,,Bell,,NA,0,rin,g,10,img5d6f470ed831a.jpg;img5da5bfe8389ec.jpg;img5de8fdee27df1.jpg;img622f3c8672f1e.jpg
58,,Mirror,,NA,0,fac,e,12,img5d763cd389f64.jpg;img5de9fd910e9b5.jpg;img5de9fd910f553.jpg;img622f3e4999cb5.jpg
59,,Clown,,NA,0,jke,r,12,img5d7653004160b.jpg;img5d76530046ba0.jpg;img5dea07abbc8bf.jpg;img622f43f948877.jpg
60,,Strong,,NA,1,e,h,12,img5d6f3fdd650d5.jpg;img5d6f3fdd65240.jpg;img62303c58e5ceb.jpg;img62303c58e680a.jpg
61,,Eye,,NA,0,,,8,img5d6907997250b.jpg;img5d690799731f6.jpg;img5dbd2ef3e7b25.jpg;img5d78f057bb130.jpg
62,,Crane,,NA,0,hg,,12,img5d8b6c6fd979d.jpg;img5dc3ee16eee2d.jpg;img5d71fe0cb33f3.jpg;img62304d479c822.jpg
63,,Spear,,NA,0,,,8,img62396a5d31004.jpg;img62396a5d32300.jpg;img623c4c611a5aa.jpg;img623c4c6121b53.jpg
64,,Hostel,,NA,2,,,12,img62387e959ca21.jpg;img62387e959e33b.jpg;img62387e959e496.jpg;img623c51327a309.jpg
65,,Mother,,NA,0,y,,10,img5da59e3ab2c62.jpg;img62305124314a1.jpg;img6230512436011.jpg;img62305124364b4.jpg
66,,Stick,,NA,1,play,,14,img5da47d09a6d6b.jpg;img623054d4088bc.jpg;img623054d40ac8a.jpg;img623054d40ce32.jpg
67,,Speed,,NA,0,ra,i,12,img5d75ea7e135db.jpg;img5d75ec5ed3b6e.jpg;img62305d8d1dbc3.jpg;img62305d8d1ecc6.jpg
68,,Fan,,NA,0,i,r,10,img5daadf0b31026.jpg;img5daadf0b31153.jpg;img62305fba1386e.jpg;img62305fba14fa5.jpg
69,,Parking,,NA,1,,,12,img618f3dda89fd1.jpg;img618f3dda8a11e.jpg;img623c533f12cb4.jpg;img623c533f17954.jpg
70,,Push,,NA,1,e,l,14,img5d70afc0dae0f.jpg;img5d70afc0db51f.jpg;img5d78e9e9bf91f.jpg;img5d8e013a408ea.jpg
71,,Snail,,NA,0,o,w,10,img5daaa14454eb7.jpg;img5daaa14454ff6.jpg;img5df889374ff1e.jpg;img623065f7ec482.jpg
72,,Old,,NA,1,,,8,img5daabf04d90d7.jpg;img5dafed34b840d.jpg;img622c7b0b99dd2.jpg;img622c7b0b9a3c1.jpg
73,,Cube,,NA,0,d,i,10,img5d7c7eb16fa64.jpg;img5da8618890021.jpg;img5df8780d74f84.jpg;img5df87b1f1f5ad.jpg
74,,Down,,NA,0,fal,,8,img5d7222cc57a8d.jpg;img5dea20264ef9c.jpg;img62306d050dba7.jpg;img62306d050dc5e.jpg
75,,Infant,,NA,2,chid,l,14,img5daab4b574d33.jpg;img5daab4b5753c8.jpg;img623071a6a9847.jpg;img623071a6a98e5.jpg
76,,Pull,,NA,0,,,10,img5d7f593e6cc27.jpg;img5d7f593e6d24d.jpg;img6230740b13af5.jpg;img6230740b13f33.jpg
77,,Castle,,NA,0,,,12,img5def74be294af.jpg;img5def74be295f8.jpg;img5def74be29a5e.jpg;img6230761b75232.jpg
78,,Bow,,NA,1,,,12,img5d68f5ab30031.jpg;img5dea31beac85b.jpg;img62307724b8ac3.jpg;img62307724b9176.jpg
79,,Chest,,NA,0,box,,12,img5da863274323e.jpg;img5e07008c61504.jpg;img6230788c610e6.jpg;img6230788c6128c.jpg
80,,Book,,NA,0,rea,d,10,img5d68f9c7b1fa9.jpg;img62307a60cf2ff.jpg;img62307a60d00a8.jpg;img623eef363e17b.jpg
81,,Noise,,NA,2,pa,k,12,img5da051935a552.jpg;img5ddf659376209.jpg;img5dfb43485aa15.jpg;img62307b6a3d0c3.jpg
82,,Chocolate,,NA,0,brwn,,14,img5d7a272c94bba.jpg;img5d7a272c9a69e.jpg;img5ddcf140bd52f.jpg;img5dd5364f4ac35.jpg
83,,Dance,,NA,1,,,12,img5d691cf1e87d2.jpg;img5d691cf1e8afd.jpg;img5d691cf1e8c92.jpg;img5dea412a4e17a.jpg
84,,Rain,,NA,0,,,14,img5d6f8eec96650.jpg;img5d6d0cb07d2dc.jpg;img5d6d0cb07d603.jpg;img5d7105fd97791.jpg
85,,Finger,,NA,0,st,u,12,img5daaa33890e3e.jpg;img5daaa33890f17.jpg;img5daaa3389121b.jpg;img5d8a19b70b096.jpg
86,,Tip,,NA,1,,,8,img5d7882cbd4861.jpg;img5d7882cbd4e1f.jpg;img5de63f39506bc.jpg;img5dea4c01c0fb8.jpg
87,,Tennis,,NA,0,,,12,img5d7a492f65a49.jpg;img5d7a492f65c2a.jpg;img5d7a492f65e6f.jpg;img5df334a1df10d.jpg
88,,Happy,,NA,0,fami,l,10,img5dafed34b7cf7.jpg;img5dafed34b85a4.jpg;img5dc26f72b6bd6.jpg;img5dc26f72b87e5.jpg
89,,Fever,,NA,0,col,d,10,img5dde49fe8f0ee.jpg;img5dde49fe8f67a.jpg;img5dde49fe8f2a6.jpg;img5dde49fe8f8a9.jpg
90,,Clean,,NA,2,wsh,,12,img5d888506cb38c.jpg;img5d888506cb9a3.jpg;img5d888506cbaa8.jpg;img62319ca252e76.jpg
91,,Nurse,,NA,0,care,,10,img5d725d9d264cd.jpg;img5de6372484b2c.jpg;img5de63844a732e.jpg;img5de639cee3329.jpg
92,,Painter,,NA,1,,,14,img5d6e445830bc3.jpg;img5dd9205035536.jpg;img5dea16925dd54.jpg;img5def6ba9d7f34.jpg
93,,Baby,,NA,0,child,,10,img5d722392ad893.jpg;img5d6a1826338c4.jpg;img5d6e12983933c.jpg;img5ddcfc26a53fd.jpg
94,,Award,,NA,1,toph,y,14,img5d6f8e0097131.jpg;img5d6f8e00977af.jpg;img5d6f8e0097bc0.jpg;img5df883ee6d8b0.jpg
95,,Bake,,NA,0,co,,10,img5d6df5eac8cd7.jpg;img5d7ce77d1c146.jpg;img6231a0fcb6a95.jpg;img6231a0fcb9414.jpg
96,,Dragon,,NA,0,,,14,img5def72b635686.jpg;img5def72b63585c.jpg;img5def72b635b78.jpg;img5def72b635c9f.jpg
97,,Spring,,NA,2,,,12,img5d7f10856c478.jpg;img5df3567190f79.jpg;img5df35a0247b71.jpg;img6231a31b1181b.jpg
98,,Spa,,NA,0,,,8,img5d68f892cafd1.jpg;img5d68f892cb295.jpg;img5de63451bcc86.jpg;img6231a5a197eba.jpg
99,,Dessert,,NA,0,w,,14,img5def827f2e531.jpg;img5def827f2e764.jpg;img5df8655b542ab.jpg;img5df8655b54404.jpg
100,,Milk,,NA,0,,,12,img5d776c3aa2a70.jpg;img5d776c3aa2d76.jpg;img5ddf59bcc175a.jpg;img5de632d4a6a80.jpg
101,,Exam,,NA,1,te,s,10,img5d78e8072ed58.jpg;img5d78e8072ef67.jpg;img5d78e8072f157.jpg;img5dc51d5049d24.jpg
102,,Wind,,NA,0,ar,,8,img5d68f9c7b1e0b.jpg;img5d68f9c7b2450.jpg;img5d6cdcfd2218b.jpg;img5df1d9959695a.jpg
103,,Gum,,NA,0,,l,8,img5d6920a02d60b.jpg;img5d6920a02dad3.jpg;img5df1ef609ba09.jpg;img5df1ef609bff7.jpg
104,,Captain,,NA,0,,,12,img5df4755bebf3c.jpg;img5dd7e09753d99.jpg;img5d76201f7694b.jpg;img5d8dae3f9aa9a.jpg
105,,Pie,,NA,2,,,10,img5dd5364f4aa83.jpg;img5e019fbf17a01.jpg;img5dfb8476bfa4c.jpg;img5e6b65fc3b7c9.jpg
106,,Chain,,NA,0,,,8,img5d68e77c713b9.jpg;img5d68e77c74dbf.jpg;img5d68e77c74fbd.jpg;img5dc10a3b1de1e.jpg
107,,Nest,,NA,0,bir,d,10,img5d69018c0173f.jpg;img5d69018c01be9.jpg;img5d69018c023c0.jpg;img5df1e01755a05.jpg
108,,Dustbin,,NA,0,gar,e,12,img5d690cd1b915b.jpg;img5d690cd1b9347.jpg;img5d690cd1b9557.jpg;img5d690cd1b9b8c.jpg
109,,Dust,,NA,1,vintro,,12,img5d6cea27ed1b9.jpg;img5d6cea27edad0.jpg;img5d6cea27ee050.jpg;img5df1dd36b009e.jpg
110,,Feather,,NA,0,,,10,img5d690d56b5bf1.jpg;img5d690d56b5d9a.jpg;img5d690d56b6307.jpg;img5d68f91aa71c0.jpg
111,,Band,,NA,0,,,10,img5d68f33f64265.jpg;img5d78eaf03b82e.jpg;img5da0710cebc70.jpg;img5df20d0e0681a.jpg
112,,Fly,,NA,0,,,8,img5d6ce6e92eb12.jpg;img5d6ce6e92ee3d.jpg;img5d6903e2581ad.jpg;img5df2119f618bf.jpg
113,,Wrinkle,,NA,2,,,14,img5d71fe585eedd.jpg;img5d71fe585f693.jpg;img5d71fe585f79d.jpg;img5d71fe585fa0e.jpg
114,,Back,,NA,0,,,8,img5d7a457f7ef01.jpg;img5d7a457f7f0c7.jpg;img5d7a457f7f2b3.jpg;img61d28965bda38.jpg
115,,Jacket,,NA,0,,,10,img5d6d1bad3d315.jpg;img5d6d1bad3d483.jpg;img5d691de96652a.jpg;img5dc01f23027d5.jpg
116,,Shoulder,,NA,0,,,10,img5de78cead3bf1.jpg;img5df47e8d5180a.jpg;img5df48225d8876.jpg;img5df48225d8a08.jpg
117,,Idea,,NA,1,bu,l,14,img5d69087ec58c9.jpg;img5d69087ec598d.jpg;img5d69087ec5b25.jpg;img5df0e3aa5e699.jpg
118,,Punch,,NA,0,boxi,g,10,img5d725cb02326b.jpg;img5d725cb0235bc.jpg;img5d725cb0239ea.jpg;img5e6b8c98ad6c4.jpg
119,,Tie,,NA,0,,,8,img5d7a03e481615.jpg;img5d80b367c9760.jpg;img5dbbb4aa07666.jpg;img5dea338abcb4c.jpg
120,,Puppet,,NA,1,,,14,img5d6d1a5a07312.jpg;img5d6d1a5a07436.jpg;img5d6d1a5a07746.jpg;img5d6d1a5a0796a.jpg
121,,Biscuit,,NA,0,,,10,img5df48c12aaaf4.jpg;img5df48c12aabf3.jpg;img5df48e2715905.jpg;img5df48e2715bd2.jpg
122,,Brush,,NA,0,,,12,img5d78d02b0185a.jpg;img5d78d02b01f2e.jpg;img5d8882b195c20.jpg;img5df231d01983c.jpg
123,,Corner,,NA,2,i,t,12,img5d721de819221.jpg;img5d721de8195ee.jpg;img5df1d3c7be5b9.jpg;img5df235015f67e.jpg
124,,Halloween,,NA,0,,,12,img5d6f47f671da2.jpg;img5de7a8ab79200.jpg;img5df4944945b1f.jpg;img5e019f5cdc160.jpg
125,,Paw,,NA,0,le,g,8,img5d6d1a3010d4a.jpg;img5d6d1a3010eef.jpg;img5d6d1a3011650.jpg;img5d6d1a3011a95.jpg
126,,Town,,NA,1,ci,y,8,img5d6d1a275d7ec.jpg;img5d6d1a275e13d.jpg;img5d6d1a275e885.jpg;img5d6d1a275f1a9.jpg
127,,Mint,,NA,0,lea,v,10,img5d889bea7b944.jpg;img5d889d280add1.jpg;img5dbbe26b0a86f.jpg;img5de4d002b0302.jpg
128,,Cupcake,,NA,0,,,10,img5d6e10f491994.jpg;img5d6e10f494cb8.jpg;img5dc2670c560ea.jpg;img5dcced913e92d.jpg
129,,Locker,,NA,2,suit,y,14,img5d7220b96e99c.jpg;img5d7220b96eb7e.jpg;img5df240467832d.jpg;img5df240467861d.jpg
130,,Gemstone,,NA,0,diad,,14,img5d6cf6db41b6b.jpg;img5d6cf6db41db8.jpg;img5d6cf6db41ed3.jpg;img5d6cf6db41fc5.jpg
131,,Knife,,NA,0,sl,c,10,img5d7f652f0c684.jpg;img5d6d17d3b034c.jpg;img5da43867247e9.jpg;img5df317af5b20b.jpg
132,,Badminton,,NA,0,,,12,img5df4a586acdc3.jpg;img5df4a586af7dc.jpg;img5df4aa28c4ef1.jpg;img5df4aa28c547b.jpg
133,,Roll,,NA,0,f,d,8,img5d72272c04345.jpg;img5d72272c04437.jpg;img5d72272c04664.jpg;img5dccfbf61bccf.jpg
134,,Model,,NA,1,sa,p,10,img5d6d09fd4c3a0.jpg;img5d6d09fd4c51b.jpg;img5d8b580e945aa.jpg;img5df32bd456f7b.jpg
135,,Bee,,NA,0,,,8,img5d776d85a07d0.jpg;img5d776d85a0998.jpg;img5d6e0296cf450.jpg;img5d7c6e1b35e61.jpg
136,,Jewel,,NA,0,ock,t,8,img5d71fd7f22ab8.jpg;img5d71fd7f22f91.jpg;img5de508ab71f12.jpg;img5df34d49ba986.jpg
137,,Building,,NA,0,aprmn,t,12,img5d71fe0cb355b.jpg;img5d71fe0cb3b6e.jpg;img5d71fe0cb3c9f.jpg;img5d70d74552c96.jpg
138,,Sketch,,NA,2,,,12,img5dad95a305f20.jpg;img5df8c44449d54.jpg;img5df8c44449fdc.jpg;img5df8c4444a238.jpg
139,,Shoot,,NA,0,,,10,img5d78e75802a78.jpg;img5dd4e5c84d0c3.jpg;img5df35cc72b4fe.jpg;img5df35cc72b653.jpg
140,,Bottle,,NA,0,drin,k,12,img5d7a118c4f2cd.jpg;img5ddf9b751798e.jpg;img5df3610e942f6.jpg;img5df3610e9454e.jpg
141,,Globe,,NA,0,run,d,10,img5df3672f2106b.jpg;img5df3672f21432.jpg;img5df3672f24816.jpg;img5df3672f24917.jpg
142,,Oil,,NA,1,,,10,img5d7a13dab862f.jpg;img5d7a13dab8c58.jpg;img5d7a1a83c12bc.jpg;img5d91be9b6c1b5.jpg
143,,City,,NA,0,ow,n,10,img5d6e235bd5ebc.jpg;img5d6e235bd60e3.jpg;img5d6e235bd62fb.jpg;img5d6e235bd6447.jpg
144,,Bench,,NA,0,sati,g,10,img5d78cecd848de.jpg;img5d78cecd84c2f.jpg;img5d70d6be78831.jpg;img5d691a0745629.jpg
145,,Kite,,NA,0,,,8,img5d6903e2581ad.jpg;img5dccf0e96f829.jpg;img5df3767726be0.jpg;img5df376f0f0438.jpg
146,,Mansion,,NA,2,,,12,img5df4b495d30b2.jpg;img5df4b495d39b8.jpg;img5df4b495d3af1.jpg;img5df4b495d3c3d.jpg
147,,Africa,,NA,0,,,10,img5d84d392cf33b.jpg;img5d84d392cf65d.jpg;img5df378cf4cdfa.jpg;img5df77599970f0.jpg
148,,Road,,NA,0,,,10,img5d7612c4d9f65.jpg;img5d7612c4da40b.jpg;img5d68f9c7b2721.jpg;img5dd61e08a80af.jpg
149,,Triangle,,NA,0,,,12,img5dc4fa92ec096.jpg;img5d78b9279fe18.jpg;img5dd535098ed3a.jpg;img5df37e0c358ae.jpg
150,,River,,NA,2,wa,t,12,img5d7b75c7d2a91.jpg;img5d7b75c7d2c54.jpg;img5d7b75c7d33ae.jpg;img5d7ce87f826a3.jpg
151,,Oven,,NA,0,ba,k,10,img5d7ce77d1c146.jpg;img5df38582eb31b.jpg;img61dd5f427155c.jpg;img61dd5f42756b1.jpg
152,,Ice,,NA,0,snow,,8,img5d7b806d70339.jpg;img5d7b806d706b2.jpg;img5d7b806d70bad.jpg;img5d7b806d70cc5.jpg
153,,Stone,,NA,0,pb,l,12,img5d691745de097.jpg;img5d691745de46b.jpg;img5d691745de7ed.jpg;img5d78979e6dfff.jpg
154,,Rice,,NA,0,,,10,img5d7c720565aa3.jpg;img5d7c720565e00.jpg;img5d7c72056608f.jpg;img5d7c720566162.jpg
155,,Compass,,NA,1,,,12,img5d7f8bfd87444.jpg;img5d7f8bfd8768e.jpg;img5d7f8bfd87919.jpg;img5d7f8bfd87a81.jpg
156,,Toast,,NA,0,bke,,12,img5d887a19c369d.jpg;img5d887a19c38d2.jpg;img5d887a19c3ae8.jpg;img5dbbd69cb7451.jpg
157,,Friend,,NA,0,pal,,10,img5d7882cbd4f4a.jpg;img5d7ccc0baf159.jpg;img5df20575ef9ec.jpg;img5df20575eff11.jpg
158,,Ten,,NA,0,,,8,img5d8db48b259c0.jpg;img5d8db48b25b62.jpg;img5df215503ebe9.jpg;img5df215503ec76.jpg
159,,Pond,,NA,2,lak,e,12,img5d6e521f13c86.jpg;img5d6e52a37df07.jpg;img5d78f3afb47d9.jpg;img5df20d72ba65a.jpg
160,,Bag,,NA,0,,,8,img5d68f734be390.jpg;img5d68f734becd8.jpg;img5d6ce0452c7c0.jpg;img5dcd1addbdee4.jpg
161,,Shoes,,NA,0,b,t,10,img5d88a9542ff23.jpg;img5dc10f665832b.jpg;img5df09653d2f9c.jpg;img5df8be5419cd2.jpg
162,,Palm,,NA,0,,,8,img5d6d00d4c6fb6.jpg;img5d6d00d4c7187.jpg;img5d6d00d4c732f.jpg;img5d78822e51ef1.jpg
163,,Detector,,NA,2,,,10,img5d7cdf8d0c504.jpg;img5d8b6c393499e.jpg;img5d8b6c3934ae9.jpg;img5df356a9cc351.jpg
164,,Shuffle,,NA,0,,,10,img5d8867e832f5e.jpg;img5df22bb3507e6.jpg;img5df22c9403c60.jpg;img5df22c94040b1.jpg
165,,Emoji,,NA,0,,,10,img61dfbff7d88ba.jpg;img61dfbff7d92ee.jpg;img61dfbff7d96bf.jpg;img61dfbff7db9e3.jpg
166,,Tombstone,Gravestone,NA,0,,,14,img5d8f3787a3f32.jpg;img5d8f3787a46e2.jpg;img5d8f3787a47b5.jpg;img5da16154077b2.jpg
167,,Matchstick,,NA,1,,,16,img61dfc63d5926e.jpg;img61dfc63d5d867.jpg;img61dfc63d5dad7.jpg;img61dfc63d66d07.jpg
168,,Waffle,,NA,0,,,10,img5df4bb05996d9.jpg;img5df4bb059988a.jpg;img5df4bb0599be5.jpg;img5df4bb059a4ec.jpg
169,,Frog,,NA,0,,,12,img5d70b76e33b68.jpg;img5d70b76e33d0f.jpg;img5d70b76e340fd.jpg;img5dcd276ab3fac.jpg
170,,Partner,,NA,2,cou,l,12,img5d691cf1e8c92.jpg;img5d7f90b298189.jpg;img5d8a19b70b798.jpg;img5d7f88cf909f7.jpg
171,,Blessing,,NA,0,,,12,img5d91c28d593fa.jpg;img5d91c28d594f6.jpg;img5df23f35a7395.jpg;img5df23f35a7479.jpg
172,,Tissue,,NA,0,,,10,img5dfb50c63c1fd.jpg;img5dfb50c63c3d8.jpg;img5dfb531195d83.jpg;img5dfb531195fb0.jpg
173,,Zip,,NA,0,,,8,img5d7ce3eced78f.jpg;img5d7ce3eced9cc.jpg;img5d7ce3ecee0b5.jpg;img5df242a515cda.jpg
174,,March,,NA,0,,,10,img5d8f3d6d88d74.jpg;img5df23c34a5cda.jpg;img5e14416ae17af.jpg;img5de8b3fe363bc.jpg
175,,Mentor,,NA,2,,,10,img5d78caf75e951.jpg;img5d7a167c0c104.jpg;img5de630ef8f2e3.jpg;img5dea4c01c0fb8.jpg
176,,Laser,,NA,0,,,10,img5d9194381da14.jpg;img5d9194381db0f.jpg;img5d9194381dfbf.jpg;img5d9194381e0ca.jpg
177,,Officer,,NA,1,,,10,img5d8069dc0edd2.jpg;img5d8a26b643855.jpg;img5d8a26b643ad0.jpg;img5d8a26b643d9d.jpg
178,,Wave,,NA,0,,,8,img5d70b7de90d87.jpg;img5df31cd99e5f7.jpg;img5df31cd99e801.jpg;img5e2adf11613d4.jpg
179,,Snowman,,NA,0,,,10,img5df71bc26edb4.jpg;img5df71bc26f487.jpg;img5df71bc26f6ab.jpg;img5df71dea9d751.jpg
180,,Passage,,NA,1,,,10,img5d8a0ecca69c1.jpg;img5d8a0ecca6c33.jpg;img5d8a0ecca75bd.jpg;img5de6060393ae9.jpg
181,,Refuse,,NA,2,jc,t,12,img5d91b27fba1e9.jpg;img5d91b27fba3bc.jpg;img5dc6b304bd61d.jpg;img5df32d8d842ba.jpg
182,,Sad,,NA,0,,,12,img5d6caf7873961.jpg;img5d6caf7873b1e.jpg;img5d6d013bb4639.jpg;img5dde49fe8ef50.jpg
183,,Cart,,NA,0,wg,on,8,img5d7f9141b9e4a.jpg;img5d7f9141ba083.jpg;img5d7f9141ba6d8.jpg;img5d7f9141ba97f.jpg
184,,Spray,,NA,1,,,12,img5d76159ac6120.jpg;img5d76159ac6233.jpg;img5d76159ac63d3.jpg;img61d2bcae481c0.jpg
185,,Root,,NA,0,,,10,img5d7f91f06586f.jpg;img5d7f91f065c6f.jpg;img5df35e72ba72f.jpg;img5df35e72ba8c7.jpg
186,,Starfish,,NA,0,,,12,img5d8c5934c0a6e.jpg;img5dcd12f0464ad.jpg;img5dcd12f0465bf.jpg;img5dcd12f046696.jpg
187,,Kick,,NA,2,,,12,img5d8341d325c0d.jpg;img5d8341d325cf4.jpg;img5d8341d32636f.jpg;img5df369e6b1dbf.jpg
188,,Crayon,,NA,0,l,,10,img5d7cb43d30b12.jpg;img5d7cb43d30f56.jpg;img5df3643d6c739.jpg;img5df3643d6c873.jpg
189,,Eat,,NA,0,,,8,img5d6d0cb23df66.jpg;img5d6d0cb23e151.jpg;img5d6e10f49175a.jpg;img5dbd5e4de1dfc.jpg
190,,Tube,,NA,1,,,12,img5d84bbc060c85.jpg;img5ddf78f80efa7.jpg;img5df363039db49.jpg;img61dd61df50ee5.jpg
191,,Sink,,NA,0,,,8,img5d690165dc5bd.jpg;img5dbfbf5e258df.jpg;img5d6e37445f484.jpg;img5e6b8389a0f61.jpg
192,,Accessory,,NA,2,,,14,img5df74a9e62307.jpg;img5df74a9e623f8.jpg;img5df750802a529.jpg;img5df750802a7f6.jpg
193,,Burn,,NA,0,fi,e,12,img5d83425f40a64.jpg;img5d83425f40ec3.jpg;img5d83425f41125.jpg;img5da86cb6991ad.jpg
194,,Perfume,,NA,0,sa,y,12,img5df72ff430d6c.jpg;img5df72ff430e64.jpg;img5df733b5b28b8.jpg;img5df733b5b2c12.jpg
195,,Print,,NA,0,,,12,img5d88a9542aa90.jpg;img5d88a9542f9af.jpg;img5d88a9542fce3.jpg;img5d88a95431a8a.jpg
196,,Wheat,,NA,1,,,12,img5df7248b9ccd8.jpg;img5df7248b9cdde.jpg;img5df7248b9d3bf.jpg;img5df7248b9d5e5.jpg
197,,Maze,,NA,0,pul,,10,img5d7f3a801eff1.jpg;img5d7f3a801f158.jpg;img5d7f3a801f5ea.jpg;img5df20acd1a1aa.jpg
198,,Group,,NA,1,bnc,h,12,img5d761698612dc.jpg;img5d709315d080d.jpg;img5df20575efb1c.jpg;img5e00a77f5f4fb.jpg
199,,Swim,,NA,0,dv,e,8,img5d6d187070adc.jpg;img5d6d187071531.jpg;img5dbc1881ec84b.jpg;img5deddd7b63dca.jpg
200,,Shelter,,NA,2,af,y,10,img5d6e034f6be3e.jpg;img5d6e034f6bf6e.jpg;img5d6e034f6c162.jpg;img5dccea1f07c35.jpg
201,,Color,,NA,0,Rainb,w,8,img5d7f7aa6e5758.jpg;img5d7f849cdcf65.jpg;img5d7f849cdd674.jpg;img5df38b062ea8b.jpg
202,,Bird,,NA,0,,,8,img5d6d0a87e280d.jpg;img5d6d0a87e2a58.jpg;img5d6d0d3a775a2.jpg;img5dc11126eebe7.jpg
203,,Beanbag,,NA,0,,,10,img5d70da045def0.jpg;img5e01cac2acad5.jpg;img5e01cd01962f2.jpg;img5e0444987a04b.jpg
204,,Wet,Moist,NA,1,dro,p,10,img5d81f4d3dc89b.jpg;img5d81f4d3dc9ce.jpg;img5d84d5b31b095.jpg;img5df390f448a03.jpg
205,,Banana,,NA,0,,,14,img5d6918005e26c.jpg;img5d6918005e799.jpg;img5db149ca39df0.jpg;img5de6619ea01fe.jpg
206,,Beer,,NA,0,gls,a,10,img5d6902d32b6ae.jpg;img5d6902d32bc0f.jpg;img5d6902d32be00.jpg;img5d6902d32bf5b.jpg
207,,Distance,,NA,1,,,10,img5dea34bc6984f.jpg;img5df351ed6d6af.jpg;img5df351ed6d80a.jpg;img5e035a8a88d0a.jpg
208,,Pool,,NA,0,rest,,8,img5d6d1689e6013.jpg;img5d6d1689e695a.jpg;img5d6d1689e6ab4.jpg;img5d6d1689e6d05.jpg
209,,Blood,,NA,2,,,12,img5d690b52688a2.jpg;img5d690b5269094.jpg;img5d68f2894706b.jpg;img5e15a0e34e85e.jpg
210,,Kid,,NA,0,play,,8,img5d68f9ce39c03.jpg;img5d68f9ce3a1e0.jpg;img5d6d183025f26.jpg;img5d70f92c874f9.jpg
211,,Penguin,,NA,0,,,10,img5d81b7fc9960d.jpg;img5df35fca8c4a1.jpg;img5df87964c9e3e.jpg;img5df87964ca0e5.jpg
212,,Tail,,NA,0,,,8,img5d6f8e63c0fa7.jpg;img5dcd34aa224de.jpg;img5dcd34aa225d8.jpg;img5dcd34aa22730.jpg
213,,Crime,,NA,1,th,f,10,img5d691207d4e34.jpg;img5d691207d4f83.jpg;img5de2698791b6f.jpg;img5de26b4035a56.jpg
214,,Football,,NA,0,sce,r,10,img5d6f8e00977af.jpg;img5da9af89b0396.jpg;img5de4f55aa35b3.jpg;img5df36353c5082.jpg
215,,Rope,,NA,0,,,12,img5d69046803a34.jpg;img5d69046803b7c.jpg;img5d80b367c9592.jpg;img5df778bd2d63c.jpg
216,,Monster,,NA,2,dvil,,14,img5d7883f791e68.jpg;img5d8b2d4e5023c.jpg;img5d8b2d4e502f0.jpg;img5dc031519602d.jpg
217,,Aeroplane,,NA,0,cf,t,12,img5db038ee28155.jpg;img5db038ee28309.jpg;img5d8371498c19a.jpg;img5df483277ff8a.jpg
218,,Tea,,NA,0,cu,p,8,img5d692842046d0.jpg;img5d69284204b8c.jpg;img5d68f734becd8.jpg;img5d81b7fc991e9.jpg
219,,Shadow,,NA,1,,,12,img5d78838106ecf.jpg;img5d7883810755e.jpg;img5d836b7d5e0cc.jpg;img5ddcd812470bb.jpg
220,,Coat,,NA,0,,,10,img5d691de966423.jpg;img5df0b833ad793.jpg;img5df0cedaae3d2.jpg;img5df48b99ed45a.jpg
221,,Sprinkle,,NA,0,,,10,img5d6d1edcc8f02.jpg;img5d6d1edcc9484.jpg;img5d6d1edcc96b7.jpg;img5df49352634f9.jpg
222,,Badge,,NA,2,,,12,img5d7206b988338.jpg;img5d7206b98e01d.jpg;img5dccf33bad81c.jpg;img5df4a1de2b293.jpg
223,,Fence,,NA,0,,,10,img5d76173a9c3d1.jpg;img5d76173a9c7c8.jpg;img5d76173a9cec6.jpg;img5ddf95c0891aa.jpg
224,,Shy,,NA,0,id,e,8,img5d6a0f3a40cda.jpg;img5d6a0f3a412bd.jpg;img5d6a0f3a413b0.jpg;img5df4add045c88.jpg
225,,Museum,,NA,1,galr,y,12,img5dc28f6baeccd.jpg;img5dc28f6bcf356.jpg;img5dcbf7ae4c754.jpg;img5dcbf7ae4d431.jpg
226,,Cross,,NA,0,,,10,img5d6904b17802b.jpg;img5d6904b178866.jpg;img5d6ce5d292eac.jpg;img5d760e446a959.jpg
227,,Box,,NA,0,,,8,img5d6ce923196c1.jpg;img5d68e95cc6904.jpg;img5df4c484bb0d4.jpg;img5df4c6a0cec4b.jpg
228,,Gentleman,,NA,1,,,12,img5df09ae4655dc.jpg;img5df4ccfd27822.jpg;img5df4ccfd279e2.jpg;img5df4ccfd27bc5.jpg
229,,Knot,,NA,0,i,e,12,img5d80b367c8fc3.jpg;img5d80b367c90a3.jpg;img5d80b367c92a7.jpg;img5df23ca2a9e80.jpg
230,,Fireworks,,NA,0,,,12,img5d8f35b98c25c.jpg;img5d8f35b98c373.jpg;img5df369560e355.jpg;img5df369560e65a.jpg
231,,Lawyer,,NA,2,cou,t,12,img5df4d75437690.jpg;img5df4d75437845.jpg;img5df4d75437a65.jpg;img5df4ddd29431a.jpg
232,,Diamond,,NA,0,,,10,img5d6dff509616b.jpg;img5d6dff50966ee.jpg;img5d6cf6db42153.jpg;img5dea35eb251fb.jpg
233,,Duck,,NA,0,,,12,img5d6d09bb16d27.jpg;img5d6d09bb17357.jpg;img5d6d09bb1743f.jpg;img5d6d09bb17596.jpg
234,,Stamp,,NA,1,,,10,img5d8368485818d.jpg;img5d836848584ce.jpg;img5d8b63f9cb09f.jpg;img5df078aca9840.jpg
235,,Lion,,NA,0,,,8,img5d6d1a725a931.jpg;img5d6d1a725aa80.jpg;img5d6d1a725ad02.jpg;img5df4d3e7b84b1.jpg
236,,Pastry,,NA,0,,,10,img61fa4aaeeba77.jpg;img61fa4aaef324e.jpg;img61fa4aaf0166f.jpg;img61fa4aaf05148.jpg
237,,Luxurious,,NA,2,epen,v,10,img5d6d1c29b3e72.jpg;img5dcbfef32b582.jpg;img61fa4b59dc306.jpg;img61fa4b59e26cc.jpg
238,,Dam,,NA,0,,,8,img5d720227618df.jpg;img5d72022761a90.jpg;img5d72022761ffd.jpg;img5df713275c971.jpg
239,,Date,,NA,0,,,10,img5d690c4fed8e4.jpg;img5d690c4fedc9c.jpg;img5d690c4fede04.jpg;img5d8c45df231be.jpg
240,,Monsoon,,NA,1,rai,,12,img5d6d0cb07d1cf.jpg;img5d6d0cb07d2dc.jpg;img5db2952b73da8.jpg;img5d6d1db56b5f1.jpg
241,,Pigeon,,NA,0,dv,,12,img5d6d0d3a775a2.jpg;img5d6d0d3a77bb9.jpg;img5d6d0d3a78885.jpg;img5df724d56469b.jpg
242,,Clay,,NA,0,,,8,img5d68fe01579c1.jpg;img5d68fe0157e49.jpg;img5d6914e2a57b8.jpg;img5dccf73e50c05.jpg
243,,Marine,,NA,2,oc,,12,img5d76201f7631d.jpg;img5d76201f7694b.jpg;img5d76201f76b63.jpg;img61fa4bf940f5d.jpg
244,,Sweater,,NA,0,in,,14,img5dbc095c0ff9c.jpg;img5dbc095c13d04.jpg;img5d69089d1b222.jpg;img5df7314130300.jpg
245,,Radio,,NA,0,mus,c,10,img5d79eb7a867ba.jpg;img5d79eb7a86aad.jpg;img5d79eb7a86ecf.jpg;img5d79f7ff89f74.jpg
246,,Steel,,NA,1,,,12,img5d6d1f60e628c.jpg;img5d6d1f60e6b3b.jpg;img5d6d1f60e6fdc.jpg;img5df72ad310b79.jpg
247,,Bear,,NA,0,,,8,img5db182d9afcb2.jpg;img5db182d9b3a22.jpg;img5db185071c9b6.jpg;img5d70bbcf0af3c.jpg
248,,Earrings,,NA,0,,,12,img5d78eeb38ec25.jpg;img5d78eeb38ee65.jpg;img5d78eeb38f032.jpg;img5df204aeb4d14.jpg
249,,Spouse,,NA,2,c,l,10,img5d6f409b765af.jpg;img5d6f409b76ac3.jpg;img5d6f409b76e72.jpg;img5daede49e9e05.jpg
250,,Cap,,NA,0,,,8,img5d7f37353c2c8.jpg;img5d89b859202c4.jpg;img5da19ab86fb26.jpg;img5d8f3e4f6af78.jpg
251,,Playhouse,,NA,0,,,12,img5d8dbba2c00c5.jpg;img5d8dbba2c033a.jpg;img5dbabc4aaf66f.jpg;img5df39efe6dcab.jpg
252,,Powder,,NA,1,flu,,14,img5d7200a40f73c.jpg;img5d7200a40f88f.jpg;img5d7200a40f984.jpg;img5d7200a40fd2d.jpg
253,,Paint,,NA,2,col,r,12,img5d7f8fa9dbfa3.jpg;img5d7f8fa9dc50d.jpg;img5d8329b32ee33.jpg;img5dd9205035536.jpg
254,,Soup,,NA,0,bw,l,8,img5d6d1d8b3a9f0.jpg;img5d6d1d8b3aec2.jpg;img5df47a50497c3.jpg;img5df47a50498f9.jpg
255,,Battery,,NA,0,,,12,img5d7a0338954e0.jpg;img5d7a033895bbb.jpg;img5db15d812a584.jpg;img5def8f682c08d.jpg
256,,Floor,,NA,1,,,10,img5d79cc64847d6.jpg;img5d81b7fc96315.jpg;img5df48940097ec.jpg;img5df48d549d1c0.jpg
257,,Star,,NA,0,,,10,img5de8a2fda354b.jpg;img5d7225287907d.jpg;img5dcd12f046696.jpg;img5d8cc2f1788fb.jpg
258,,Potato,,NA,0,,,10,img5d8069dc0e3ee.jpg;img5d8069dc0e78a.jpg;img5d8069dc0edd2.jpg;img5d8069dc0f222.jpg
259,,Heartbeat,,NA,2,,,14,img5de0eea90a85a.jpg;img5df377f915b9b.jpg;img5df4bfb4de791.jpg;img5df7666e5334d.jpg
260,,USA,,NA,0,,,8,img5d79da1aeefe2.jpg;img5d79da1aef2ed.jpg;img5d79da1aef9e0.jpg;img5d79da1aefdaf.jpg
261,,Flood,,NA,0,,,12,img5d7104f14465c.jpg;img5d7104f146c5a.jpg;img5d7104f1473d5.jpg;img5da86cb699808.jpg
262,,Private,,NA,1,son,l,10,img5d68e77c74fbd.jpg;img5de630ef8f0dd.jpg;img5de630ef8f524.jpg;img5de630ef8fb57.jpg
263,,Send,,NA,0,,,8,img5df4c5a0cb8f2.jpg;img5d691f251e447.jpg;img5df87a3048ebf.jpg;img5df87a3048faf.jpg
264,,Pattern,,NA,0,,,10,img5d7107266197f.jpg;img5d71072661af9.jpg;img5d7107266204a.jpg;img5d71072666e5d.jpg
265,,Sunny,,NA,2,,,8,img5d7f8b0f80d5f.jpg;img5d7f8b0f8111a.jpg;img5d7f8b0f812c7.jpg;img5d7f8b0f81566.jpg
266,,Butter,,NA,0,,,10,img5d7cdd6fcefcc.jpg;img5d7cdd6fcf18e.jpg;img5d7cdd6fcf75b.jpg;img61d3ec2e2e9cd.jpg
267,,Gray,,NA,0,,,10,img5d78f273313cf.jpg;img5dcce772abc9b.jpg;img5dcce772abe14.jpg;img5dcce772ac065.jpg
268,,King,,NA,0,,,8,img5d7cdad9ee6b9.jpg;img5dea1617da104.jpg;img5df4d3e7b82a9.jpg;img5df4d3e7b84b1.jpg
269,,Champion,,NA,2,wer,,14,img5d70e96ba1ee8.jpg;img5d70e96ba2029.jpg;img5df883ee6d710.jpg;img5df883ee6d8b0.jpg
270,,Nose,,NA,0,,,10,img5d7f4fa2418b8.jpg;img5d7f4fa241b05.jpg;img5d7f4fa24205a.jpg;img5d7f4fa242110.jpg
271,,Cherry,,NA,0,,,12,img5d763dd45b9e8.jpg;img5d7f10856c175.jpg;img5df7219d6bf54.jpg;img5df7219d6c3d1.jpg
272,,Birdhouse,,NA,0,,,14,img5d6d0e1d27494.jpg;img5d6d0e1d27896.jpg;img5d6d0e1d2834d.jpg;img5d6d0e1d28575.jpg
273,,Weather,Atmosphere,NA,1,son,,8,img5d789d41e6ec8.jpg;img5d789d41e73a8.jpg;img5d789d41e76a8.jpg;img5d789d41e9129.jpg
274,,Turtle,,NA,0,,,10,img5d7f2be589b02.jpg;img5d7f2be58a082.jpg;img5d7f2be58a12c.jpg;img5df72d0ca18ec.jpg
275,,Wrist,,NA,0,hand,,12,img5d78eaf03fed7.jpg;img5d78eaf03ffaf.jpg;img5dccecc69bd7a.jpg;img5df731f65b0ba.jpg
276,,Shake,,NA,2,,,12,img5d6d14824cfc2.jpg;img5d6d14824d141.jpg;img5dc26f72b8894.jpg;img5df778bd2d8d7.jpg
277,,Mountain,,NA,0,,,14,img5d7886a1a03c2.jpg;img5d6e66d34341a.jpg;img5d7c96cccd265.jpg;img61d3ffc5def1e.jpg
278,,Circus,,NA,0,nt,,10,img5d82244199b6c.jpg;img5d82244199d07.jpg;img5df7573548859.jpg;img5df757354e3db.jpg
279,,Goal,,NA,1,,,10,img5d68ffbdb9c0a.jpg;img5d68ffbdba049.jpg;img5d68ffbdba250.jpg;img5e2fc62e1dd0f.jpg
280,,Doll,,NA,0,,,8,img5d6cf60ca0475.jpg;img5d6cf60ca0918.jpg;img5d6d09fd4c3a0.jpg;img5dea400fbcc29.jpg
281,,Mud,,NA,0,irt,,8,img5d6914e2a57b8.jpg;img5d691ce71b2d0.jpg;img5dc66baf4310d.jpg;img5dccf73e50c05.jpg
282,,Bookshelf,,NA,2,c,a,12,img5d8f2c8bd4671.jpg;img5ddcbe56f02d0.jpg;img5df37d2b2b43f.jpg;img5df76c7bddda8.jpg
283,,Yellow,,NA,0,c,r,10,img5d7a044a21861.jpg;img5d7a044a21a48.jpg;img5d7a044a21b06.jpg;img5d7a044a21c63.jpg
284,,Lipstick,,NA,0,,,10,img5da0710cebe3d.jpg;img5ddf8c536a789.jpg;img5df38af3420ff.jpg;img5df38af342306.jpg
285,,Swan,,NA,1,,,10,img5d6d0c89423ba.jpg;img5d6d0c89426a0.jpg;img5d6d0c89427a0.jpg;img5d690d56b610c.jpg
286,,Massage,,NA,0,p,,10,img5d7a1d029b2cf.jpg;img5d7a1d029b60c.jpg;img5d7ce9a1399f4.jpg;img61d4020284b03.jpg
287,,Circle,,NA,2,ound,,12,img5d7a30652b7eb.jpg;img5d7a30652b938.jpg;img5d7a30652bdb0.jpg;img5df20575efb1c.jpg
288,,Santa,,NA,0,,,10,img5de8d61f11b4c.jpg;img5de8d61f11c65.jpg;img5de8d61f11d4c.jpg;img5de8d61f12074.jpg
289,,Rich,,NA,0,,,8,img5d70b3e0acec8.jpg;img5de630ef8f79d.jpg;img5df8945447818.jpg;img5df8945447ae8.jpg
290,,Axe,,NA,0,,,8,img5d6cb0597ebca.jpg;img5d6cb0597ece7.jpg;img5d6cb0597ee21.jpg;img5d84e1c5452ad.jpg
291,,Six,,NA,1,,,10,img5d721cc17de05.jpg;img5d7240df5d432.jpg;img5d7240df5d64d.jpg;img5d7240df5d7f3.jpg
292,,Music,,NA,0,on,d,8,img5dc40e0dae1af.jpg;img5dc40e0dae280.jpg;img61fa4e681a4dd.jpg;img61fa4e6821f57.jpg
293,,Popcorn,,NA,0,,,12,img5dbabba502577.jpg;img5d7a513f4d33a.jpg;img5df7986a8a5ac.jpg;img5df7986a8a7c0.jpg
294,,Rucksack,,NA,0,b,p,10,img5df0cedaadf85.jpg;img5de74ef853747.jpg;img5df46ab2c9e74.jpg;img5df46ab2cb98b.jpg
295,,Climb,Ascend,NA,2,,,12,img5d70bbcf0a95d.jpg;img5d70bbcf0af3c.jpg;img5d70bbcf0b05e.jpg;img5d8e013a40add.jpg
296,,Park,,NA,0,,,8,img5d836b7d59e4c.jpg;img5d836b7d59fe1.jpg;img5d836b7d5dfca.jpg;img5df79d3692b34.jpg
297,,Zoo,,NA,0,,,10,img5d761bfcc7adc.jpg;img5d761bfcc7fb6.jpg;img5d761bfcc806d.jpg;img5d761bfcc818a.jpg
298,,Explosion,,NA,1,bat,,14,img5d8f35b98c049.jpg;img5d8f35b98c25c.jpg;img5d8f35b98c373.jpg;img5d8f35b98c749.jpg
299,,Cake,,NA,0,swt,,10,img5d6d18fcd8632.jpg;img5d6d18fcd8a15.jpg;img5df8655b541b6.jpg;img61fa4f4c7312b.jpg
300,,Garden,,NA,0,flo,w,10,img5d7a2832463ff.jpg;img5d7a283246508.jpg;img5d7a283246d74.jpg;img5d7a283246eaf.jpg
301,,Dry,,NA,2,,,10,img5d691f251e652.jpg;img5d70a5a0e18d8.jpg;img5df756fc7f13b.jpg;img62625540290c1.jpg
302,,File,,NA,0,,,8,img5d6fa74d7c4b1.jpg;img5dee28319f758.jpg;img5df86a381ad18.jpg;img5df86a381ae2a.jpg
303,,Candy,,NA,0,swe,t,12,img5dbab1885fadb.jpg;img5dbab1885fd06.jpg;img5dbab1885ff7d.jpg;img5def5fa9ec798.jpg
304,,Zodiac,,NA,1,,,10,img5d8b170d6ea28.jpg;img5d8b170d6ecdc.jpg;img5d8b170d6ee4a.jpg;img5df77a5f02b9a.jpg
305,,Photographer,,NA,0,cm,,14,img5d8b0979238d1.jpg;img5d8b0979239f5.jpg;img5ddfac6878274.jpg;img5de7750724e45.jpg
306,,Cat,,NA,0,,,8,img5dbd2ef3e28bd.jpg;img5dbd2ef3e2966.jpg;img5dbd2ef3e5a3a.jpg;img5dea4d18b4205.jpg
307,,Catch,,NA,2,,,12,img5db29012e54ed.jpg;img5db29012e5659.jpg;img5dd6395095766.jpg;img5df786637f0aa.jpg
308,,Pillow,,NA,0,cush,n,10,img5dbbf58cf3ea9.jpg;img5dbbf58d0022f.jpg;img5d69077237615.jpg;img5d7c7eb170599.jpg
309,,Feed,,NA,0,at,,8,img5d6a1826338c4.jpg;img5d6a182633cfd.jpg;img5d6d0cb23d948.jpg;img5dee32bb2e934.jpg
310,,Currency,,NA,1,mo,,12,img5d8db48b25a8b.jpg;img5df47fe0eb63e.jpg;img5df75815bc0c6.jpg;img5df75815c0cf3.jpg
311,,Goodbye,,NA,0,,,8,img5df0d2c086424.jpg;img5df483a559d7f.jpg;img5df483a559f05.jpg;img5df75bceefb09.jpg
312,,Lock,,NA,0,,,12,img5d6904e09e227.jpg;img5d6904e09e41b.jpg;img5d6904e09e5d7.jpg;img5d7220b96e3e3.jpg
313,,Vapor,,NA,2,ste,m,10,img5d9f293aac33a.jpg;img5d9f293aac44e.jpg;img5d9f293aaca4a.jpg;img5d77a0f6f3141.jpg
314,,Inject,,NA,0,,,8,img5d6e0296cf8d5.jpg;img5d6d1d2f816a6.jpg;img5dce4d2dda671.jpg;img5dce657c7f273.jpg
315,,Tap,,NA,0,,,10,img5d6928f3075e6.jpg;img5d6928f307ab5.jpg;img5d888506cbd26.jpg;img5d6902d32c088.jpg
316,,Delivery,,NA,1,Pac,s,12,img5def5fa9f0b65.jpg;img5df48c5bbad7d.jpg;img5e04a4bf1c833.jpg;img5e2988163f77f.jpg
317,,Eraser,,NA,0,u,B,10,img5dbd2c8c8ee38.jpg;img5dbd2c8c93fef.jpg;img5dbd2c8c9555d.jpg;img5dbd2c8c9783c.jpg
318,,Equipment,,NA,2,aru,s,14,img5d70d4bc16313.jpg;img5d8f294cd0ac5.jpg;img5d8f294cd0c78.jpg;img5df885bfbe0e3.jpg
319,,Deaf,,NA,0,r,,8,img5ddfc9638f97e.jpg;img5df898121641a.jpg;img5df89812165af.jpg;img6262596d1a7ac.jpg
320,,Broom,,NA,0,,,10,img5d6d00f084b54.jpg;img5dc014662a5f0.jpg;img5d8882b1959b7.jpg;img5d6cea27edbc1.jpg
321,,Marble,,NA,0,,,8,img5dc10df88fb5e.jpg;img5dc10df890264.jpg;img5dc10df8904b6.jpg;img5e6b86ca1fb67.jpg
322,,Weak,,NA,2,,,10,img5d68f0e296819.jpg;img5d68f0e296a1d.jpg;img5d6f485934a9c.jpg;img5df8afd66afd5.jpg
323,,Dolphin,,NA,0,,,10,img5dc00df8e8e8b.jpg;img5dc00df8ed99e.jpg;img5dc00df8ee638.jpg;img5dc113877501a.jpg
324,,Berry,,NA,0,,,8,img5db27abe1dc0d.jpg;img5db27abe1f158.jpg;img5df8a671bfbc2.jpg;img5df8a671c0022.jpg
325,,University,,NA,0,colg,,12,img5d78fa2e2b743.jpg;img5d8c47d093401.jpg;img5d8c47d0937a3.jpg;img5dbd473884d5d.jpg
326,,Island,,NA,2,oce,,12,img5d7c96cccce85.jpg;img5df8b6ee8cea6.jpg;img5df8b6ee8d0fc.jpg;img5d7f2be58a441.jpg
327,,Chalk,,NA,0,,,10,img5d7cb43d30f56.jpg;img5dbfaf51834ef.jpg;img5dbfaf5183680.jpg;img5deddd7b641f6.jpg
328,,Pipeline,,NA,1,,,12,img5d8f34479737b.jpg;img5df8beecb839e.jpg;img5df8c0c060536.jpg;img5df8c0c060789.jpg
329,,Mix,,NA,0,,,8,img5d69227bd4887.jpg;img5d7caf76ad912.jpg;img5df8c4ad80de6.jpg;img5df8c4ad80f8a.jpg
330,,Teacher,,NA,0,,,12,img5d78caf762be7.jpg;img5dbd47388504e.jpg;img5d7a167c0c104.jpg;img61d41e47e2279.jpg
331,,Space,,NA,2,,,12,img5d690c8c8a196.jpg;img5d690c8c8a63e.jpg;img5d70da5f16c6b.jpg;img5e10598d6490a.jpg
332,,Fool,,NA,0,dum,b,8,img5d777a637c77b.jpg;img5dc5153fd9ae8.jpg;img5df8cc780c41e.jpg;img5df8cc780c5b2.jpg
333,,Honeycomb,,NA,0,,,12,img5d776d85a07d0.jpg;img5d7c6e1b35e61.jpg;img5df490f071070.jpg;img5e18081b04140.jpg
334,,Pay,,NA,1,b,u,10,img5d6a1e2ea948e.jpg;img5d6a1e2ea985f.jpg;img5d6a1e2ea9a52.jpg;img5de0e970c28f7.jpg
335,,White,,NA,0,,,12,img5dbbc430a1f4e.jpg;img5dbbc430a1fed.jpg;img5dbbc430a2120.jpg;img5ddd085532693.jpg
336,,Mask,,NA,0,,,12,img5d691ba0dc5d9.jpg;img5d691ba0dc697.jpg;img5d691ba0dc94d.jpg;img5dd7e09753fbe.jpg
337,,Plastic,,NA,2,,,12,img5d7f9141ba97f.jpg;img5def82c4a6f88.jpg;img5df35ba42c61e.jpg;img5df35ba42c6ea.jpg
338,,Thread,,NA,0,,,10,img5d8f38f91fabe.jpg;img5d8f38f91ff89.jpg;img5dea4a75131ba.jpg;img5dea4a75132cb.jpg
339,,Brick,,NA,0,wall,,10,img5d7ce7df8cb14.jpg;img5d7ce7df8ccbc.jpg;img5d7ce7df8d216.jpg;img5d7ce7df8d803.jpg
340,,Disagree,,NA,1,confl,t,14,img5dbad48795b96.jpg;img5de4a96e36962.jpg;img5df9b5237fd76.jpg;img61d426048a311.jpg
341,,Corn,,NA,0,,,8,img5d9f184a64021.jpg;img5dc3e299dab4b.jpg;img5df9c66d29a37.jpg;img5df9c8a520714.jpg
342,,Cycle,,NA,0,,,10,img5d78e9e9bf91f.jpg;img5d78f04ceb393.jpg;img5dd929f9101d9.jpg;img61d42689798be.jpg
343,,Prank,,NA,1,,,12,img5df8cc780c988.jpg;img5dfa07ca17dbd.jpg;img5dfcca8c87ceb.jpg;img61d427e4f158a.jpg
344,,Backbone,,NA,0,sl,t,10,img5df4a49d99fac.jpg;img5df4a49da13d8.jpg;img5df4a49da161a.jpg;img5df8c8040df21.jpg
345,,Tin,,NA,0,c,a,8,img5df9e822783ce.jpg;img5df9e82278a2b.jpg;img5dfa105ee1404.jpg;img5dfa105ee14fc.jpg
346,,Downstair,,NA,2,c,e,14,img5d6e560ee07d4.jpg;img5d6e560ee0dab.jpg;img5d6e560ee0eb8.jpg;img5dde6cb67be1d.jpg
347,,Curtain,,NA,0,,,10,img5dc00796a6aa3.jpg;img5dc00796aa777.jpg;img5dc00796aa85a.jpg;img5dc93684a6811.jpg
348,,Ticket,,NA,0,,,12,img5d7a1cab2a15b.jpg;img5dd3dc25ca4f8.jpg;img5df8da7e7a64f.jpg;img5df9f14b7717a.jpg
349,,Announcement,,NA,1,,,16,img5d8db9b9c5a48.jpg;img5d8dfc471efb6.jpg;img5df9fa002ac81.jpg;img5df9ff4e71225.jpg
350,,Apple,,NA,0,,,8,img5dbaaa8f9a2ad.jpg;img5dbaaa8f9b648.jpg;img5dbaaa8f9b916.jpg;img5dd509aff1cb4.jpg
351,,Hit,,NA,0,,,10,img5d6a0aea1a8be.jpg;img5d6a0aea1ad3c.jpg;img5df8a59c484e6.jpg;img5df8a59c488e7.jpg
352,,Screen,,NA,0,dipla,y,10,img5d7b5a6a21438.jpg;img5d7b5a6a21b14.jpg;img5d7b5a6a21dbb.jpg;img5da86cb6990dd.jpg
353,,Font,,NA,2,e,x,10,img5d725d0bed4f3.jpg;img5dfc629daa8a7.jpg;img5dfc629daab8f.jpg;img5dfc629dab00f.jpg
354,,Black,,NA,0,,,8,img5d787a6177c63.jpg;img5d787a6177e96.jpg;img5d70b3e0accfb.jpg;img5df8bcdb461ce.jpg
355,,Parrot,,NA,0,,,10,img5dbbcda91515b.jpg;img5df8c4534540f.jpg;img5df8c4534562c.jpg;img5df8c5b429165.jpg
356,,Survey,,NA,1,,,12,img5de0f7d64c586.jpg;img5df22af239dd0.jpg;img5df71b7916d33.jpg;img5de7923631b79.jpg
357,,Speedboat,,NA,0,,,14,img5d70dae8bd0cf.jpg;img5dcbfef32b582.jpg;img5df4a9303bd0d.jpg;img5df4a9303dd2a.jpg
358,,Curry,,NA,0,fod,,8,img5d6f7cb872c8e.jpg;img5df8d178ac828.jpg;img5df8d178aca16.jpg;img5df8d178accc4.jpg
359,,Join,,NA,2,merg,,12,img5d6906a9b8a48.jpg;img5dadc453024c4.jpg;img5de24d913c658.jpg;img5df8cc6786c0d.jpg
360,,Lottery,,NA,0,,,10,img5dbd6fc1c4c7a.jpg;img5df8da7e7a64f.jpg;img5df8da7e7a847.jpg;img5df8da7e7a930.jpg
361,,Boil,,NA,0,ht,,8,img5d6f42acbe251.jpg;img5d6d0bd733065.jpg;img5da08bead98ef.jpg;img5da08bead99fc.jpg
362,,Donation,,NA,1,shre,,12,img5d8b084e85a5f.jpg;img5db169abf1522.jpg;img5dd4d2e995091.jpg;img5df8dff6081e3.jpg
363,,Cream,,NA,0,,,8,img5dbab0ab3c11b.jpg;img5dbab0ab3c5fc.jpg;img5dbab0ab3e48c.jpg;img5d8ded8ab9bd2.jpg
364,,Cigarette,,NA,0,smokng,,12,img5dbd3e2c22010.jpg;img5dbd3e2c26806.jpg;img5dbd3e2c2b3d6.jpg;img5dde03f11d40e.jpg
365,,Beak,,NA,2,ir,d,10,img5da076ad65c1b.jpg;img5da076ad65d5a.jpg;img5df9bab872ae7.jpg;img5df9bc3fa5e3b.jpg
366,,Nap,,NA,0,,,8,img5d68f598b5aba.jpg;img5dce590420de5.jpg;img5dce59042572e.jpg;img5dce590425bcc.jpg
367,,Liquid,,NA,0,,,12,img5d7a118c4f2cd.jpg;img5d7a25972d6c1.jpg;img5d7a25972d8d8.jpg;img5dd3e112af5f5.jpg
368,,Throw,,NA,0,,,12,img5d78eb8e81349.jpg;img5d78eb8e81506.jpg;img5d78eb8e85f40.jpg;img5dee58e4dee2f.jpg
369,,Barrier,,NA,2,,,12,img5d6fc25284a8c.jpg;img5df9f2ed4df3c.jpg;img5df9f2ed4e1c8.jpg;img626272bab7121.jpg
370,,Pistol,,NA,0,gun,,10,img5d691207d4a69.jpg;img5dbbc0613a024.jpg;img5dbbc0613a321.jpg;img5dd4e5c84ce9d.jpg
371,,Queue,,NA,0,lin,,10,img5da433e99ec58.jpg;img5da433e99f272.jpg;img5ddce78734edb.jpg;img5df9cf8abd8d5.jpg
372,,Soil,,NA,0,an,d,10,img5d68fb9245fbb.jpg;img5d68fb9246123.jpg;img5d6f3d9cd7dda.jpg;img5df9e924240d1.jpg
373,,Entertain,,NA,1,,,12,img5d8b612e266db.jpg;img5dfc69c2b8d9d.jpg;img5dfc69c2b949b.jpg;img5dfc69c2b96b5.jpg
374,,Table,,NA,0,din,,10,img5dc17fc8013c3.jpg;img5dc17fc8027a5.jpg;img5dc17fc802ac5.jpg;img5d721de819028.jpg
375,,Meat,,NA,0,,,8,img5d9f190e50a21.jpg;img5d7f652f0b11e.jpg;img5d84e1c545380.jpg;img5df9ff85b05e7.jpg
376,,Embroidery,,NA,1,,,12,img5d8f38f91f82b.jpg;img5d8f38f91ff89.jpg;img5dfa19165aae0.jpg;img5dfa19165abf8.jpg
377,,Hungry,,NA,0,,,10,img5dbd5e4de2bcc.jpg;img5dfa236b415ac.jpg;img5dfa236b416d5.jpg;img5dfa236b43a94.jpg
378,,Grass,,NA,0,e,n,12,img5dbffa6dbcaca.jpg;img5dbffa6dbcd5e.jpg;img5dbffa6dbcefe.jpg;img5dbffa6dc06e5.jpg
379,,Nursery,,NA,2,,,10,img5dbabc4aab1b9.jpg;img5dc6739a27f44.jpg;img5dc6739a280ef.jpg;img5dc6739a282aa.jpg
380,,Brochure,,NA,0,paml,t,12,img5dfc59aad83ad.jpg;img5dfc59aad89d9.jpg;img5dfc59aad8a8f.jpg;img5dfc59aad8bbb.jpg
381,,Bounce,,NA,0,jmp,,12,img5d81d24d29705.jpg;img5d81d24d29813.jpg;img5dfa34e6c5ffa.jpg;img5dfa34e6c619a.jpg
382,,Pick,,NA,1,,,10,img5d80df7bd5dfe.jpg;img5df8da7e7abb0.jpg;img5dfa3d7157687.jpg;img5e1815ffa0b91.jpg
383,,Chime,,NA,0,,,12,img5d6f982089197.jpg;img5d6f982089463.jpg;img5df770001af6f.jpg;img5df770001b231.jpg
384,,Ant,,NA,0,,,10,img5dee58e4de55f.jpg;img5df4b2b1664a5.jpg;img5df4b2b1667c1.jpg;img5df4b2b166868.jpg
385,,Structure,,NA,1,,,12,img5d8dbf1cce9e0.jpg;img5d71fe0cb33f3.jpg;img5dfb1f9da6573.jpg;img5dfb4633894d9.jpg
386,,Fight,,NA,0,us,le,12,img5d6907723774f.jpg;img5d69077237c1a.jpg;img5d725cb0239ea.jpg;img5ddb675a17ae5.jpg
387,,Drawer,,NA,0,,,12,img5dbff43526156.jpg;img5dbff43526261.jpg;img5dbff43526dae.jpg;img5dfb17ea7af70.jpg
388,,Hide,,NA,2,,,12,img5d6fb5bce6bcf.jpg;img5d6fb5bce6c84.jpg;img5d6fb5bce7022.jpg;img5dfb0f1fc594f.jpg
389,,Loud,,NA,0,nis,e,10,img5d8db9b9c3497.jpg;img5df9fa002afd4.jpg;img5dfb43485aa15.jpg;img5dfb43485ab12.jpg
390,,Double,,NA,0,c,p,10,img5dc14da052885.jpg;img5dc14da05294a.jpg;img5d8a19b70b798.jpg;img5dfb4c0f7c322.jpg
391,,Traffic,,NA,2,,,10,img5df4b960217c1.jpg;img5df4b96021e26.jpg;img5e2983070ae5d.jpg;img6263ca51b5256.jpg
392,,Carrot,,NA,0,,,12,img5d761dface9e7.jpg;img5d761dfacec1a.jpg;img5d761dfacf27b.jpg;img5dfb4ff15301d.jpg
393,,Goat,,NA,0,,,12,img5d9f18ceaf0fe.jpg;img5d9f18ceaf281.jpg;img5d9f18ceaf593.jpg;img5d9f18ceaf678.jpg
394,,Disco,,NA,1,part,y,8,img5d7222616ff2e.jpg;img5d722261706f3.jpg;img5d6903af49294.jpg;img6263ce57c407a.jpg
395,,Magazine,,NA,0,,,12,img5d8af7bf120d8.jpg;img5d8af7bf1225d.jpg;img5d8af7bf12526.jpg;img5de8f4c17a6bb.jpg
396,,Host,,NA,0,,,8,img5dfb60af8121d.jpg;img5dfb60af813d1.jpg;img5dfb624688017.jpg;img5dfb6246884cc.jpg
397,,Locket,,NA,0,,,10,img5dc10a3b1dd5b.jpg;img5dc10a3b1de1e.jpg;img5dc10a3b1e0e8.jpg;img5dc10a3b235b1.jpg
398,,Quarter,,NA,2,,,12,img5df4cb486ead1.jpg;img5dfb58f709b73.jpg;img5e044b60517ac.jpg;img6263d24f5e7ca.jpg
399,,Donkey,,NA,0,,,10,img5dbd247d99a3d.jpg;img5dbd247d9aac0.jpg;img5dbd247d9ae76.jpg;img5dbd247d9d197.jpg
400,,Error,,NA,0,wn,g,8,img5da8494376159.jpg;img5da84943763af.jpg;img5dfb5e5f28233.jpg;img5dfb5e5f28709.jpg
401,,Facility,,NA,1,,,10,img5d8f31815ca2f.jpg;img5d8f31815cb77.jpg;img5d8f31815cc9c.jpg;img5d8f31815d13f.jpg
402,,Movie,,NA,0,cn,a,12,img5d7a513f4cf17.jpg;img5d7a513f4d241.jpg;img5dfa204db966c.jpg;img5dfa204dbd5d5.jpg
403,,Moon,,NA,0,,,8,img5d6cfba0b2e0d.jpg;img5d6cfba0b2ffa.jpg;img5d8f35380ecbf.jpg;img5dd7c69bc6ddc.jpg
404,,Archer,,NA,1,,,12,img5db0372551aff.jpg;img5db037255226a.jpg;img5db2966e89389.jpg;img5db2966e8dfbb.jpg
405,,Fox,,NA,0,,,12,img5d8c816fdc44f.jpg;img5dd7cba794173.jpg;img5df73f78ed953.jpg;img5df73f78edfcb.jpg
406,,Peace,,NA,0,lm,,10,img5d7796b1934f0.jpg;img5d7898601133e.jpg;img5d78986011527.jpg;img5e0089181d6e8.jpg
407,,Terrace,,NA,2,,,12,img5dc1419b72ec3.jpg;img5dc1419b7742a.jpg;img5dc1419b77ae1.jpg;img5dc1419b77bd7.jpg
408,,Fragrance,,NA,0,sml,,12,img5d8dbc5631982.jpg;img5d8dbc5631c66.jpg;img5d8dbc5631d60.jpg;img5df733b5b2c12.jpg
409,,Tattoo,,NA,0,syl,e,10,img5d6d0b0a6d216.jpg;img5daede49e9e05.jpg;img5df48225d8876.jpg;img61d92063ca859.jpg
410,,Army,,NA,1,,,12,img5da0638e78a75.jpg;img5da0638e7a24c.jpg;img5da0638e7a383.jpg;img5d8f3d6d88d74.jpg
411,,Mug,,NA,0,c,p,10,img5daec706a9a0d.jpg;img5daec706a9dc8.jpg;img5d7243d82e20a.jpg;img5dfb07f7a8e43.jpg
412,,Press,,NA,0,,,12,img5d7f7af028473.jpg;img5d7f7af028683.jpg;img5d7f7af028aa4.jpg;img61d9234db2042.jpg
413,,Pair,,NA,2,tw,n,10,img5d76138991179.jpg;img5d7613899128a.jpg;img5d761389916b2.jpg;img5d761389917cb.jpg
414,,Transport,,NA,0,vehic,,14,img5d8b0e31634e9.jpg;img5d8b0e3163651.jpg;img5d8b0e3163701.jpg;img5d8b0e3165d43.jpg
415,,Operate,,NA,0,con,l,10,img5db168d14305c.jpg;img5db168d14702a.jpg;img5dd378266765a.jpg;img5dfb19728989b.jpg
416,,Hurdle,,NA,1,obsta,c,12,img5d91bf7d74d94.jpg;img5d91bf7d7bae0.jpg;img5d91bf7d7c10e.jpg;img5dfb21a31b699.jpg
417,,Diary,,NA,0,note,s,12,img5daee409eab1b.jpg;img5daee409ef908.jpg;img5d8b0fd3e16a0.jpg;img5dfb26f4ae177.jpg
418,,Pony,,NA,0,,,8,img5d70b23f6be8f.jpg;img5dfb3ad98cf36.jpg;img5dfb402d965b4.jpg;img5dfb402d9678a.jpg
419,,Emotions,,NA,1,fl,g,12,img5d6cdd094ab6c.jpg;img5dbd52da158a2.jpg;img5dc12256ec15e.jpg;img5dfb43021ed21.jpg
420,,Puzzle,,NA,0,ri,d,12,img5dc3f16f2e299.jpg;img5dfb4be015a59.jpg;img5dfb4fcf8f679.jpg;img5dfb4fcf8f76b.jpg
421,,Knee,,NA,0,,,10,img5d6e06a3707dc.jpg;img5da46aa5ed965.jpg;img5dea22da0e09f.jpg;img5dfb52fae0926.jpg
422,,Production,,NA,2,,,14,img5daaaba470797.jpg;img5dfb59bc7eaaa.jpg;img5e009407d1263.jpg;img5e009407d1427.jpg
423,,Gloves,,NA,0,hand,s,10,img5d7b8205d29c0.jpg;img5d7b8205d2a78.jpg;img5dfb5e85a1ca6.jpg;img5dfb5e85a1f9b.jpg
424,,Trophy,,NA,0,win,e,10,img5db03e0e2a6fe.jpg;img5db03e0e2acef.jpg;img5dada52686009.jpg;img5dfb639e454c4.jpg
425,,Syringe,,NA,1,jcto,,14,img5d6e0296cf7f5.jpg;img5dbd6b241a216.jpg;img5df0be3713819.jpg;img5dfb6666e61c4.jpg
426,,Zombie,,NA,0,,,10,img5db02666cb4cc.jpg;img5db02666cb6c1.jpg;img5db02666cbd18.jpg;img5dfb67da9b9c6.jpg
427,,Document,,NA,0,,,10,img5d70dc1d9cc9a.jpg;img5d6fa74d7c550.jpg;img5dfb6dc648091.jpg;img5dfb6dc6482b3.jpg
428,,Scar,,NA,1,injuy,,12,img5dfb710090ab3.jpg;img5dfb710090da8.jpg;img5dfb710090f91.jpg;img5dfb7100911c5.jpg
429,,Alert,,NA,0,,,10,img5daef6274a889.jpg;img5daef6274d2c8.jpg;img5d76173a9cec6.jpg;img5de2541cd98b6.jpg
430,,Pin,,NA,0,,,10,img5d70dcc0657d6.jpg;img5d70dcc0659a0.jpg;img5d70dcc065cdc.jpg;img61dbdafb108e1.jpg
431,,Half,,NA,2,pr,t,10,img5dada7d8dd9cd.jpg;img5dada7d8ddb14.jpg;img5dada7d8ddc1f.jpg;img5dfc643b12d26.jpg
432,,Cable,,NA,0,wi,r,10,img5dadc45302861.jpg;img5dadc45302b1e.jpg;img5d8b634bdd61f.jpg;img5d8341473cdac.jpg
433,,Authority,,NA,0,,,12,img5d8dae3f9aa9a.jpg;img5d8dae3f9ac9b.jpg;img5d8dae3f9ad9d.jpg;img5e00a0503c71c.jpg
434,,Garment,,NA,1,cloh,s,12,img5d8a06ba8d5b0.jpg;img5de77df94dee3.jpg;img5e01d19d40636.jpg;img5e01d19d4080b.jpg
435,,Paper,,NA,0,g,s,10,img5dadb9e4ee1ad.jpg;img5dadb9e4ee3d2.jpg;img5d6e10f494cb8.jpg;img5dd76b3b05482.jpg
436,,Draw,,NA,0,pint,,12,img5dad95a305f20.jpg;img5df083272193f.jpg;img5df8c5c4d5df0.jpg;img5dfc7a926b130.jpg
437,,Grassland,,NA,2,ptue,,14,img5d8b67865ecbc.jpg;img5dd64d00f3938.jpg;img5dfc920ddc52f.jpg;img5dfc94494c153.jpg
438,,Toe,,NA,0,f,,8,img5df7434740ac9.jpg;img5df7434740d63.jpg;img5df7434740eac.jpg;img5dfc8cc3c8782.jpg
439,,Participant,,NA,0,lye,,12,img5d8f40f698fc7.jpg;img5d8f40f69915d.jpg;img5d8f40f6993bf.jpg;img5d8f40f69952a.jpg
440,,Secret,,NA,1,goi,p,12,img5d8f1433d4b9c.jpg;img5d8f1433d530e.jpg;img5dfc9bad7e64d.jpg;img5dfca3048f878.jpg
441,,Tiny,,NA,0,,,8,img5da46b297aa58.jpg;img5da46b297ae0a.jpg;img5da46b297aef0.jpg;img5dfb6aac5e379.jpg
442,,Piece,,NA,0,s,l,12,img5d70b3ddd35cd.jpg;img5da7141665be6.jpg;img5d70b3ddd37c4.jpg;img5dd5364f4a926.jpg
443,,Monarch,,NA,1,,,10,img5d8b6cd8625f6.jpg;img5d8b6cd862774.jpg;img5d8b6cd862b5c.jpg;img5de9e58294a61.jpg
444,,Rocket,,NA,0,,,10,img5d7ce828877cc.jpg;img5d7ce8288789d.jpg;img5dfb800b4e578.jpg;img5dfb800b4e686.jpg
445,,Honey,,NA,0,,,12,img5dbfc2af68a0d.jpg;img5dbfc2af68ae6.jpg;img5dfb82a81f7b6.jpg;img61dbebccdde95.jpg
446,,Election,,NA,2,v,,14,img5dc1058ba6974.jpg;img5dc1058ba6a12.jpg;img5dc1058ba6e58.jpg;img5dfc6f426e75e.jpg
447,,Crab,,NA,0,,,8,img5da052a35090e.jpg;img5da052a350a55.jpg;img5da052a3511fe.jpg;img5dfb870201474.jpg
448,,Insert,,NA,0,,,12,img5d7b98c91923d.jpg;img5d7b98c9198a5.jpg;img5df87a3048faf.jpg;img5db169abee9f2.jpg
449,,Paperwork,,NA,1,d,s,12,img5dfb6dc648091.jpg;img5e05c3f7de56a.jpg;img5e05c3f7df8b8.jpg;img61dbee87ac223.jpg
450,,Microphone,,NA,0,k,,14,img5da051935a263.jpg;img5da051935a42a.jpg;img5da051935a6f0.jpg;img5de0dae23439d.jpg
451,,Institute,,NA,0,colg,,12,img5d8c47d093401.jpg;img5d8c47d09365c.jpg;img5d9f157be6e39.jpg;img5e22ba010b30a.jpg
452,,Trunk,,NA,0,,,8,img5d68e95cc6291.jpg;img5d68e95cc63cd.jpg;img5d68e95cc6904.jpg;img5dfca5fbebba3.jpg
453,,Hammer,Mallet,NA,2,,,12,img5d6f3ce5b3bdb.jpg;img5d7ba4817eb91.jpg;img5d79e90e18202.jpg;img5dfc9f5a2a487.jpg
454,,Calf,,NA,0,,,8,img5da443ea0f817.jpg;img5e6b336075533.jpg;img5e6b33607932d.jpg;img5e6b33607944e.jpg
455,,Ground,,NA,0,,,12,img5d6f3ec95c848.jpg;img5d6f3ec95cc26.jpg;img5d6f3ec95d67a.jpg;img5d6f3ec95d888.jpg
456,,Swallow,,NA,1,drink,,10,img5dc11126ed136.jpg;img5d776c3aa2c12.jpg;img5dfcb5c840e32.jpg;img5d7a118c4f2cd.jpg
457,,Light,,NA,0,,,8,img5d69087ec5698.jpg;img5dba779c72347.jpg;img5dc6617643f78.jpg;img61dbf06383b6f.jpg
458,,Job,,NA,0,wr,k,8,img5d8b659d55503.jpg;img5dd8cca87b948.jpg;img5dd8bd16501a4.jpg;img5dedf95ac1cd5.jpg
459,,Cool,,NA,2,h,i,8,img5da19ab86fb26.jpg;img5df8945447818.jpg;img5dfcc55ec6841.jpg;img5dfcc55ec6983.jpg
460,,Courage,,NA,0,dvnt,,12,img5dd5281586e5f.jpg;img5dd528158a8e4.jpg;img5dd528158ad42.jpg;img5e019ecfb21cd.jpg
461,,Square,,NA,0,,,10,img5d7c7eb16fa64.jpg;img5dbffa6dc082f.jpg;img5dfccd4048e9a.jpg;img61dbf1ce97af0.jpg
462,,Midnight,,NA,1,,,12,img5d8f35380eba7.jpg;img5d8f35380f409.jpg;img5dfcd20d83845.jpg;img5dfcd20d838e4.jpg
463,,Bamboo,,NA,0,stick,,10,img5dd52bac7e21b.jpg;img5dd52bac7ee2d.jpg;img5dfcdc37d372f.jpg;img61dbf250e7ebb.jpg
464,,Tiger,,NA,0,,,12,img5d6e129838eba.jpg;img5db03cd8b4e19.jpg;img5dfcdf56de1de.jpg;img5dfcdf56ee661.jpg
465,,Yoga,,NA,2,,,12,img5d78caf762be7.jpg;img5dd8f9d71c983.jpg;img5df74a2f4d37f.jpg;img5df74a2f4d4c7.jpg
466,,Buy,,NA,0,sal,e,10,img5d6d1334e9e3a.jpg;img5df74e4884d43.jpg;img5df74e4884e10.jpg;img5df74e4884fa7.jpg
467,,Concert,,NA,0,wd,,12,img5d77884dbcfd2.jpg;img5d77884dc26a0.jpg;img5ddcf67cba422.jpg;img61dbf325ce721.jpg
468,,Walker,,NA,0,,,10,img5db178232e446.jpg;img5db1782335ea0.jpg;img5dc40551b1a0e.jpg;img5dc40551b5a36.jpg
469,,Automatic,,NA,2,hne,,14,img5d764efbaa7da.jpg;img5d764efbaad84.jpg;img5db16821ab4c1.jpg;img5e0056ffc05f3.jpg
470,,Sweat,,NA,0,,,10,img5db03d5fdea88.jpg;img5db03d5fded7c.jpg;img5e00604e5f431.jpg;img5e00604e5f86a.jpg
471,,Patient,,NA,1,chk,u,12,img5d89ef546693f.jpg;img5d89ef5466b5d.jpg;img5dd64ef510941.jpg;img5df09ae465463.jpg
472,,Cowboy,,NA,0,,,10,img5d7b2d064d048.jpg;img5d7b2d064d2a2.jpg;img5e006c137293a.jpg;img5e006c1372a6f.jpg
473,,Touchscreen,,NA,1,dvi,,14,img5d8b10a7bcf6b.jpg;img5d8b10a7bd09b.jpg;img5de73dfd22b99.jpg;img5e0083aed4882.jpg
474,,Driver,,NA,2,,,12,img5dc14ca901188.jpg;img5dc14ca908b05.jpg;img5dc14ca908d52.jpg;img5dc14ca909032.jpg
475,,Surf,,NA,0,,,10,img5da043a07fb01.jpg;img5da043a07fd34.jpg;img5d6903e2585e4.jpg;img5df31cd99e708.jpg
476,,Hurricane,,NA,1,ylo,,12,img5d8b0d79e476c.jpg;img5d8b0d79e7803.jpg;img5d8b0d79e9e44.jpg;img5d8dccb19a7bb.jpg
477,,Bomb,,NA,0,,,8,img5d8f35b98c049.jpg;img5d8f35b98c59a.jpg;img5db03bff8b00b.jpg;img5e00c1215ec6b.jpg
478,,Tower,,NA,0,buildng,,12,img5d7c8718ea619.jpg;img5d7f8d15b5e49.jpg;img5ddbb1d9811ce.jpg;img5dfb4c0f7c322.jpg
479,,Notice,,NA,2,,,12,img5dc513c314f67.jpg;img5dee162fa531d.jpg;img5e00c919212d3.jpg;img5e00caeff2897.jpg
480,,Score,,NA,0,ul,t,10,img5daf05b7e9d47.jpg;img5daf05b7eb85d.jpg;img5daf05b7ef63f.jpg;img5e00cd04dcaae.jpg
481,,Voucher,,NA,0,pn,,10,img5dfa1e423a91b.jpg;img5e01a3743b460.jpg;img5e01a3743b5bf.jpg;img5e01a3743bb0d.jpg
482,,Mine,,NA,1,,,8,img5d787ce6d30e0.jpg;img5d787ce6d35d1.jpg;img5d78f807b10a2.jpg;img5dfa24552020a.jpg
483,,Poison,,NA,0,txc,,12,img5d69231610872.jpg;img5d692316109d6.jpg;img5d6cf7abe2282.jpg;img5dfa2a09875d8.jpg
484,,Dip,,NA,0,,,10,img5d889fde6c6a0.jpg;img5d889fde6c754.jpg;img5d889fde6c805.jpg;img5d889fde6c9cf.jpg
485,,Storm,,NA,1,wind,,12,img5d6d1db56b0d8.jpg;img5d6d1db56b5f1.jpg;img5d68f9c7b2450.jpg;img5e01a6bf5c209.jpg
486,,Insect,,NA,0,,,8,img5d7c6e1b3606d.jpg;img5d7c6e1b3633a.jpg;img5d7c6e1b3cfce.jpg;img5d7c6e1b3d1fd.jpg
487,,Indicate,,NA,0,,,10,img5d91b14865e45.jpg;img5d91b14865feb.jpg;img5d91b148667a3.jpg;img5e01acec12f54.jpg
488,,Volcano,,NA,2,,,12,img5d7cba722258e.jpg;img5d7cba72229df.jpg;img5d7cba7222b83.jpg;img5e0d885335a0b.jpg
489,,Guard,,NA,0,,,8,img5d6d1cdf7bc8b.jpg;img5dfb114a61f56.jpg;img5dfb114a62174.jpg;img5dfb114a62eef.jpg
490,,Switch,,NA,0,pres,,12,img5dd4c87991960.jpg;img5de8fdee27cf3.jpg;img5dfb162fe4c60.jpg;img5e01a11ab6e31.jpg
491,,Directory,,NA,1,nx,,14,img5d8f1b25600db.jpg;img5d78fc0076f28.jpg;img5e01a01896eb8.jpg;img5e01a01896fba.jpg
492,,Denim,,NA,0,ja,s,10,img5dc01f23027d5.jpg;img5dc01f2302a12.jpg;img5ddbca358f4b9.jpg;img5e01aad6636a6.jpg
493,,Pine,,NA,0,,,8,img5da054e335dea.jpg;img5da054e335ecb.jpg;img5dfb2a2b51dd5.jpg;img5e04959173f15.jpg
494,,Assemble,,NA,2,,,14,img5d8b602d344dc.jpg;img5d91adbce2237.jpg;img5dad9e73ae955.jpg;img5dfb2b8ac561b.jpg
495,,Shower,,NA,0,at,,10,img5d787924df759.jpg;img5d78f2de87424.jpg;img5dfb3d19bb684.jpg;img5dfb3d19bb76b.jpg
496,,Tadpole,,NA,0,,,12,img5d6f3df218b92.jpg;img5d6f3df218ce4.jpg;img5dfb4039b410b.jpg;img5dfb41c316af8.jpg
497,,Pain,,NA,0,ch,e,8,img5de78cead3bf1.jpg;img5df8c8040df21.jpg;img5dea22da0e09f.jpg;img5e019dde14e90.jpg
498,,Human,,NA,2,,,12,img5d6d1e1f76fb7.jpg;img5d6d1e1f771ab.jpg;img5d6f3c0565dae.jpg;img5e0adafa09973.jpg
499,,Tomato,,NA,0,,,10,img5db0329a7a6ec.jpg;img5db0329a7a7e9.jpg;img5dee3a634e664.jpg;img61dc0026ae6f5.jpg
500,,Fog,,NA,0,mis,,10,img5df7528ab5b2a.jpg;img5df7528ab5f2c.jpg;img5dfb4d736677b.jpg;img5dfb4d7366c01.jpg
501,,Sin,,NA,1,,,10,img5d8f245399c43.jpg;img5d8f24539a4a7.jpg;img5de2698791b6f.jpg;img5def9ef62f499.jpg
502,,Arm,,NA,0,hn,d,8,img5d78f2d49859b.jpg;img5d6ce6e92ee3d.jpg;img5d8b166a40384.jpg;img5dfcaea3c7c96.jpg
503,,Sponge,,NA,0,,,10,img5df87f367b55e.jpg;img5df87f367b639.jpg;img5df87f367b736.jpg;img5dfcb0a6ab1c5.jpg
504,,Promise,,NA,1,wa,,12,img5d70d1306b3a2.jpg;img5d70d1306bb72.jpg;img5dd632a96267c.jpg;img5dfcbe149c2e1.jpg
505,,Cocktail,,NA,0,gss,m,12,img5dd632972cd25.jpg;img5dd632972d004.jpg;img5dd632972d0bf.jpg;img5dfcc2c9f208a.jpg
506,,Scale,,NA,0,,,10,img5d77a1c13c876.jpg;img5d70b99c80ece.jpg;img5dfcc82b1537d.jpg;img5dfcc82b1546b.jpg
507,,Code,,NA,2,lc,k,12,img5d776f924c0ff.jpg;img5d776f924c3fa.jpg;img5d776f924c6df.jpg;img5d7c7eb16fe2e.jpg
508,,Dice,,NA,0,u,b,8,img5dd53b7272c2b.jpg;img5dd53b7273079.jpg;img5dd53b727884e.jpg;img5dd53b7278930.jpg
509,,Airport,,NA,0,temn,l,12,img5d75ee33e178c.jpg;img5dd61e08a7f6a.jpg;img5dd61e08a80af.jpg;img5dd61e08af43e.jpg
510,,Close,,NA,1,,,12,img5d6d08a585459.jpg;img5dc92fac4ef2a.jpg;img5e004a3c34b2d.jpg;img5d7ce3eced8ff.jpg
511,,Church,,NA,0,,,10,img5d78cecd84ae2.jpg;img5d91c09354083.jpg;img5dd62901c9153.jpg;img5e004cc71a493.jpg
512,,Baseball,,NA,0,homru,n,12,img5d68f4b8b9669.jpg;img5d6f3ec95c848.jpg;img5dd63950953d3.jpg;img5dd6395095766.jpg
513,,Interview,,NA,2,,,14,img5dd8cca87b0ca.jpg;img5dd8cca87b23d.jpg;img5dd8cca87b948.jpg;img5dd8cca87bb6d.jpg
514,,Wing,,NA,0,,,10,img5d68f4a4dc4a8.jpg;img5d68f4a4dc8a9.jpg;img5d68f4a4dcb94.jpg;img5dcc12f715b21.jpg
515,,Blind,,NA,0,,,10,img5e0061bf26872.jpg;img5e0061bf26a2c.jpg;img5e0061bf26ba9.jpg;img5e0061bf26eb5.jpg
516,,Statistics,Stats,NA,1,grph,,14,img5d7b8eaeae414.jpg;img5de7923631734.jpg;img5e0069e9efdc0.jpg;img5e0069e9f2eed.jpg
517,,Toy,,NA,0,,,10,img5db03be2ceda5.jpg;img5db0424f3a3ec.jpg;img5db042c480f18.jpg;img5db043b451b75.jpg
518,,Hospital,Infirmary,NA,0,,,12,img5d89ef546693f.jpg;img5d8f31815ca2f.jpg;img5e00712a2ca49.jpg;img5e00712a2ce79.jpg
519,,Destroy,,NA,1,uin,,14,img5d6e4673ed8ed.jpg;img5d6e4673edb5f.jpg;img5d6e4673ee05b.jpg;img5d8dccb19a4a6.jpg
520,,Leg,,NA,0,,,8,img5d721e8aaf45d.jpg;img5d721e8ab0247.jpg;img5d721e8ab0437.jpg;img5de24d913ceb4.jpg
521,,Easter,,NA,0,,,10,img5dd776daf1737.jpg;img5dd776db00962.jpg;img5dd776db00cac.jpg;img5dd776db00fbc.jpg
522,,Harp,,NA,2,,,10,img5d6d17eb4b896.jpg;img5d6d17eb4be71.jpg;img5e007ee5f08d0.jpg;img5e007ee5f0b66.jpg
523,,Goose,,NA,0,,,10,img5d6d1a6f075b5.jpg;img5d6d1a6f07c87.jpg;img5e00b2d2b5572.jpg;img5e00b2d2b5986.jpg
524,,Sandwich,,NA,0,,,14,img5d78f313d1a10.jpg;img5dd6555cc60ad.jpg;img5e00b6f15c923.jpg;img5e00b6f15cfdc.jpg
525,,Beautiful,,NA,1,nr,,12,img5dd8de0184cea.jpg;img5dd8de018b1f9.jpg;img5dd8de018cac7.jpg;img5dd8de018ea1a.jpg
526,,Fuel,,NA,0,oi,,10,img5db2a0ffdfec6.jpg;img5d91b14865feb.jpg;img5df888026b5fb.jpg;img5d7a13dab8751.jpg
527,,Grill,,NA,2,co,k,8,img5dd677b40bb93.jpg;img5e00bff72c872.jpg;img5e00bff72ca6a.jpg;img5e00bff72cbab.jpg
528,,Heaven,,NA,0,cloud,s,12,img5d91c0935085c.jpg;img5d91c093543ee.jpg;img5d91c093546aa.jpg;img5e019c6939ec8.jpg
529,,Alcohol,,NA,0,whisk,y,12,img5d6902d32b6ae.jpg;img5dd65eefded0a.jpg;img5ddf605c8caa1.jpg;img5e01a5016c43a.jpg
530,,Soap,,NA,0,,,8,img5d7c8718ea9f5.jpg;img5d7c8718eaaa1.jpg;img5ddcf140bd836.jpg;img5e01a93e0d727.jpg
531,,Twist,Kink,NA,2,fold,,12,img5dd8f9d71bb96.jpg;img5de49f12d9a07.jpg;img5de88f032a7d2.jpg;img5e01b407873a8.jpg
532,,Tunnel,,NA,0,crv,,10,img5d787f951497e.jpg;img5ddb7601e31a3.jpg;img5e01b9776f52c.jpg;img5e01b9776f652.jpg
533,,Boy,,NA,0,,,8,img5dc55b505159c.jpg;img5dc55b50516b7.jpg;img5dc55b505178c.jpg;img5dc55b50565d9.jpg
534,,Costume,Getup,NA,1,,,12,img5dd509aff3436.jpg;img5dd7e097505b3.jpg;img5dc0315195ed3.jpg;img5dfc643b12ff0.jpg
535,,Arrow,,NA,0,,,10,img5d7a3e7112ad0.jpg;img5d7a3e7112de0.jpg;img5db2966e8dfbb.jpg;img5e01cffb972cf.jpg
536,,Princess,,NA,0,,,10,img5dd66edfdfb0b.jpg;img5e01d928e3c2e.jpg;img5e01d928e3e17.jpg;img5e01db30522eb.jpg
537,,Land,,NA,2,grou,,12,img5dd9073613643.jpg;img5dd90736137cf.jpg;img5dd61e08a80af.jpg;img5e01f1214d1ef.jpg
538,,Walnut,,NA,0,,,12,img5d70afc0db323.jpg;img5ddcb3976677a.jpg;img5df88323e8af5.jpg;img5df8ced414c81.jpg
539,,Mower,,NA,0,ga,s,10,img5db28e432d6eb.jpg;img5e01e72d0c018.jpg;img5e01e72d0fc97.jpg;img5e01e72d0fe83.jpg
540,,Rate,,NA,1,,,10,img5da5b181d08ed.jpg;img5da5b7bacff8d.jpg;img5da5b7bad057f.jpg;img5e6b4aac97fd5.jpg
541,,Flowerpot,,NA,0,dcai,n,12,img5d7a283246eaf.jpg;img5dd6782757f79.jpg;img5dd678275815b.jpg;img5dd67827583c0.jpg
542,,Cup,,NA,0,m,g,8,img5dc55b80ec8f3.jpg;img5dc55b80ecdf3.jpg;img5dc55b80ed153.jpg;img5dc55b80ed23f.jpg
543,,Denture,,NA,1,h,,12,img5d8b191d714d1.jpg;img5d8b191d7169e.jpg;img5df7219331003.jpg;img5e00d4c9d2dd7.jpg
544,,Wire,,NA,0,,,10,img5dc67619ced1a.jpg;img5dc67619cee67.jpg;img5dc67619cef48.jpg;img5dc67619cf057.jpg
545,,Blast,,NA,0,expode,,12,img5dbc0912b9ffe.jpg;img5dbc0912bf905.jpg;img5dbc0912c0b4d.jpg;img5dbc0912c2c8b.jpg
546,,Autograph,,NA,2,sin,e,12,img5dd91ad6bffc6.jpg;img5dd91ad6c13d9.jpg;img5dd91ad6c178c.jpg;img5dd91ad6c1975.jpg
547,,Mosquito,,NA,0,,,12,img5dd62f80eef46.jpg;img5dd62f80ef03b.jpg;img5dd63183e4706.jpg;img5dee20ad73a41.jpg
548,,Coal,,NA,0,min,e,10,img5dd78ed95b24c.jpg;img5dd78ed95c511.jpg;img5dd78ed95c668.jpg;img5dd78ed95c9b8.jpg
549,,Canvas,,NA,1,hepit,,12,img5d75ed2a56e4c.jpg;img5d75ed2a5700b.jpg;img5dea16925db53.jpg;img5dea16925dd54.jpg
550,,Crowd,,NA,0,pel,,10,img5d725d4726e16.jpg;img5d8f3267595da.jpg;img5de792363180a.jpg;img5dfc86b3831ff.jpg
551,,Den,,NA,0,cav,,8,img5dd7cba794173.jpg;img5dd7cba794383.jpg;img5dd7cba7945ef.jpg;img5ddbc8f9b7a58.jpg
552,,Ginger,,NA,0,,,10,img5dd7b141b7b76.jpg;img5dd7b141b7fef.jpg;img5dd7b141b80cf.jpg;img5dd7bd9e26e15.jpg
553,,Spoil,,NA,1,wast,E,14,img5da86cb6990dd.jpg;img5da86cb6991ad.jpg;img5e01d71c753ba.jpg;img5e01d71c754a0.jpg
554,,Wifi,,NA,0,,,10,img5dc55af3d6f6d.jpg;img5dc55af3d7270.jpg;img5e01db9411134.jpg;img5e01db94112b1.jpg
555,,Blanket,,NA,0,cod,,12,img5d69089d1ab54.jpg;img5dd7d4850ed4e.jpg;img5dd7d48514476.jpg;img5dd7d4851471a.jpg
556,,Luck,,NA,1,wis,h,10,img5d761aba0b77f.jpg;img5e01f522637c8.jpg;img5e01f52263998.jpg;img5e01f52263a53.jpg
557,,Celebration,,NA,0,,,14,img5ddf9b751798e.jpg;img5ddf9b7517dc0.jpg;img5dea1617da05e.jpg;img5dfcd58d4197b.jpg
558,,Month,,NA,0,,,8,img5d8f3c91701d0.jpg;img5e01fb9c943a1.jpg;img5e01fb9c944da.jpg;img5d8db48b25f5c.jpg
559,,Nitrogen,,NA,2,smk,,12,img5ddba53c5e89b.jpg;img5ddba53c5f244.jpg;img5ddba876a1a7f.jpg;img5e0201ef41063.jpg
560,,Bark,,NA,0,,,10,img5db016f2eca05.jpg;img5db016f2ecadf.jpg;img5d6d1cdf7b9eb.jpg;img5e6b4b97bbb6f.jpg
561,,Frozen,,NA,0,s,t,12,img5d721cc17de05.jpg;img5d78cecd84768.jpg;img5dd623737795f.jpg;img5dd6237377bb2.jpg
562,,Olive,,NA,1,,,12,img5dd66d6087f53.jpg;img5dd66d608a76b.jpg;img5dd66d608ab85.jpg;img5e020aecb2f61.jpg
563,,Dot,,NA,0,,,8,img5d6929d0abc5d.jpg;img5d6929d0abff2.jpg;img5d7a03e4814c2.jpg;img5dfa0f0967789.jpg
564,,Jellyfish,,NA,0,,,12,img5d69231610579.jpg;img5dd6373e0edb8.jpg;img5dd6373e0f0b5.jpg;img5dd6373e0f76e.jpg
565,,Theater,,NA,2,ply,,14,img5d7a513f4d241.jpg;img5dc3e299d7856.jpg;img5dc3e299dadae.jpg;img5dfc69c2b949b.jpg
566,,Lens,,NA,0,y,,10,img5d76005f6fb1d.jpg;img5d8aeec6b2b02.jpg;img5d78f057bb130.jpg;img5dd63efcaf7d0.jpg
567,,Maple,,NA,0,ut,n,12,img5dd674df5ac45.jpg;img5d691a07454f9.jpg;img5dd76b3b05482.jpg;img5dd76b3b05ef0.jpg
568,,Woolen,,NA,0,swatr,,10,img5ddd075a00936.jpg;img5df4add045c88.jpg;img5dfa12693306a.jpg;img5dfa14a65da3a.jpg
569,,Climate,,NA,1,wr,h,14,img5dd7cf308ccd4.jpg;img5dd7cf308d0b0.jpg;img5d8b6b22647f7.jpg;img5d6d1e53d9251.jpg
570,,Colourful,,NA,0,,,12,img5d7f849cdd674.jpg;img5d7f849cdd0fa.jpg;img5ddf7e047ffb9.jpg;img5ddf7e048012a.jpg
571,,Alarm,,NA,0,sie,n,10,img5dc561ad3dbd8.jpg;img5e01f5d135b39.jpg;img5e01f5d135c30.jpg;img5e01f5d135d81.jpg
572,,Icecream,,NA,0,,,12,img5dd7a33e94843.jpg;img5dd7a33e9c636.jpg;img5dd7a33e9d1f4.jpg;img5dd7a33e9e208.jpg
573,,Artist,,NA,0,pn,,12,img5dd92050352b9.jpg;img5dd9205035387.jpg;img5dd926738f828.jpg;img5e00925263acc.jpg
574,,Chop,,NA,2,knif,e,8,img5d84e1c545009.jpg;img5d7613899143b.jpg;img5d68f28946a6d.jpg;img5e020b1caaa39.jpg
575,,Christmas,,NA,0,deo,n,12,img5dc15cbae533e.jpg;img5dd653fdd7278.jpg;img5dd653fdd742c.jpg;img5dd653fdd76ca.jpg
576,,Loose,Slack,NA,1,,,10,img5d9ecc66a6093.jpg;img5d9ecc66a6c43.jpg;img5e0211f7631dd.jpg;img5e044ed8c543f.jpg
577,,Letter,,NA,0,,,12,img5da6fb89beda7.jpg;img5dd682546ea40.jpg;img5dd682546edad.jpg;img5df87a3048faf.jpg
578,,Hill,,NA,0,dun,e,10,img5d720adc77ee4.jpg;img5d720adc78165.jpg;img5d7886a1a05f7.jpg;img5dde53e30722b.jpg
579,,Thirsty,,NA,2,dnkg,n,14,img5d68fa4493d0a.jpg;img5d6d0b0a6d737.jpg;img5d7a118c4f2cd.jpg;img5dc3efdbbc544.jpg
580,,Shell,,NA,0,,,12,img5dd665486a95d.jpg;img5e006cb30e639.jpg;img5e006dfb1c95e.jpg;img5e006dfb1cabc.jpg
581,,Furniture,,NA,0,o,,12,img5d8f31815d036.jpg;img5d8a06ba8d98e.jpg;img5e007e7378cfa.jpg;img5e007e7378e85.jpg
582,,Mammal,,NA,1,n,i,12,img5d6e129838eba.jpg;img5ddccd2c2c1a1.jpg;img5d70bbcf0af3c.jpg;img5d691472db210.jpg
583,,Sunlight,,NA,0,,e,10,img5d8cab4c98be4.jpg;img5dcd2a297154f.jpg;img5dc3ac11d4f89.jpg;img5dd674df5af32.jpg
584,,Teeth,,NA,0,,o,14,img5d78cf6075a5a.jpg;img5d78cf6075ce2.jpg;img5d78cf60760d8.jpg;img5d78eeb38f032.jpg
585,,Observe,,NA,1,watch,,12,img5d8aeec6af1a1.jpg;img5d8aeec6b2e62.jpg;img5d8aeec6b3df5.jpg;img5d8aeec6b544e.jpg
586,,Chef,,NA,0,o,k,10,img5de2623ff118e.jpg;img5de624d95f018.jpg;img5de624d963fbb.jpg;img5e008b95b253c.jpg
587,,Blueberry,,NA,0,,,12,img5db27abe1dc0d.jpg;img5dd78fffe90a9.jpg;img5dd78fffec781.jpg;img5e009b3bc7817.jpg
588,,Board,,NA,2,sp,t,14,img5d8b67dc30b98.jpg;img5dc3f16f2e0b2.jpg;img5dc3f16f2e195.jpg;img5da043a07fd34.jpg
589,,Pickle,,NA,0,sto,r,8,img5dd8cd1c909e0.jpg;img5dd8cd1c90ada.jpg;img5dd8cd1c90cf6.jpg;img5dd8cd1c91045.jpg
590,,Cow,,NA,0,,,10,img5d776c3aa3095.jpg;img5d89fe99eadca.jpg;img5e009f72b91e4.jpg;img5d776c3aa2a70.jpg
591,,Sign,,NA,1,gesture,,12,img5d7a38804709e.jpg;img5d6902a1ef4ec.jpg;img5d6f8d9fa4833.jpg;img5dfc9bad7e194.jpg
592,,Devil,,NA,0,horn,sm,12,img5dc0315191a68.jpg;img5dc0315194260.jpg;img5dc0315195cbe.jpg;img5dc0315196232.jpg
593,,Cactus,,NA,0,,,10,img5d7cbda539908.jpg;img5e06f46571cf1.jpg;img5e06f46571dcd.jpg;img5e06f46571f70.jpg
594,,Accident,,NA,2,rash,,14,img5ddcf6ecb0439.jpg;img5ddcf6ecb0af4.jpg;img5ddcf6ecb0ce6.jpg;img5d70d6be78503.jpg
595,,Astrology,,NA,0,,,12,img5d8cc2f178a2d.jpg;img5df72b849f0a9.jpg;img5df72b849f216.jpg;img5df764f3039b1.jpg
596,,Superhero,,NA,0,,,10,img5e01bd3c045f4.jpg;img5e01bd3c04705.jpg;img5e01bec91e57d.jpg;img5e01bec91e845.jpg
597,,Empty,,NA,0,,,12,img5dc4083fbdf3b.jpg;img5dc4083fbe1df.jpg;img5dd8bb68a4606.jpg;img5ddba02de5ea7.jpg
598,,Capital,,NA,1,e,r,12,img5dd8e2eb4b078.jpg;img5e6b4d447174e.jpg;img5e6b4d4471889.jpg;img5e6b4d4471949.jpg
599,,Ring,,NA,0,ha,d,10,img5dd7b71144c6d.jpg;img5dd7b711451d0.jpg;img5dd7b71145464.jpg;img5e172b4feb699.jpg
600,,Night,,NA,0,dark,s,12,img5d8f35380f409.jpg;img5dba779c72347.jpg;img5dd7c69bc6ddc.jpg;img5dd7c69bc7079.jpg
601,,Device,,NA,0,ga,t,12,img5d6d167a22fea.jpg;img5d6d167a2357d.jpg;img5d70f1d431948.jpg;img5d70f1d431aaf.jpg
602,,Gym,,NA,2,,,8,img5d7f593e6cb3c.jpg;img5dd4fe8e7e6af.jpg;img5dd4fe8e7e836.jpg;img5d70afc0daf3a.jpg
603,,Kitchen,,NA,0,o,,12,img5d6d17d3b0da6.jpg;img5db28365da17a.jpg;img5ddbd12d6accb.jpg;img5ddbd12d6efb2.jpg
604,,Electric,,NA,1,ab,,12,img5d8b6b22646a8.jpg;img5d8b6b22648a9.jpg;img5d8b6b2264c34.jpg;img5e06f881a172f.jpg
605,,Frame,,NA,0,,,10,img5d79da91bdbf5.jpg;img5e030bcacf7d1.jpg;img5e030bcacfa92.jpg;img5e030bcacff14.jpg
606,,Ski,,NA,0,,,8,img5d83796932f74.jpg;img5d8f294cd0ac5.jpg;img5dedfb9e9b752.jpg;img5e030ff817a5c.jpg
607,,Iceberg,,NA,2,l,a,12,img5d7612715d175.jpg;img5e0347bf73cdc.jpg;img5e0347bf73f69.jpg;img5e0347bf74025.jpg
608,,Fire,,NA,0,,,10,img5d78e75802336.jpg;img5d83425f40ec3.jpg;img5de624d9640b0.jpg;img5e0327e473015.jpg
609,,Queen,,NA,0,CRO,W,12,img5d6e532118553.jpg;img5d8b6cd862a19.jpg;img5e04542f75c47.jpg;img5e04550c489bb.jpg
610,,Lagoon,,NA,1,ce,,10,img5e0333200f038.jpg;img5e0333200f0fe.jpg;img5e0333200f422.jpg;img5e0333200f60c.jpg
611,,Education,,NA,0,she,LR,12,img5dbd473884bb7.jpg;img5dbd47388504e.jpg;img5dee140d1e1bc.jpg;img5df0b833ad290.jpg
612,,Sports,,NA,0,lay,,12,img5d72019965a02.jpg;img5de789c89e5f3.jpg;img5d78e758021d9.jpg;img5d8a19b70b798.jpg
613,,Steam,,NA,2,o,k,12,img5d7885666c1d6.jpg;img5d7885666c521.jpg;img5d78f09eb6136.jpg;img5d9f293aac55c.jpg
614,,Aim,,NA,0,shot,,10,img5d6e39423ab31.jpg;img5db0372551d60.jpg;img5d7f593e6c9d0.jpg;img5df35cc72b79c.jpg
615,,Leaf,,NA,0,,,8,img5dd76b3b05ef0.jpg;img5df4add045ad3.jpg;img5d70ddf7cc271.jpg;img5e0353a4e3b77.jpg
616,,Fairytale,,NA,0,,,12,img5de9e5829414b.jpg;img5de9e58294d2c.jpg;img5df9c4fc978c2.jpg;img5df9c4fc97962.jpg
617,,Fountain,,NA,2,wer,,10,img5ddcc878eb727.jpg;img5ddcc878ebb3a.jpg;img5ddcc878ebf53.jpg;img5ddcc878ec0be.jpg
618,,Signal,,NA,0,,,12,img5e035b0aede8c.jpg;img5e035b0aee087.jpg;img5e035b0aee280.jpg;img5e035b0aee3f5.jpg
619,,Delta,,NA,1,,,12,img5d6d00d4c7632.jpg;img5d78b927a01e0.jpg;img5e035d57210e5.jpg;img5e035d57216c5.jpg
620,,Cage,,NA,0,,,10,img5d70b32e948c7.jpg;img5dbbcda916c5c.jpg;img5e035f4613644.jpg;img5e04414f645c9.jpg
621,,Funnel,,NA,0,,,12,img5e071ec503125.jpg;img5e071ec5032a9.jpg;img5e071ec5033e4.jpg;img5e071ec50863a.jpg
622,,Factory,,NA,2,pl,n,12,img5d8b602d344dc.jpg;img5e0056ffc07d8.jpg;img5e04615160fcc.jpg;img5e046151611c0.jpg
623,,Aquarium,,NA,0,fsh,,14,img5ddb7601e31a3.jpg;img5ddb7601e37f4.jpg;img5ddb795bc4703.jpg;img5e046fff7bd8d.jpg
624,,Belly,,NA,0,tu,m,10,img5d691cf1e8afd.jpg;img5dbbf2bf6411e.jpg;img5dbbf2bf64750.jpg;img5e047308e9318.jpg
625,,Butterfly,,NA,1,,,12,img5d7614508a181.jpg;img5d8f38f91f82b.jpg;img5ddcd0914812c.jpg;img5dfb76ca955fb.jpg
626,,Farm,,NA,0,,,10,img5db28e432d6eb.jpg;img5ddced76877b9.jpg;img5ddced76879e5.jpg;img5de0c06b62c26.jpg
627,,Stripe,,NA,0,ln,,12,img5d760e4465798.jpg;img5d760e446a959.jpg;img5d760e446de90.jpg;img5e047c63aebc8.jpg
628,,Morning,,NA,1,wakeup,,12,img5dd90012ef7a8.jpg;img5dfb43c405da0.jpg;img5e01f5d135f5b.jpg;img5e0485fda60e4.jpg
629,,Pedal,,NA,0,c,y,10,img5d78e9e9bebc5.jpg;img5d78f04ceb393.jpg;img5e048c274d278.jpg;img5e048fcb33da7.jpg
630,,Rest,,NA,0,la,x,10,img5d6d07230d333.jpg;img5d6d09db2d980.jpg;img5dce590425620.jpg;img5e049264dfb41.jpg
631,,Vendor,,NA,2,mak,t,14,img5dde25b12baab.jpg;img5dde25b12dd07.jpg;img5dde25b12ec99.jpg;img5dde25b12f177.jpg
632,,Camel,,NA,0,dsr,t,12,img5ddcd812430b1.jpg;img5ddcd81246c76.jpg;img5ddcd812470bb.jpg;img5ddce3379ef2b.jpg
633,,Gun,,NA,0,,,10,img5dd4e5c84ab8f.jpg;img5dd4e5c84ce9d.jpg;img5dbbc06138984.jpg;img5dbbc0613a321.jpg
634,,Instruction,,NA,1,gde,,14,img5d8f579ca07a8.jpg;img5d8f579ca08af.jpg;img5df0d97e98c7b.jpg;img5e0476949c20c.jpg
635,,Bracelet,,NA,0,,,10,img5ddbca358eb2d.jpg;img5ddbca358ecb2.jpg;img5ddbca358f3b6.jpg;img5e0482ae95a26.jpg
636,,Salsa,,NA,0,dnc,e,10,img5d79f0f823fd8.jpg;img5e06f64bc2ef2.jpg;img5e06f64bc2fad.jpg;img5e06f64bc3072.jpg
637,,Coil,,NA,2,,,10,img5d7618ffec015.jpg;img5d7618ffec732.jpg;img5e04936b14a0f.jpg;img5e04936b14adc.jpg
638,,Bucket,,NA,0,pail,,12,img5d8f60b77a637.jpg;img5ddce82dc1968.jpg;img5ddce82dc2a74.jpg;img5e0487764df9c.jpg
639,,Bar,,NA,0,o,d,8,img5ddcf140bd42b.jpg;img5ddcf140bd52f.jpg;img5ddcf140bd5da.jpg;img5ddcf140bd836.jpg
640,,Balance,,NA,1,,,12,img5d82244199d07.jpg;img5ddbb1d981629.jpg;img5ddbb1d981bb1.jpg;img5e048c751311f.jpg
641,,Smell,,NA,0,,,10,img5d8dbc5631c66.jpg;img5df733b5b2c12.jpg;img5df9f2fceec07.jpg;img5e0320b0aab83.jpg
642,,Lift,,NA,0,,,8,img5d7f88cf90ac2.jpg;img5d7f88cf90d29.jpg;img5df48d549cfec.jpg;img5e0329632008a.jpg
643,,Travel,,NA,1,joun,y,12,img5ddb69b212cd6.jpg;img5ddb69b213249.jpg;img5ddfac687863b.jpg;img5df0d2c085fbb.jpg
644,,Backpack,,NA,0,ru,s,14,img5ddcea975355d.jpg;img5ddcea975ad43.jpg;img5ddcea975dd30.jpg;img5ddfac6878399.jpg
645,,Craft,,NA,0,i,s,8,img5d77a26429789.jpg;img5d77a2642a63e.jpg;img5dd776db00962.jpg;img5e033451aaa13.jpg
646,,Punishment,,NA,2,,,14,img5ddcf2e0c9564.jpg;img5e03470d4d4bb.jpg;img5e03470d4d852.jpg;img5e03470d4db28.jpg
647,,Curl,,NA,0,spia,,10,img5d7881420acac.jpg;img5d7881420bc1f.jpg;img5d7881420bdab.jpg;img5d7a2d062beeb.jpg
648,,Brain,,NA,0,md,,10,img5ddcb39765bf6.jpg;img5ddcb39766280.jpg;img5ddcb397664db.jpg;img5ddcb39766634.jpg
649,,Spiritual,,NA,1,,,12,img5d76184921d90.jpg;img5e072127182d2.jpg;img5e0721271a3c0.jpg;img5e0721271a4a8.jpg
650,,Balloon,,NA,0,,,12,img5d70dd4471d13.jpg;img5ddbbcb905bd5.jpg;img5ddbbcb905d61.jpg;img5d777a637c565.jpg
651,,Singer,Vocalist,NA,0,mua,,12,img5dd9205035387.jpg;img5ddcf67cb9e6d.jpg;img5ddcf67cba422.jpg;img5dfb43485a923.jpg
652,,Pill,,NA,0,,,10,img5d7a46ec31b46.jpg;img5d7a46ec31e24.jpg;img5de0ea4b43830.jpg;img5dfcb5c840ffc.jpg
653,,Fix,,NA,2,,,10,img5dad9e73ae70b.jpg;img5d6920a02dbc0.jpg;img5e034f9e30cfe.jpg;img5d8f25c799820.jpg
654,,Bicycle,,NA,0,k,,12,img5d8f40f698d23.jpg;img5dc6617643f78.jpg;img5dd929f910409.jpg;img5dd929f9106b2.jpg
655,,Squad,,NA,0,gro,p,8,img5d709315d080d.jpg;img5d709315d0a63.jpg;img5d709315d0b5d.jpg;img5df38d90c79d0.jpg
656,,Carriage,,NA,1,t,,12,img5ddcbdbce3981.jpg;img5ddcbdbce3f2b.jpg;img5ddcbdbce4436.jpg;img5ddcbdbce4834.jpg
657,,Bath,,NA,0,tu,,12,img5ddcfc26a58c3.jpg;img5ddcfc26a5a67.jpg;img5df4e14b169cc.jpg;img5e03622e3baaf.jpg
658,,Fat,,NA,0,,,10,img5ddb675a17ae5.jpg;img5ddb675a17bd8.jpg;img5ddb675a17e55.jpg;img5ddb675a18cf3.jpg
659,,Evolution,,NA,2,grwt,h,14,img5d7892c7a41a2.jpg;img5d8b08c618ab1.jpg;img5e04745ecad93.jpg;img5e04745ecb215.jpg
660,,Rally,,NA,0,ce,,8,img5d7107b41a31a.jpg;img5d7107b41a4e0.jpg;img5d6ce968a86d5.jpg;img5e6b56a084314.jpg
661,,Spin,,NA,0,,,10,img5d71fd0db126d.jpg;img5d71fd0db1a19.jpg;img5d71fd0db2145.jpg;img5d71fd0db25ce.jpg
662,,Championship,,NA,1,wer,,14,img5d8f28002e17e.jpg;img5d8f28002e564.jpg;img5d8f28002eabc.jpg;img5df883ee6d710.jpg
663,,Ambulance,,NA,0,,,12,img5ddb6eaf76cdb.jpg;img5ddb6eaf76e7a.jpg;img5ddb6eaf77135.jpg;img5ddb6eaf775b3.jpg
664,,Neon,,NA,0,light,,10,img5dc661764c30c.jpg;img5dc661764d4f0.jpg;img5e048ee61f59d.jpg;img5e048ee61f689.jpg
665,,Fit,,NA,2,,,10,img5df9e3692ca8f.jpg;img5de8ba6475b0c.jpg;img5e3aac89bf537.jpg;img5e3d273569cb9.jpg
666,,Werewolf,,NA,0,,,12,img5d8dcdf4435f8.jpg;img5d8dcdf44a1e4.jpg;img5d8dcdf44a38c.jpg;img5e04987810f47.jpg
667,,Cloud,,NA,0,sky,,10,img5d79dc816021e.jpg;img5ddcf3ac1d831.jpg;img5ddcf3ac1d8fc.jpg;img5e04a6dee323a.jpg
668,,Button,,NA,0,,,12,img5d79cc648436a.jpg;img5ddd27ed7885f.jpg;img5ddd27ed78c71.jpg;img5ddd27ed79068.jpg
669,,Trellis,,NA,1,,,12,img5e255b23c5d51.jpg;img5e255b23c619b.jpg;img5e255b23cae72.jpg;img5e255d40f40a1.jpg
670,,Tank,,NA,0,,,10,img5d761f8a1ef09.jpg;img5d761f8a1f259.jpg;img5d761f8a1f513.jpg;img5d7ce2b9c5594.jpg
671,,Cucumber,,NA,0,,,14,img5ddb7a6450988.jpg;img5ddb7a6450aaf.jpg;img5ddb7a6450c4f.jpg;img5e049a8d0cea9.jpg
672,,Helmet,,NA,0,saf,y,12,img5d78e9e9c168e.jpg;img5ddb94da7080e.jpg;img5ddb94da70cf3.jpg;img5ddb94da70dd0.jpg
673,,Order,,NA,2,squnc,,12,img5d778c5c29548.jpg;img5d8a26b643972.jpg;img5e04a4bf1c6c1.jpg;img5d8cacdf2d5a1.jpg
674,,Maid,,NA,0,,,8,img5d6e37445f2e9.jpg;img5dd8bd164fe46.jpg;img5dd8bd16500c3.jpg;img5dd8bd16501a4.jpg
675,,Smoothie,,NA,0,,,12,img5ddbaadee6f6f.jpg;img5ddbaadee72b0.jpg;img5ddbaadee73e4.jpg;img5ddbaadeeda4a.jpg
676,,Missing,,NA,1,,,12,img5dbd73fe86203.jpg;img5dbd73fe86a19.jpg;img5e099134d4c7f.jpg;img5e6b94642aebb.jpg
677,,Boot,,NA,0,sh,e,10,img5d6f8eec9626d.jpg;img5d7a044a21a48.jpg;img5e030ac9241ea.jpg;img5e030ac924526.jpg
678,,Almond,,NA,0,,,12,img5db2890ac2707.jpg;img5ddd03d52801a.jpg;img5ddd03d5282e3.jpg;img5ddd03d528973.jpg
679,,Surprise,,NA,2,hock,,14,img5dde7a34cf2c4.jpg;img5dde7a34cfa72.jpg;img5e049acbd5254.jpg;img5e04a2d846621.jpg
680,,Pineapple,,NA,0,,,14,img5ddd0d83e6a2c.jpg;img5ddd0d83e7352.jpg;img5e0494d48a9f8.jpg;img5e0496fb8443e.jpg
681,,Fall,,NA,0,dow,n,8,img5d70d6be780b5.jpg;img5d70d6be7831f.jpg;img5d70d6be78503.jpg;img5de20b44866fa.jpg
682,,Fingerprint,,NA,0,,,14,img5e0998bb9bacd.jpg;img5e0998bb9bec1.jpg;img622f1beb4ff43.jpg;img622f1beb50267.jpg
683,,Father,,NA,0,dy,,10,img5ddbe39a7b53e.jpg;img5ddbe39a87e8e.jpg;img5ddbe39a883f0.jpg;img5ddbe39a8899d.jpg
684,,Ghost,,NA,0,p,r,12,img5d6f47f671be8.jpg;img5e033190c90fc.jpg;img5e03324c12694.jpg;img5e03324c1278c.jpg
685,,Vintage,,NA,1,ro,,12,img5d79f7ff89e74.jpg;img5d79f7ff8a3e5.jpg;img5e03333721a39.jpg;img5e0337939c4e0.jpg
686,,Rock,,NA,0,,,10,img5d6e752f926f5.jpg;img5dee173f69f12.jpg;img5e03398998700.jpg;img5e0339899896e.jpg
687,,Rabbit,,NA,0,un,y,12,img5de1fd4d7a1f0.jpg;img5df9e6084b89f.jpg;img5df9e6084b958.jpg;img5df9e6084bae8.jpg
688,,Agent,,NA,2,,,12,img5e06f74bc5124.jpg;img5e098a95c96b5.jpg;img5e098bbe6d0e0.jpg;img5e0d921a36852.jpg
689,,Magician,,NA,0,,,10,img5ddd31489c11d.jpg;img5ddd31489d926.jpg;img5ddd31489dba5.jpg;img5ddd31489dccb.jpg
690,,Raspberry,,NA,0,,,12,img5ddd18365609b.jpg;img5ddd18365625e.jpg;img5ddd1836565c8.jpg;img5ddd18365b005.jpg
691,,Berth,,NA,1,,,10,img5dbfb3f2b12b7.jpg;img5dbfb3f2b1b6c.jpg;img5dbfb3f2b1d5f.jpg;img5e6b5c7c96b33.jpg
692,,Iron,,NA,0,,,8,img5d6f3ce5b38eb.jpg;img5d6f3ce5b41c4.jpg;img5d6f3ce5b44ee.jpg;img5e0344eb5343a.jpg
693,,Engine,,NA,2,,,12,img5dbfd5b87ff91.jpg;img5dbfd5b88046b.jpg;img5dbfd5b883d3c.jpg;img5e033f60be063.jpg
694,,Science,,NA,0,,,12,img5d8aeec6b4e3a.jpg;img5d8b67dc30b98.jpg;img5defa6412fee8.jpg;img5d70d58c22628.jpg
695,,Flip,,NA,1,to,s,10,img5dc55bca33370.jpg;img5dc55bca34fd5.jpg;img5e034f1941688.jpg;img5e034fb52b3a7.jpg
696,,Coffee,,NA,0,,,12,img5d70da045dc20.jpg;img5d70da045e2f0.jpg;img5ddd22232dcaa.jpg;img5e03509c621e9.jpg
697,,Forehead,Brow,NA,0,,,12,img5ddcc799bd591.jpg;img5ddcc799bd6f2.jpg;img5ddcc799bd9ca.jpg;img5ddcc799bde2c.jpg
698,,Farmer,,NA,2,il,d,12,img5de0c06b6276d.jpg;img5de0c06b62e83.jpg;img5de0c06b62fb2.jpg;img5e04abdfd9057.jpg
699,,Seed,,NA,0,pip,,12,img5d8b1613ea19a.jpg;img5d8b1613ea37f.jpg;img5d8b1613ea4b7.jpg;img5d8b1613ea5d2.jpg
700,,Tableware,,NA,0,,,12,img5d79dd3ac284e.jpg;img5d79dd3ac29be.jpg;img5d79dd3ac2a70.jpg;img5d79dd3ac2e10.jpg
701,,Help,,NA,1,,,12,img5d6d0b0a6d737.jpg;img5dc4083fbddb8.jpg;img5dc4083fbdae5.jpg;img5e0dc270aadfe.jpg
702,,Dark,,NA,0,bl,c,12,img5d7224aa2066f.jpg;img5d7224aa261d7.jpg;img5d7224aa263d1.jpg;img5da8632743119.jpg
703,,Birthday,,NA,2,celb,,14,img5dcced913eb1d.jpg;img5e04b108c9fa6.jpg;img5e04b108ca25f.jpg;img5e04b108ca32d.jpg
704,,Purse,,NA,0,oc,h,10,img5ddd1fefd68e5.jpg;img5ddd22c3cae25.jpg;img5ddd22c3caf76.jpg;img5ddd22c3cb03a.jpg
705,,Surface,,NA,1,xti,o,12,img5d70a5a0e0017.jpg;img5d70a5a0e18d8.jpg;img5d70a5a0e1da5.jpg;img5e07270ccbf37.jpg
706,,Tongue,,NA,0,,,10,img5dde464635af6.jpg;img5dde464635b9c.jpg;img5e04b108ca196.jpg;img5e059a688d9a4.jpg
707,,Bread,,NA,0,,,12,img5d887a19c3ae8.jpg;img5dde396ebe609.jpg;img5dde396ebe76a.jpg;img5e05a4b957201.jpg
708,,Shutter,,NA,2,li,d,12,img5de894d3e00e1.jpg;img5de894d3e0342.jpg;img5e05cb94319dd.jpg;img5e05cb9438b21.jpg
709,,Fry,,NA,0,oi,l,8,img5de0bd66ca99f.jpg;img5de0bd66cacbd.jpg;img5e05c22aad799.jpg;img5e05c22aadb4b.jpg
710,,Eagle,,NA,0,fco,n,10,img5d79da1aef4ed.jpg;img5df9fe058f661.jpg;img5df9fe058f728.jpg;img5e05c6cddf4fc.jpg
711,,Adventure,,NA,1,,,14,img5d6903e2585e4.jpg;img5dd5281586e5f.jpg;img5dd528158ad42.jpg;img5d8f40f69952a.jpg
712,,Flag,,NA,0,,,8,img5dde5b693e534.jpg;img5df36353c4f03.jpg;img5e05d3a0d572b.jpg;img5e0b0856f2f2e.jpg
713,,Onion,,NA,0,,,12,img5ddd270b39f0f.jpg;img5ddd270b3a1b2.jpg;img5ddd270b3a4bb.jpg;img5ddd270b3aaaa.jpg
714,,Terminal,,NA,1,s,o,14,img5de22b2b789a2.jpg;img5de22b2b78c49.jpg;img5de22b2b79026.jpg;img5e05dd93958e8.jpg
715,,Son,,NA,0,ki,d,8,img5ddbe39a87e8e.jpg;img5dfa083161f2f.jpg;img5dfa0831621ce.jpg;img5dfa0831623fa.jpg
716,,Laugh,,NA,0,smi,e,12,img5d78f00607b59.jpg;img5dbd52da157c8.jpg;img5dfc69c2b949b.jpg;img5d7795971146e.jpg
717,,Staircase,,NA,2,,,14,img5da433e99ede1.jpg;img5dde6cb67be1d.jpg;img5df9d4bdeb600.jpg;img5de5111c839ca.jpg
718,,Street,,NA,0,oad,,10,img5d6f4c0da829a.jpg;img5de0ef743b8da.jpg;img5de0ef743ba46.jpg;img5e05f1a7cac0d.jpg
719,,Vein,,NA,0,,,8,img5d6fd04531484.jpg;img5e05f9dcce36c.jpg;img5e05fab6df242.jpg;img5e072ec4b559d.jpg
720,,Melon,,NA,1,frui,t,12,img5de22faee0fcf.jpg;img5de22faee1362.jpg;img5dea26d84e1c8.jpg;img5e05fe8c29f53.jpg
721,,Swimmer,,NA,0,pol,,12,img5dbc1881ddd88.jpg;img5dbc1881e674e.jpg;img5dbc1881ec5ba.jpg;img5dbc1881ec84b.jpg
722,,Hat,,NA,0,c,p,10,img5d7a044a21c63.jpg;img5dde56ed604c9.jpg;img5e06016deb3e3.jpg;img5e12cb809a583.jpg
723,,Timetable,,NA,2,schd,u,14,img5dfa0df3bb0ec.jpg;img5dfa0df3bb1b8.jpg;img5dfa0df3bb49a.jpg;img5e07364ea6fa1.jpg
724,,Belt,,NA,0,,,10,img5d78cd6245131.jpg;img5d78df2150d7f.jpg;img5def9067229d1.jpg;img5e06048819da1.jpg
725,,Tablet,,NA,0,cps,u,12,img5d8b10a7bd387.jpg;img5de0ea4b4361b.jpg;img5e0083aed4882.jpg;img5e06ff28c8196.jpg
726,,Feedback,,NA,1,rvi,w,12,img5de0f7d651585.jpg;img5e0065c8231e6.jpg;img5e06e89d45083.jpg;img5e06e89d453ca.jpg
727,,House,,NA,2,m,,10,img5dde6e4aa760a.jpg;img5dc15cbae57d5.jpg;img5de4b1ffd1300.jpg;img5df083272193f.jpg
728,,Gold,,NA,0,ye,w,12,img5dde4ff9a33d6.jpg;img5dde4ff9a34f6.jpg;img5dde557acabbe.jpg;img5de8c4002905a.jpg
729,,Ram,,NA,1,,,8,img5dfa14cba9eac.jpg;img5dfa14cbaa2e0.jpg;img5dfa14cbaa8a8.jpg;img5e6b5d951f183.jpg
730,,Selfie,,NA,0,pho,n,12,img5d8f29e254970.jpg;img5ddf524b1e1eb.jpg;img5ddf524b1e51f.jpg;img5ddf524b20308.jpg
731,,Flute,,NA,0,,,10,img5dde6b36f2d2c.jpg;img5dde6b36f33b8.jpg;img5e06ff768ca36.jpg;img5e06ff768cb79.jpg
732,,Engineer,,NA,2,wok,,14,img5ddfc4055e11a.jpg;img5ddfc40561c4b.jpg;img5ddfc40563955.jpg;img5ddfc4056594f.jpg
733,,Food,,NA,0,is,h,10,img5d70b3ddd35cd.jpg;img5d70b3ddd36f1.jpg;img5d70b3ddd37c4.jpg;img5d70b3ddd3a32.jpg
734,,Microscope,,NA,0,,,12,img5dce4f3c5c25c.jpg;img5df078aca9e3a.jpg;img5dfa19f91427c.jpg;img5dfa19f914596.jpg
735,,Protection,,NA,1,safy,,14,img5d6904e09e30b.jpg;img5dea3d2449e07.jpg;img5e01f5d136295.jpg;img5de73dfd22b99.jpg
736,,Landscape,,NA,0,ry,,14,img5d6e498de46a1.jpg;img5dd674df5b1b7.jpg;img5d6e498de3ee0.jpg;img5d7f849cdd1f0.jpg
737,,Cave,,NA,0,,,10,img5d720137b862c.jpg;img5d6e034f6bcbf.jpg;img5e0740814634a.jpg;img5e07408146487.jpg
738,,Ocean,,NA,2,s,,10,img5dde145319249.jpg;img5dde14531f3d4.jpg;img5dde14531f8d0.jpg;img5d6f3d9cd82c0.jpg
739,,Jam,,NA,0,,r,8,img5ddfb9e1e2e19.jpg;img5ddfb9e1e2f4b.jpg;img5ddfb9e1e327a.jpg;img5ddfb9e1e39b4.jpg
740,,Muffin,,NA,0,cpak,e,10,img5ddfa83a2836e.jpg;img5ddfa83a28427.jpg;img5ddfa83a28655.jpg;img5de501ca7d57c.jpg
741,,Welcome,,NA,1,,,12,img5de2095d0c6be.jpg;img5de2095d0cb6b.jpg;img5de2095d0ccfd.jpg;img5de235f501414.jpg
742,,Love,,NA,2,ca,r,10,img5dd908b5c5438.jpg;img5dbbcda9167c5.jpg;img5dde5651b07f2.jpg;img5d6d0c89426a0.jpg
743,,Unlock,,NA,0,se,r,12,img5d7b737a5055e.jpg;img5d7b737a508c1.jpg;img5d7b737a5097a.jpg;img5e04bbdb5a327.jpg
744,,China,,NA,1,,,8,img5d809c343ed80.jpg;img5dafdfe291976.jpg;img5dafdfe291cb8.jpg;img5dafdfe291e33.jpg
745,,Mushroom,,NA,0,,,12,img5d6923161037c.jpg;img5d6e034f6be3e.jpg;img5ddf77f967471.jpg;img5ddf77f9679cd.jpg
746,,Weird,,NA,0,,,10,img5d777a637c16d.jpg;img5d777a637c8fe.jpg;img5d777a637cdc5.jpg;img5d8f29e254c87.jpg
747,,Cook,,NA,2,hema,fl,10,img5d6f42acbdf9d.jpg;img5e05a79a8af9a.jpg;img5e05a79a8c7cd.jpg;img5e05a79a8c8b8.jpg
748,,Stadium,,NA,0,gron,,10,img5dd6395095120.jpg;img5de8c0ad79e1c.jpg;img5dfa1e068b245.jpg;img5dfa1e068b6fa.jpg
749,,Plant,,NA,0,o,,12,img5d7a2832466ba.jpg;img5dbd203469f08.jpg;img5df8d1fec8c87.jpg;img5e05b5649da41.jpg
750,,Conductor,,NA,1,,,10,img5de2397304f5d.jpg;img5de49f0d59f54.jpg;img5e2fc2ee3a5fe.jpg;img5e2fc2ee3a6bc.jpg
751,,Heel,,NA,0,sand,,12,img5d7613899128a.jpg;img5ddd07b33188f.jpg;img5ddd07b3388c1.jpg;img5e05c5202760c.jpg
752,,Kettle,,NA,0,ap,o,10,img5d9f293aac44e.jpg;img5dde4492bcaa6.jpg;img5dde4492bd019.jpg;img5dde4492bd717.jpg
753,,Manufacture,,NA,2,pdio,,14,img5d8b602d344dc.jpg;img5e009407d1263.jpg;img5e05d1a780494.jpg;img5e05d1a7840f0.jpg
754,,Hut,,NA,0,,,8,img5dde66f335c14.jpg;img5dde66f335dee.jpg;img5dde66f3362e2.jpg;img5dde66f336533.jpg
755,,Jail,,NA,0,prson,,12,img5de1faf89dd3d.jpg;img5de1faf8a087b.jpg;img5de2677323458.jpg;img5e05dd383ab2d.jpg
756,,Occasion,,NA,1,elbrt,,14,img5ddf605c8c7bb.jpg;img5ddf9b751798e.jpg;img5e04b108c9fa6.jpg;img5e05dfbc695b2.jpg
757,,Flower,,NA,0,,,12,img5d8b084e8609a.jpg;img5de8b07609152.jpg;img5de8c98e036bb.jpg;img5de8ed83838d0.jpg
758,,Sleep,,NA,0,,,10,img5d68f598b5aba.jpg;img5dce590420e88.jpg;img5dde4b8e7cf97.jpg;img5dce590420fd4.jpg
759,,Wool,,NA,2,yar,n,10,img5d6e44582bd46.jpg;img5ddd075a00482.jpg;img5ddd075a00d2c.jpg;img5dde38e342749.jpg
760,,Cunning,,NA,0,,,12,img5d8c816fdc44f.jpg;img5def87f9dd1ec.jpg;img5def87f9dd785.jpg;img5def87f9e0ee4.jpg
761,,Galaxy,,NA,0,str,,12,img5db2952b73cd6.jpg;img5de2100c4c6a9.jpg;img5de2100c530d6.jpg;img5de2100c5324e.jpg
762,,Colleague,,NA,1,mtin,,12,img5d8b66679b8c9.jpg;img5d8c45df22d8e.jpg;img5de22c211a727.jpg;img5de22c211ab8d.jpg
763,,Dairy,,NA,0,mlk,,10,img5daaaba4705a1.jpg;img5ddf59bcc0ddb.jpg;img5ddf59bcc1532.jpg;img5ddf59bcc175a.jpg
764,,Card,,NA,0,,,8,img5ddd1bc317351.jpg;img5ddd1d5a48951.jpg;img5ddd1d5a48a11.jpg;img5d6a1e2ea9a52.jpg
765,,Vacation,,NA,1,hld,y,12,img5dd674df5affc.jpg;img5d70b7de909ef.jpg;img5dde60ba9536a.jpg;img5dde62f5b05e7.jpg
766,,Fairy,,NA,0,,,8,img5dde154b61d4e.jpg;img5dde154b621cc.jpg;img5dde154b62478.jpg;img5e060747f4202.jpg
767,,Bakery,,NA,0,,,10,img5dde0dae48101.jpg;img5dde0dae482af.jpg;img5e0604b953424.jpg;img5e0604b95366b.jpg
768,,Well,,NA,0,d,p,10,img5dde3bdcdbde9.jpg;img5dde3bdce6e19.jpg;img5dde3bdce713b.jpg;img5e073ada1f24a.jpg
769,,Direction,,NA,2,sgal,,12,img5d91b14865e45.jpg;img5dbbcac4c317b.jpg;img5dde8cef37d2f.jpg;img5e07239882bdd.jpg
770,,Ill,,NA,0,sck,,8,img5dde49fe8f1b7.jpg;img5dde49fe8f4a5.jpg;img5dde49fe8f67a.jpg;img5dde49fe8f8a9.jpg
771,,Family,,NA,0,,,12,img5dc26f72b6bd6.jpg;img5dde425c27ecd.jpg;img5dde425c28225.jpg;img5e072151195f0.jpg
772,,Sword,,NA,0,,,10,img5dde67e40e908.jpg;img5dde67e40ef75.jpg;img5dde67e40f04f.jpg;img5e07226a1dda4.jpg
773,,Survive,,NA,1,,,12,img5e073360e4cd9.jpg;img5e073360e50d2.jpg;img5e073360e5272.jpg;img5e073360e5752.jpg
774,,Bike,,NA,2,,,8,img5d8a26b643f0b.jpg;img5dc14ca908d52.jpg;img5dd929f910409.jpg;img5dde92612f373.jpg
775,,Raincoat,,NA,0,,,14,img5ddf5af54ceb1.jpg;img5df35ba42c6ea.jpg;img5e07273a14c43.jpg;img5e07273a14e7a.jpg
776,,Snore,,NA,1,l,p,12,img5ddf659371d18.jpg;img5ddf659371ddc.jpg;img5ddf659376090.jpg;img5ddf659376156.jpg
777,,Candle,,NA,0,igh,t,12,img5d68f892cadd7.jpg;img5ddd3a32cbb69.jpg;img5ddd3a32cea84.jpg;img5ddd3a32ced56.jpg
778,,Balcony,,NA,0,,,10,img5dd6782757db0.jpg;img5dde03f11dd31.jpg;img5de7b6799d0dd.jpg;img5e07346d40c9f.jpg
779,,Border,,NA,2,,,12,img5ddf95c088735.jpg;img5ddf95c0890a1.jpg;img5ddf95c0891aa.jpg;img5e06e2c22ce34.jpg
780,,Stem,,NA,0,plan,,8,img5dd5018b71a8a.jpg;img5dd5018b71c02.jpg;img5dd5018b71fea.jpg;img5dd5018b720be.jpg
781,,Pasta,,NA,0,fod,,10,img5ddf6f865e2f8.jpg;img5ddf6f865e945.jpg;img5e05980294799.jpg;img5e06e22c55f92.jpg
782,,Reporter,,NA,1,,,10,img5dd8cca87afd4.jpg;img5dfb102fc92c7.jpg;img5e01ff66eff86.jpg;img5ec4af6981c53.jpg
783,,Crocodile,,NA,0,,,12,img5ddf9e72d1673.jpg;img5ddf9e72d1738.jpg;img5ddf9e72d1f0e.jpg;img5e0f07cb034c0.jpg
784,,Dial,,NA,2,,,10,img5da03fc7dd446.jpg;img5da03fc7dd731.jpg;img5e06fafef034c.jpg;img5e06fafef0443.jpg
785,,Tourist,,NA,1,avel,,12,img5ddfac6877f2a.jpg;img5ddfac687817b.jpg;img5ddfac68787a7.jpg;img5e06e561f3acb.jpg
786,,Mummy,,NA,0,egp,t,12,img5ddfb608e89e3.jpg;img5ddfb608e8dfb.jpg;img5ddfb608e9021.jpg;img5ddfb608e93fc.jpg
787,,Carpet,,NA,0,,,10,img5d888506cb12c.jpg;img5ddfbfccdfade.jpg;img5ddfbfcce6551.jpg;img5ddfbfcce69ff.jpg
788,,Bug,,NA,2,,,10,img5d7c6e1b36448.jpg;img5de6619ea5699.jpg;img5dfb0528077e3.jpg;img5dfb05280786d.jpg
789,,Chin,,NA,0,fa,e,8,img5da0710cebef8.jpg;img5da0710cebfce.jpg;img5da0710cec0dc.jpg;img5da0710cec1c9.jpg
790,,Coconut,,NA,0,,,12,img5de0ad8fb07a9.jpg;img5de0ad8fb2efc.jpg;img5e05cbf0dec5d.jpg;img5e05cbf0e1035.jpg
791,,Language,,NA,1,,,14,img5d725d0bed4f3.jpg;img5ddfc9638eec3.jpg;img5ddfc9638f97e.jpg;img5ddfc9638fa2c.jpg
792,,Flour,,NA,0,,,12,img5de0b5d2e109b.jpg;img5de0b5d2e12f8.jpg;img5de0b5d2e13e2.jpg;img5e06ee0cb1317.jpg
793,,Fast,,NA,0,peed,,10,img5d70dae8bd19c.jpg;img5d75ec5ed3b6e.jpg;img5e05d2151b42b.jpg;img5dea1c5b087b1.jpg
794,,Danger,,NA,1,isky,,12,img5d78f313d1eaf.jpg;img5ddf9e72d1de6.jpg;img5d8224419946c.jpg;img5e06efb886814.jpg
795,,Rainbow,,NA,0,clful,,14,img5db2952b73da8.jpg;img5ddf7e04804fa.jpg;img5dfa222dab0d8.jpg;img5e05df362a4da.jpg
796,,Wardrobe,,NA,0,clst,,12,img5d89f73639a7e.jpg;img5d8a06ba8d433.jpg;img5d8a06ba8d5b0.jpg;img5d8a06ba8d98e.jpg
797,,Decor,,NA,0,,,8,img5dc15cbae51f0.jpg;img5dd776db01069.jpg;img5dde667d1651d.jpg;img5d760e446da76.jpg
798,,Atlas,,NA,2,mp,,10,img5d72272c0459d.jpg;img5de77020c9037.jpg;img5de77020c920c.jpg;img5de4da0ca54ba.jpg
799,,Wig,,NA,0,,,10,img5dd509afed27a.jpg;img5dd509aff1cb4.jpg;img5dd509aff1ec4.jpg;img5dd509aff3101.jpg
800,,Blue,,NA,0,,,8,img5dc2573b7035b.jpg;img5dc2573b70565.jpg;img5dc2573b70ab4.jpg;img5dc2573b70dfe.jpg
801,,Identity,,NA,1,,,12,img5df9f14b7717a.jpg;img5e0998bb9b909.jpg;img5e0998bb9bc3c.jpg;img5e0998bb9c455.jpg
802,,Balm,,NA,0,cre,,8,img5de77657ad958.jpg;img5de77657adc58.jpg;img5de777febe97f.jpg;img5e074cc3a8442.jpg
803,,Address,,NA,0,locti,n,14,img5de0dae233e17.jpg;img5de0dae2346d3.jpg;img5de0dae236341.jpg;img5e06fc811dcbb.jpg
804,,Handicap,,NA,1,sbl,e,14,img5de64a7eb988a.jpg;img5de64a7eb9c21.jpg;img5dea214d67a28.jpg;img5e0061bf26872.jpg
805,,Defend,,NA,0,c,,10,img5e07571e1457a.jpg;img5e098e12ab6e1.jpg;img5e098e12ab837.jpg;img5e098e12abb8c.jpg
806,,Mop,,NA,0,dr,y,10,img5d8882b195834.jpg;img5d8882b1958df.jpg;img5de8d018a5b60.jpg;img5df239b14ed60.jpg
807,,Mole,,NA,2,ski,n,8,img5dfb129a54b5a.jpg;img5dfb129a5531a.jpg;img5dfb129a55465.jpg;img5e09ac7118bf1.jpg
808,,Collection,,NA,1,,,12,img5d7a03e481615.jpg;img5d8a06ba8d5b0.jpg;img5dfb07f7a8e43.jpg;img5e0f1f0f3e41d.jpg
809,,Aroma,,NA,0,scen,t,10,img5d8dbc5631810.jpg;img5df72ff430fc3.jpg;img5df733b5b2c12.jpg;img5e099f44019c3.jpg
810,,Therapy,,NA,1,mn,,14,img5def3a88e49eb.jpg;img5df0f58adbcfe.jpg;img5e0ad2ab51f3c.jpg;img5e0ad2ab521b8.jpg
811,,Download,,NA,0,ier,t,12,img5de4d0edcb3e2.jpg;img5de4fd23bfe31.jpg;img5df21bf65ec30.jpg;img5e0adc65959dc.jpg
812,,Apron,,NA,0,chef,,10,img5de624d963fbb.jpg;img5de624d9641a0.jpg;img5de624d96443a.jpg;img5de624d9644f1.jpg
813,,Adjust,,NA,1,,,14,img5dee16ba0e120.jpg;img5dee1c30e6504.jpg;img5dee1fb24b56e.jpg;img5dee213108c4b.jpg
814,,Slip,,NA,0,de,,8,img5de20b4485b74.jpg;img5de20b4485cdd.jpg;img5de20b448661c.jpg;img5de20b44c4592.jpg
815,,Count,,NA,0,mber,,10,img5de780e781b0f.jpg;img5de7857f6b815.jpg;img5de7857f6b9d2.jpg;img5e01dba802d9b.jpg
816,,Secretary,,NA,1,i,n,12,img5dedf95ac1bc4.jpg;img5dedf9e992c00.jpg;img5df0f92dbf9d1.jpg;img5de22c211a611.jpg
817,,Flight,,NA,2,pane,,10,img5daabf04d8c83.jpg;img5d70dd44720a4.jpg;img5dd61e08aed9f.jpg;img5d75ee33e178c.jpg
818,,Soda,,NA,0,rin,k,8,img5de7878e7de1f.jpg;img5de7878e7dfbd.jpg;img5dfa105ee15fe.jpg;img5e0d9b2c51e5a.jpg
819,,Scratch,,NA,1,dmge,,12,img5df8da7e7a847.jpg;img5df8da7e7aa1f.jpg;img5e0f222c054e3.jpg;img5e269fc02f8c9.jpg
820,,Skull,,NA,0,head,,12,img5de78a68bb8c6.jpg;img5de78a68bbb47.jpg;img5de78a68bbce1.jpg;img5e0b0856f2fff.jpg
821,,Sea,,NA,0,,,8,img5d70e00a1966e.jpg;img5de0b71dea936.jpg;img5de0b71ded68a.jpg;img5d7c96ccccfb5.jpg
822,,Measure,,NA,2,,,14,img5de0eea90ab48.jpg;img5de4c19d48787.jpg;img5dfcc82b155b7.jpg;img5e0d7980f3c27.jpg
823,,Barber,,NA,0,,,8,img5de0dd750f6b0.jpg;img5e0b1749b2088.jpg;img5e0b1749b2202.jpg;img5e0b199ef3644.jpg
824,,Wild,,NA,0,anml,,10,img5d692316109d6.jpg;img5db182d9b2058.jpg;img5da59e3ab28fb.jpg;img5e0b14e08399c.jpg
825,,Depression,,NA,1,tfu,l,14,img5de632870bfea.jpg;img5de632870c286.jpg;img5de632870c64e.jpg;img5e0b10cf8d87f.jpg
826,,Angel,,NA,0,fir,y,10,img5d91c0935085c.jpg;img5d91c093545db.jpg;img5dde154b61a53.jpg;img5de0e4496c457.jpg
827,,Cash,,NA,0,mone,y,8,img5de0e970bf8c3.jpg;img5de0e970c28f7.jpg;img5e0afa8abcf0a.jpg;img5e0d83e52665a.jpg
828,,Indicator,,NA,1,,,12,img5d91b14865e45.jpg;img5de0eea90a6ef.jpg;img5dde8cef37d2f.jpg;img5df48940097ec.jpg
829,,Bridge,,NA,0,cty,,14,img5dd8ddd4432b1.jpg;img5de0f3d5af1af.jpg;img5de0f3d5af2af.jpg;img5de0f3d5af771.jpg
830,,Beard,,NA,0,sty,l,10,img5de10c151d5bb.jpg;img5de10c151dbd9.jpg;img5d7b8205d29c0.jpg;img5de8d61f11c65.jpg
831,,Armor,,NA,2,sv,i,8,img5de1290e4748a.jpg;img5de1290e4c151.jpg;img5de1290e4c4f6.jpg;img5de1290e52646.jpg
832,,Trap,,NA,0,,,8,img5d761c23b6ff0.jpg;img5d779802535ab.jpg;img5de11ae76e1ab.jpg;img5de11ae76e4cd.jpg
833,,Amazon,,NA,0,fres,t,10,img5de22d327a0bf.jpg;img5de22d3283956.jpg;img5de22d3283bef.jpg;img5df0eaec1f96f.jpg
834,,Aluminium,,NA,0,sver,,14,img5de122dd2d763.jpg;img5de122dd34439.jpg;img5de122dd3906d.jpg;img5de122dd3ab18.jpg
835,,Vitamin,,NA,1,hel,y,12,img5d7a46ec31fc0.jpg;img5de2439367366.jpg;img5de4a2250dce2.jpg;img5e6a345c1b21a.jpg
836,,Folder,,NA,0,i,,10,img5de206844675e.jpg;img5d6fa74d7c6b5.jpg;img5e01a01896dad.jpg;img5df86a381ad18.jpg
837,,Warning,,NA,2,cut,o,12,img5d76173a9cec6.jpg;img5de2541cde2cf.jpg;img5de2541cde387.jpg;img5e0d853b3997e.jpg
838,,Car,,NA,0,,,14,img5d6d1c29b3e72.jpg;img5d6d09fd4c733.jpg;img5d8b0e31620ff.jpg;img5db03be2ceda5.jpg
839,,Cookie,,NA,0,bscu,t,12,img5d6df5eac92a5.jpg;img5d760e446d931.jpg;img5dc674ad4a8fb.jpg;img5ddfb9e1e34a8.jpg
840,,Transplant,,NA,1,ugey,,12,img5de24d91399c1.jpg;img5de24d913c54f.jpg;img5de24d913c996.jpg;img5e26a99319a50.jpg
841,,Mark,,NA,0,d,w,8,img5de238cfba13c.jpg;img5de238cfba2d0.jpg;img5de238cfc24b5.jpg;img5de238cfc26b1.jpg
842,,Pillar,,NA,0,oe,,12,img5dfb09e0291fb.jpg;img5dfb09e029619.jpg;img5dfb09e0296d8.jpg;img5dfb33a4a1456.jpg
843,,Agree,,NA,1,hndsh,k,12,img5de25a7f3b026.jpg;img5de25a7f492b4.jpg;img5de4a96e36962.jpg;img5d7108364f80d.jpg
844,,Bathroom,,NA,0,,,14,img5dc15cbae56b9.jpg;img5de2156830ce9.jpg;img5de21568313fd.jpg;img5e0d799dd978e.jpg
845,,Polo,,NA,0,tea,m,8,img5de267a20d5b5.jpg;img5de267a20d7f8.jpg;img5de267a20da48.jpg;img5e09a09ceb255.jpg
846,,Clone,,NA,2,twi,s,12,img5de4b408ef41c.jpg;img5de4b408ef9e7.jpg;img5df1cfa867207.jpg;img5df1cfa8675f8.jpg
847,,Herbal,,NA,0,mint,,8,img5de4d002b0302.jpg;img5de4d002b3392.jpg;img5de4d002b4fcc.jpg;img5de4d002b53c8.jpg
848,,Comb,,NA,0,,,10,img5de21a2a577fc.jpg;img5de21a2a579ca.jpg;img5de21a2a57ae8.jpg;img5de21a2a58078.jpg
849,,Performance,,NA,1,t,,14,img5ddcf67cb9e6d.jpg;img5de7923631734.jpg;img5de792363199d.jpg;img5de7923631b79.jpg
850,,Video,,NA,0,sh,t,10,img5de26fcea5d2e.jpg;img5de26fceabad7.jpg;img5de26fceabc6b.jpg;img5e0aee700ca3b.jpg
851,,Sunburn,,NA,0,ta,,12,img5dea32cd525dd.jpg;img5dea32cd526fa.jpg;img5dea32cd52a64.jpg;img5dea32cd52b38.jpg
852,,Height,,NA,0,,,8,img5de4bf65ae28f.jpg;img5de4c19d449e5.jpg;img5e0ad44e4b541.jpg;img5e0ad44e4ea60.jpg
853,,Hypnotize,,NA,2,dulm,,14,img5de4dc7e82be0.jpg;img5de4dc7e873c1.jpg;img5de4dc7e8a3df.jpg;img5e0aebc20b629.jpg
854,,Dart,,NA,0,,,12,img5d6e39423ab31.jpg;img5de23e2b08b33.jpg;img5de23e2b08c45.jpg;img5de23e2b0915c.jpg
855,,Cry,Weep,NA,0,sa,d,8,img5de2437673244.jpg;img5de243767340e.jpg;img5d6d01f6993c4.jpg;img5e0058ec0e542.jpg
856,,Criminal,,NA,1,,,12,img5d7a3bb847e2f.jpg;img5d691207d4e34.jpg;img5e05dd383a9cf.jpg;img5e03470d4d6c9.jpg
857,,Hoodie,,NA,0,jack,t,12,img5de4a4f3be4f3.jpg;img5de4a4f3bea1b.jpg;img5de4a4f3beccd.jpg;img5def6ba9d8197.jpg
858,,Whale,,NA,0,,,8,img5de2559cc31b8.jpg;img5de2559ce4cac.jpg;img5de2559ce4f90.jpg;img5de2559ce7bce.jpg
859,,Reverse,,NA,1,backwrd,,14,img5deddd7b632cf.jpg;img5deddd7b63b8e.jpg;img5deddd7b64368.jpg;img5dedf53be61dc.jpg
860,,Bank,,NA,0,l,e,8,img5d7220b96e7d9.jpg;img5de7633bd237c.jpg;img5dfc751eb515f.jpg;img5e0aedb737cfa.jpg
861,,Hockey,,NA,0,,,12,img5d72019965a02.jpg;img5de25a6e4cde2.jpg;img5de25a6e4d12e.jpg;img5de25a6e4d4a1.jpg
862,,Amusement,,NA,1,fir,,14,img5d75ea7e134b3.jpg;img5de78780334a9.jpg;img5de7878033682.jpg;img5de78780337e6.jpg
863,,Round,,NA,2,cil,e,12,img5d7a30652bdb0.jpg;img5de4ab58a764a.jpg;img5de4ab58a784b.jpg;img5dc93b0b29d17.jpg
864,,Find,,NA,0,search,,10,img5d8b6c3934ae9.jpg;img5de4da0ca4274.jpg;img5d80df7bd5896.jpg;img5e06e561f3c9a.jpg
865,,Password,,NA,1,lck,e,14,img5de50b49630be.jpg;img5d8f1433d530e.jpg;img5de73dfd22b99.jpg;img5de7411d25bf3.jpg
866,,Napkin,,NA,0,,,10,img5de24a5219a94.jpg;img5de24a521e207.jpg;img5de24a521fc1a.jpg;img5de24a522120f.jpg
867,,Network,,NA,0,cabl,,14,img5d8b634bdd61f.jpg;img5de8969e45550.jpg;img5de8969e474ad.jpg;img5de8969e4800f.jpg
868,,Drag,,NA,0,pu,l,10,img5de4fab8a26a3.jpg;img5de747b9a7cdc.jpg;img5dc51e7c276f1.jpg;img5e0b0660e2696.jpg
869,,Pilot,,NA,2,ck,,12,img5dc516f8f1910.jpg;img5de4e36e8b066.jpg;img5de4e36e8b293.jpg;img5de4e36e8b6c9.jpg
870,,Orchid,,NA,0,flw,e,12,img5de4ecb240692.jpg;img5de4ecb2407dd.jpg;img5de4ecb240c59.jpg;img5e073e549d055.jpg
871,,Tag,,NA,0,,,8,img5de50cdec97fb.jpg;img5de50cdec99a1.jpg;img5de50cdec9a62.jpg;img5de9f0c82f6f0.jpg
872,,Knock,,NA,0,dr,,10,img5de79d4040159.jpg;img5de79d404046b.jpg;img5de79d4040669.jpg;img5de79d404095b.jpg
873,,Celebrity,,NA,2,famous,,14,img5dd91ad6c13d9.jpg;img5de8a2fda3223.jpg;img5de8a2fda354b.jpg;img5de8a2fda378e.jpg
874,,Roof,,NA,0,hm,e,10,img5de4b1ffd0daf.jpg;img5de4b1ffd13e8.jpg;img5de4b1ffd1521.jpg;img5de4b1ffd17e0.jpg
875,,Precious,,NA,0,jwl,y,12,img5d6d1c29b48de.jpg;img5da826f424f29.jpg;img5de508ab71f12.jpg;img5d6e53211895a.jpg
876,,Novel,,NA,1,b,k,10,img5de0aed201741.jpg;img5d8f29e25486b.jpg;img5e0749e37aafb.jpg;img5e074c2b040b1.jpg
877,,Holiday,,NA,0,vct,n,12,img5de0bc39b7a62.jpg;img5de4ed92e4245.jpg;img5de5f1b3f0dd2.jpg;img5e074e7ca1727.jpg
878,,Ladder,,NA,0,cimb,,12,img5de650b2c67d6.jpg;img5de650b2c6b60.jpg;img5de650b2c6cfe.jpg;img5de650b2c6f64.jpg
879,,Transmitter,,NA,2,,,14,img5df084bc51ee9.jpg;img5df087ed7e35b.jpg;img5df088a34c541.jpg;img5e0f19e00cf3f.jpg
880,,Spot,,NA,0,,,8,img5def4bb42fb0e.jpg;img5def4bb42fbcf.jpg;img5defa685ab4f8.jpg;img5e0750b81d483.jpg
881,,Joint,,NA,0,pa,,10,img5de78cead3bf1.jpg;img5dea22da0e09f.jpg;img5dea24d7eeab4.jpg;img5df8cc6786c0d.jpg
882,,Safety,,NA,1,proc,,14,img5ddfc40561d93.jpg;img5d8efa07de5b8.jpg;img5dea3d2449e07.jpg;img5d78cd6245131.jpg
883,,Mocktail,,NA,0,bevr,g,12,img5dd632972cd25.jpg;img5dd632972cf2f.jpg;img5e09869a9e134.jpg;img5e09869a9e58a.jpg
884,,Plug,,NA,0,cor,d,10,img5de66c3c48c27.jpg;img5de66c3c48dc8.jpg;img5de66c3c4c55a.jpg;img5de66c3c4cbc3.jpg
885,,Formula,,NA,1,,,14,img5d8b67dc30b98.jpg;img5dfb4633893f0.jpg;img5dd8f47209bc5.jpg;img5e098e970cc62.jpg
886,,Glass,,NA,0,,,10,img5de20bb403e2c.jpg;img5df097215ca30.jpg;img5df8780d74f84.jpg;img5e030bcacfa92.jpg
887,,Horror,,NA,0,Sca,y,12,img5db02666cb6c1.jpg;img5d8f24539a3e5.jpg;img5de2407e20578.jpg;img5e099841f1822.jpg
888,,Curve,,NA,2,,,10,img5de5f551971de.jpg;img5de5f5519bb3a.jpg;img5df1ddce4a84c.jpg;img5e0b0faa954cb.jpg
889,,Feet,,NA,0,,o,8,img5d7a2e2b0c43a.jpg;img5d8db48b25d9d.jpg;img5de23bad8f7d3.jpg;img5de23bad8f909.jpg
890,,Hamster,,NA,0,,,12,img5de23296dfd5c.jpg;img5de23296dff13.jpg;img5de23296e3e77.jpg;img5de23296e3f54.jpg
891,,Strict,Stern,NA,1,scol,d,10,img5d8dae3f9aa9a.jpg;img5e0b054bcb495.jpg;img5e26ba5142a65.jpg;img5e26ba5142b42.jpg
892,,Software,,NA,0,,,12,img5e099d70276ca.jpg;img5e099d702793e.jpg;img5e099d7027aeb.jpg;img5e099d7027c4c.jpg
893,,Bass,,NA,0,,,8,img5de4af2a497ca.jpg;img5de4af2a49a6d.jpg;img5de4feaf3a462.jpg;img5de9ea3f4e22a.jpg
894,,Designer,,NA,2,cat,o,12,img5df078aca9a64.jpg;img5df32bd457092.jpg;img5e0b186bcead6.jpg;img5e0b186bcf551.jpg
895,,Bun,,NA,0,,,8,img5de501ca7d162.jpg;img5de501ca7d4b4.jpg;img5de501ca82dcf.jpg;img5e6b682876b98.jpg
896,,Spinach,,NA,0,,,10,img5de0ad0df04e0.jpg;img5e0b1ba3790d2.jpg;img5e0b1ba3791c8.jpg;img5e0b1ba379277.jpg
897,,Reaction,,NA,0,,,12,img5de5026a886dc.jpg;img5de5026a8d911.jpg;img5e0b1cdf15653.jpg;img5e0b1cdf15855.jpg
898,,Fort,,NA,2,casle,,12,img5e098c76162a2.jpg;img5e098c76164cb.jpg;img5e0f12c2c6251.jpg;img5e0f12c2c6379.jpg
899,,Gate,,NA,0,do,r,10,img5de507ddb7ca4.jpg;img5de507ddb8091.jpg;img5e0d7d8434137.jpg;img5e0d7d84344c0.jpg
900,,Jigsaw,,NA,0,Puzl,e,12,img5d6e61cb04454.jpg;img5de4f9594f82f.jpg;img5d6906a9b873b.jpg;img5d6906a9b8a48.jpg
901,,Support,,NA,1,help,,14,img5dea2b5bd1850.jpg;img5df4ccfd27bc5.jpg;img5e0dc270aadfe.jpg;img5e0dc270aaf9a.jpg
902,,Taxi,,NA,0,cb,,8,img5de8d074d348a.jpg;img5de8d074d3565.jpg;img5de8d074d36a7.jpg;img5e0dcbd2a9c3c.jpg
903,,Jelly,,NA,0,can,d,12,img5d69231610579.jpg;img5dea37d99a958.jpg;img5dea37d99ab77.jpg;img5e0dd2318e809.jpg
904,,Increase,,NA,1,gowth,,14,img5e01dba802f20.jpg;img5e0db6e5c8e8a.jpg;img5e0db6e5c974d.jpg;img5e0ad9b0bd840.jpg
905,,Silent,,NA,0,,,10,img5dea541473368.jpg;img5e0ae4bd6392a.jpg;img5dfc9bad7e194.jpg;img5e0dda24f0740.jpg
906,,Loop,,NA,0,,,8,img5df1fdb857930.jpg;img5dea1fa24aa3f.jpg;img5e0dc15db4199.jpg;img5dd8f9d71c70a.jpg
907,,Wound,,NA,2,ijr,y,12,img5de8c2d6070fa.jpg;img5de8c2d60721e.jpg;img5dfb710090ab3.jpg;img5e0ecebb44501.jpg
908,,Cover,,NA,0,shy,,8,img5dd4c5cf3e204.jpg;img5de8a2fda366f.jpg;img5def87f9e0864.jpg;img5df08d77256e4.jpg
909,,Toffee,,NA,0,,,10,img5df093f0dd276.jpg;img5df093f0dd411.jpg;img5dfa0a3bc9418.jpg;img5dfa0a3bc960b.jpg
910,,Gallery,,NA,1,mus,,12,img5dcbf7ae4c754.jpg;img5e0dec0747fbb.jpg;img5e0dec07481c2.jpg;img5e0dec07482c7.jpg
911,,Slim,,NA,0,ft,,10,img5e0ecac9e74b8.jpg;img5e0ecac9e760e.jpg;img5e0ecac9e76cc.jpg;img5e0ecac9e77a1.jpg
912,,Departure,,NA,0,jony,,14,img5d75ee33e178c.jpg;img5dd61e08aed9f.jpg;img5df0cedaae22e.jpg;img5df0d2c08629a.jpg
913,,Chemistry,,NA,2,labo,,14,img5defa5208f914.jpg;img5defa6412fee8.jpg;img5e071ec502ef4.jpg;img5dfb4633893f0.jpg
914,,Monkey,,NA,0,,,12,img5dde425c284cb.jpg;img5de899d887a6c.jpg;img5e0edddc412c8.jpg;img5e0edddc4152d.jpg
915,,Lick,,NA,0,,,10,img5d6d1a301140d.jpg;img5da59e3aadcd5.jpg;img5e32a148a024e.jpg;img5eac1a9a6efbd.jpg
916,,Aviation,,NA,1,rpl,e,12,img5db038ee28155.jpg;img5de22b2b789a2.jpg;img5e035b0aede8c.jpg;img5d8b0e3163651.jpg
917,,Uniform,,NA,0,,,10,img5d68f9ce3ae16.jpg;img5de8b3fe363bc.jpg;img5de8b597b8cfe.jpg;img5de8be8cd1430.jpg
918,,Refill,,NA,0,,,12,img5df09ac71b4c4.jpg;img5df0be3713819.jpg;img5df7420819dbd.jpg;img5e0ee721c8462.jpg
919,,Inspector,,NA,1,,,12,img5df0d97e98c7b.jpg;img5df0d97e98fa7.jpg;img5df0d97e9913d.jpg;img5e16ee0f6d284.jpg
920,,Break,,NA,0,dmg,,10,img5de7993f7dd0b.jpg;img5e020b1caaa39.jpg;img5de6251c5bb52.jpg;img5d7b806d70812.jpg
921,,Hold,,NA,0,a,n,8,img5daaa3389106a.jpg;img5de8b04876171.jpg;img5dc26f72b8894.jpg;img5e0eede143ab8.jpg
922,,Gown,,NA,2,dre,s,12,img5de4f9c383a4b.jpg;img5e0f289e3c9af.jpg;img5e0f289e43e69.jpg;img5e0f289e43f3f.jpg
923,,Wrap,,NA,0,c,k,10,img5de8ac1f2f4f7.jpg;img5de8ac1f2f73d.jpg;img5d68f5ab301bb.jpg;img5e0f168d2ebd3.jpg
924,,Similar,,NA,0,dupc,t,12,img5de4b40900800.jpg;img5d690c86e66a8.jpg;img5df09653d2dde.jpg;img5df09653d8e1b.jpg
925,,Opposite,,NA,1,rv,,14,img5de8e476402bf.jpg;img5de8e4765398d.jpg;img5de8e73b11a25.jpg;img5dedf53be61dc.jpg
926,,Start,,NA,0,p,o,10,img5d6907d86c539.jpg;img5d7107b41a10a.jpg;img5de4f32f4fd38.jpg;img5e0056ffc05f3.jpg
927,,Invent,,NA,0,oa,,12,img5df0e3aa63491.jpg;img5df0e3aa63700.jpg;img5df0e3aa63939.jpg;img5df0e3aa63a90.jpg
928,,Cultivate,,NA,1,frmng,,14,img5de0c06b63405.jpg;img5dede1dd88caf.jpg;img5e04abdfd9057.jpg;img5d91acc67a0de.jpg
929,,Orange,,NA,0,,,10,img5de4fff96f615.jpg;img5de4fff96f8d2.jpg;img5de4fff96f9ee.jpg;img5de4fff96fac5.jpg
930,,Smile,,NA,0,hap,y,12,img5d7a044a21bb1.jpg;img5d78cf6075a5a.jpg;img5df9c66d29a37.jpg;img5df1fb57a6847.jpg
931,,Skeleton,,NA,2,,,12,img5da1615407e48.jpg;img5df71a093d707.jpg;img5e0b0856f2fff.jpg;img5e0dcd621ad88.jpg
932,,Step,,NA,0,air,,8,img5d8cacdf2d5a1.jpg;img5dde6cb67c58a.jpg;img5d7222cc57b46.jpg;img5ddfbfcce6551.jpg
933,,Police,,NA,0,,,10,img5d709315d0a63.jpg;img5d8a26b643855.jpg;img5d8a26b643f0b.jpg;img5de50a2c91640.jpg
934,,Storage,,NA,1,,,14,img5d761f8a1f7b5.jpg;img5d7ce2b9c5594.jpg;img5de63f7b7b06e.jpg;img5de63f7b7eacf.jpg
935,,Bunch,,NA,0,dle,,12,img5d6918005e26c.jpg;img5de6619ea01fe.jpg;img5de6619ea5788.jpg;img5de6619ea586c.jpg
936,,Television,,NA,0,ntrm,,14,img5de516f76a99f.jpg;img5e01e9ea14c3f.jpg;img5e0d881930a11.jpg;img5e0d881930ad9.jpg
937,,Leader,,NA,2,supi,o,14,img5e00a0503c71c.jpg;img5e2fbd7b3e1be.jpg;img5e2fbd7b3e3cc.jpg;img5e2fbd7b3e491.jpg
938,,Sun,,NA,0,da,Y,8,img5d691e43c6c9b.jpg;img5db1463777133.jpg;img5dc3ac11d4f89.jpg;img5dc3ac11d51f4.jpg
939,,Lotus,,NA,0,,,10,img5dd8de018b1f9.jpg;img5de8c98e02ea2.jpg;img5de8c98e02fbb.jpg;img5de8c98e036bb.jpg
940,,Fantasy,,NA,1,img,e,12,img5d68f4a4dc4a8.jpg;img5de7452302abc.jpg;img5de7452302d38.jpg;img5de7452304bca.jpg
941,,Kiss,,NA,0,lov,e,12,img5d6d18b7d4df7.jpg;img5dbbf2bf64601.jpg;img5ddd0ec3c26fc.jpg;img5ddd0ec3c7675.jpg
942,,Vegetable,,NA,0,,,12,img5de89f75d0d91.jpg;img5e3801f46903f.jpg;img5e53c6315455b.jpg;img5e53c631558ad.jpg
943,,Motel,,NA,1,,h,10,img5df388c49bd5b.jpg;img5df388c49bf8b.jpg;img5df388c49c12a.jpg;img5e0dbb62b26f2.jpg
944,,Cinnamon,,NA,0,,,14,img5d7200a40f659.jpg;img5de761680541c.jpg;img5de76168055c9.jpg;img5de76168056f4.jpg
945,,Early,,NA,0,,,10,img5ddba140d458e.jpg;img5defb142b6423.jpg;img5defb142b66f1.jpg;img5defb142b69f5.jpg
946,,Suit,,NA,2,,,8,img5d6d18b7d4b45.jpg;img5dd8cca87b0ca.jpg;img5e0dd77eb67bc.jpg;img5e0dd77eb68a9.jpg
947,,Golden,,NA,0,,,12,img5dde5196ae2a1.jpg;img5de8c40028e4d.jpg;img5de8c4002905a.jpg;img5de8c4002c0f0.jpg
948,,Fitness,,NA,0,xr,c,12,img5d7f593e6cb3c.jpg;img5dd4fe8e776cf.jpg;img5ddbb1d981629.jpg;img5dde4492bd41c.jpg
949,,Passenger,,NA,1,tvl,,14,img5de7865f51f93.jpg;img5de7865f569e2.jpg;img5e0de7077b37f.jpg;img5e0de7077b566.jpg
950,,Towel,,NA,0,,,10,img5d7a1d029ac61.jpg;img5de7919d18048.jpg;img5de7919d18327.jpg;img5e0dea86b6411.jpg
951,,Discipline,,NA,0,,,14,img5d8f3d6d88d74.jpg;img5d70bb29af787.jpg;img5def597f7c25d.jpg;img5def597f7c9b5.jpg
952,,Air,,NA,0,wn,d,8,img5da19ab86fa42.jpg;img5ddba53c5ef75.jpg;img5d760e4465798.jpg;img5dede948edc86.jpg
953,,Snatch,,NA,2,e,l,12,img5dea271d7d450.jpg;img5dea271d7d583.jpg;img5dea271d7d91f.jpg;img5dea271d7dae4.jpg
954,,Tape,,NA,0,,,12,img5de7adfa79fac.jpg;img5de7adfa7a2fe.jpg;img5def38c0eba69.jpg;img5def9c540d268.jpg
955,,Witch,,NA,0,,,14,img5da47d09a7138.jpg;img5e0dd0c71ce14.jpg;img5e0dd0c71cfa5.jpg;img5e0dd0c71d1f8.jpg
956,,Decrease,,NA,1,vemicrwn,o,14,img5d9eec6e1f98b.jpg;img5dea400fbc9a1.jpg;img5dea400fbcc29.jpg;img5dea400fbd088.jpg
957,,Window,,NA,0,,,10,img5d761a4c141b3.jpg;img5d9f1a18dfcc6.jpg;img5de7a5b93b75c.jpg;img5df2112282333.jpg
958,,Drama,,NA,0,ply,,12,img5dc93684a6811.jpg;img5de8d157079a9.jpg;img5de8d15707ba9.jpg;img5de8d157084c5.jpg
959,,Internet,,NA,2,,,12,img5da9af89b0620.jpg;img5dea0242c974a.jpg;img5dedf9b8efd40.jpg;img5dc55af3b98c0.jpg
960,,Prince,,NA,0,ow,s,10,img5de9e582945df.jpg;img5de9e58294a61.jpg;img5de9e58294b6b.jpg;img5de9e58294f07.jpg
961,,News,,NA,0,,,12,img5de8f4c17a8a0.jpg;img5dd8cca87baa8.jpg;img5dee162fa4de1.jpg;img5dee162fa531d.jpg
962,,Faculty,,NA,1,teh,r,14,img5df0b833abbbb.jpg;img5df0b833ad290.jpg;img5df0b833ad3a2.jpg;img5df0b833ad8d8.jpg
963,,Daisy,,NA,0,flowe,r,12,img5da6fb89bebba.jpg;img5de8b07609082.jpg;img5de8b07609152.jpg;img5de8b07609750.jpg
964,,Oval,,NA,0,,,8,img5de8c0ad748e5.jpg;img5de8c0ad7497d.jpg;img5de8c0ad79e1c.jpg;img5de8c0ad7a1c0.jpg
965,,Failure,,NA,1,os,,12,img5df08c49433be.jpg;img5df08c49436dc.jpg;img5df08c49437ee.jpg;img5e0ed83ae75d8.jpg
966,,Poster,,NA,0,,,12,img5de8e4c0252f3.jpg;img5de8e4c0253e5.jpg;img5de8e4c028707.jpg;img5de8e4c0287f8.jpg
967,,Write,,NA,0,,,10,img5df8bb5976070.jpg;img5e0dd81f37fa1.jpg;img5e0dd81f38135.jpg;img5e0de503cb9dd.jpg
968,,Five,,NA,0,,,10,img5dcd12f0464ad.jpg;img5e26e7c99bbe4.jpg;img5e26e7c99bcea.jpg;img5e26e7c99be5b.jpg
969,,Sculpture,,NA,2,a,,14,img5d6f8eec96a07.jpg;img5dd926738f828.jpg;img5ddf9e72d1f0e.jpg;img5de8ab9e46fd7.jpg
970,,Autumn,,NA,0,se,o,12,img5d6d1e53d8cd9.jpg;img5d70d6be780b5.jpg;img5d691a07454f9.jpg;img5de7a8ab79537.jpg
971,,Jet,,NA,0,,,10,img5db038ee28590.jpg;img5dc2573b7035b.jpg;img5dea1c5b0849f.jpg;img5dea1c5b08635.jpg
972,,Index,,NA,0,pa,r,12,img5dee28319f462.jpg;img5dee28319f588.jpg;img5dee28319fbb7.jpg;img5e01a01896eb8.jpg
973,,Pollution,,NA,1,smke,,14,img5dd8f472097bc.jpg;img5d8b6b2264e41.jpg;img5de8fb61d32f8.jpg;img5de8fd362ee8b.jpg
974,,Zoom,,NA,0,len,s,12,img5de4da0ca43e9.jpg;img5dea34bc6984f.jpg;img5dea35eb251fb.jpg;img5dea35eb253c0.jpg
975,,Contacts,,NA,0,,,10,img5df0c556c4179.jpg;img5de8969e4800f.jpg;img5df0e9aa4aa6a.jpg;img5df0f04566ee1.jpg
976,,Wrong,,NA,1,,,12,img5da84943762bc.jpg;img5da84943763af.jpg;img5dedf1a00650a.jpg;img5e0db5261b22a.jpg
977,,Skateboard,,NA,0,,,14,img5e0ddb1808f83.jpg;img5e0ddb18092c5.jpg;img5e0ddb18093a2.jpg;img5e0ddb180f04b.jpg
978,,Pocket,,NA,0,,,12,img5de79a5507841.jpg;img5dc4083fbe1df.jpg;img5dfb1fb0bcaa9.jpg;img5e0db8816feaa.jpg
979,,Warehouse,,NA,2,tg,,14,img5de7ab3f7b391.jpg;img5dea4622e75be.jpg;img5dea48ac504ca.jpg;img5dea48ac5065f.jpg
980,,Rail,,NA,0,,,8,img5de7ab3f7b1e5.jpg;img5d8b0e3163701.jpg;img5e0dc053c4766.jpg;img5e0dc053c490e.jpg
981,,Sugar,,NA,0,we,t,10,img5da7141665be6.jpg;img5de5fd078ecb6.jpg;img5de5fd07907d3.jpg;img5e0dc29e5001d.jpg
982,,Journey,,NA,1,Tav,l,12,img5dd61e08aed9f.jpg;img5ddb69b213249.jpg;img5ddb69b213385.jpg;img5dde62f5b05e7.jpg
983,,Corridor,,NA,0,pasg,e,10,img5dd64ef510a18.jpg;img5de60603938bc.jpg;img5d8a0ecca69c1.jpg;img5d8a0ecca7469.jpg
984,,Quiz,,NA,0,ple,,12,img5de60f4dd7f46.jpg;img5de9f493131ad.jpg;img5e0f15a73b27b.jpg;img5e0f189dc3ed1.jpg
985,,Treadmill,,NA,1,,,14,img5dd4fe8e7e6af.jpg;img5e0ddf2c191e2.jpg;img5e0ddf2c193df.jpg;img5e0de16243bae.jpg
986,,Crack,,NA,0,brk,e,10,img5d68fe0157325.jpg;img5de6251c5bb52.jpg;img5de6251c5de59.jpg;img5de6251c5dfb3.jpg
987,,Basket,,NA,0,,,12,img5d6cf60ca0b62.jpg;img5ddd1836567cf.jpg;img5ddf77f9679cd.jpg;img5de629bbc7574.jpg
988,,Creation,,NA,2,s,,12,img5de62e2fb0c0c.jpg;img5de62e2fb176c.jpg;img5d76159ac5c89.jpg;img5df078aca9a64.jpg
989,,Wide,,NA,0,Vs,t,10,img5de640a68ed8d.jpg;img5de640a68efab.jpg;img5de640a68f036.jpg;img5de640a68f104.jpg
990,,Chicken,,NA,0,,,14,img5de6340e2a8d8.jpg;img5de6340e2ab3f.jpg;img5de6340e2ac13.jpg;img5de6340e2acce.jpg
991,,Public,,NA,1,row,d,10,img5d8f3267595da.jpg;img5da43de28243e.jpg;img5d8b612e268e7.jpg;img5dfc86b3831ff.jpg
992,,Beach,,NA,0,so,r,12,img5dc2573b70565.jpg;img5dde25b12f354.jpg;img5df750802ac80.jpg;img5e0dd5004f21f.jpg
993,,Text,,NA,0,wor,d,8,img5de64bbea9f8f.jpg;img5de64bbeaa0b3.jpg;img5de64bbeaa194.jpg;img5e06fa273547e.jpg
994,,Conflict,,NA,1,dspu,e,12,img5dbad48795b96.jpg;img5de4a96e36962.jpg;img5de65c2c3b67d.jpg;img5df32b6873efc.jpg
995,,Picnic,,NA,0,holda,y,10,img5de5f1b3f0dd2.jpg;img5de73c1215c11.jpg;img5de73c121c194.jpg;img5de73c121c56a.jpg
996,,Attack,,NA,0,,,12,img5d6d1d2f81968.jpg;img5de4f55aa3409.jpg;img5de7ab50c6137.jpg;img5e0edd9710093.jpg
997,,Pear,,NA,0,,,12,img5dea5145cdcc3.jpg;img5dea5145ce2f8.jpg;img5dea5145ce4cd.jpg;img5e0ed0c2a3416.jpg
998,,Infinity,,NA,2,,,12,img5de88d8d7b2e9.jpg;img5de8909993df4.jpg;img5dea1fa24a803.jpg;img5dea1fa24aa3f.jpg
999,,Top,,NA,0,pek,a,8,img5de74ef852ddb.jpg;img5de9fc85c6875.jpg;img5dede4e5192fd.jpg;img5dd528158ab2b.jpg
1000,,Scissor,,NA,0,,,14,img5de238eabcdf9.jpg;img5de238eabd1f7.jpg;img5de238eabd519.jpg;img5de238ead005a.jpg
1001,,Refresh,,NA,1,,,10,img5dfb43c405da0.jpg;img5dfb43c405e91.jpg;img5dfb43c405f5d.jpg;img5e0eee73e4db7.jpg
1002,,Deer,,NA,0,,,12,img5dfb4983186d9.jpg;img5dfb4983188af.jpg;img5dfb498318973.jpg;img5dfb498318f67.jpg
1003,,Shooter,,NA,0,cmb,,12,img5e2e6ebd9ed86.jpg;img5e2e6ebd9ee56.jpg;img5e2e6ebd9efd3.jpg;img5e2e6ebd9f176.jpg
1004,,Solution,,NA,1,,,12,img5d7f3a801f158.jpg;img5d7f3a801f28e.jpg;img5de74560ab6eb.jpg;img5de74560ad782.jpg
1005,,Pot,,NA,0,,,8,img5d68fe0157e49.jpg;img5d6914e2a57b8.jpg;img5de8bf848f6a3.jpg;img5de8bf848fa2f.jpg
1006,,Lizard,,NA,0,rept,e,12,img5dee2b75c23bf.jpg;img5dee2b75c262e.jpg;img5dee2b75c277c.jpg;img5dee2b75c2b00.jpg
1007,,Blindfold,,NA,2,,,14,img5e004f07182b1.jpg;img5e004f0718965.jpg;img5e004f0728732.jpg;img5e0456e41bf16.jpg
1008,,Field,,NA,0,,,10,img5d78fa2e2b5a0.jpg;img5d78fa2e2b9ea.jpg;img5d78fa2e2bc9c.jpg;img5df1fa211de81.jpg
1009,,Watermelon,,NA,0,,,16,img5d760e446dd17.jpg;img5dd5364f4b3ed.jpg;img5de22faee16d0.jpg;img5dea27a633287.jpg
1010,,Meeting,,NA,1,confrc,,12,img5d8b66679b8c9.jpg;img5d8c43a9f13dc.jpg;img5d8b66679b105.jpg;img5dea4de71de07.jpg
1011,,Drill,,NA,0,to,,12,img5dd24c89d12db.jpg;img5dfb65d72ea51.jpg;img5dfb65d72eb23.jpg;img5dfb65d72ef67.jpg
1012,,Crop,,NA,0,,,8,img5d7c72056573b.jpg;img5ddced76877b9.jpg;img5dfb6ae0a6d62.jpg;img5dfb6ae0a701b.jpg
1013,,Feminine,,NA,2,woabut,y,12,img5d763cd3843ce.jpg;img5d7a118c4ed3b.jpg;img5de7931ea5a0e.jpg;img5de7931ea5bf9.jpg
1014,,Bubble,,NA,0,,,12,img5d6903d9100c5.jpg;img5d6920a02d9e8.jpg;img5d7c8718eade2.jpg;img5d6a11f13a483.jpg
1015,,Green,,NA,0,,,12,img5d78f057bb032.jpg;img5d78f057bb435.jpg;img5d690cd1b8fd8.jpg;img5d6923161018f.jpg
1016,,Birthmark,,NA,1,,,14,img5dfb129a551d1.jpg;img5dfb129a5531a.jpg;img5e004880d642d.jpg;img5e004880db17b.jpg
1017,,Animal,,NA,0,,,12,img5d76169860ebb.jpg;img5db03cd8b4e19.jpg;img5dde425c27ecd.jpg;img5de8fa3ee1c92.jpg
1018,,Ketchup,,NA,0,sa,,12,img5dee3844c4217.jpg;img5dee3844c549a.jpg;img5dee394242772.jpg;img5dee3a8a2a649.jpg
1019,,Roar,,NA,1,,,10,img5d6d1a725ad02.jpg;img5dfc822987768.jpg;img5e2e730f77c92.jpg;img5e2e74a0a871e.jpg
1020,,Fiber,,NA,0,,,10,img5d78ecd25f1d1.jpg;img5d78ecd25f354.jpg;img5d78ecd25f525.jpg;img5d78ecd25f82b.jpg
1021,,Dragonfly,,NA,0,isect,,14,img5dfc744185f17.jpg;img5dfc744186095.jpg;img5dfc744186149.jpg;img5dfc744186324.jpg
1022,,Audience,,NA,1,row,,12,img5df334a1deace.jpg;img5d725d47271ba.jpg;img5dfc86b383120.jpg;img5dfc86b3831ff.jpg
1023,,Graph,,NA,0,st,,10,img5d7b8eaeae414.jpg;img5de7923631734.jpg;img5e045abe3f29f.jpg;img5e045abe3f494.jpg
1024,,Needle,,NA,0,,,12,img5d76138991a90.jpg;img5ddd27ed78f5a.jpg;img5dea4a75132cb.jpg;img5dea4a7513375.jpg
1025,,Mining,,NA,2,,,12,img5d78f807b10a2.jpg;img5d78f929a523f.jpg;img5d787ce6cf5a9.jpg;img5e2e7718bfb71.jpg
1026,,Slap,,NA,0,,,8,img5d6a0aea1aa60.jpg;img5dee20ad735bb.jpg;img5dee20ad737da.jpg;img5dee20ad738f7.jpg
1027,,Drone,,NA,0,cam,,12,img5d6d167a20094.jpg;img5de7c0cd6bebb.jpg;img5de7c0cd6c286.jpg;img5de7c0cd6c5b3.jpg
1028,,Emergency,,NA,1,alt,,14,img5daef62730cec.jpg;img5dee4498405bd.jpg;img5dee4498408d7.jpg;img5e0ef221e5d62.jpg
1029,,Peanut,Groundnut,NA,0,,,12,img5d6e44583078e.jpg;img5de7bb4820882.jpg;img5de7bb48209ad.jpg;img5de7bb4820da6.jpg
1030,,Shape,,NA,0,,,8,img5dfc94922273d.jpg;img5dfc949222972.jpg;img5dfc949222df3.jpg;img5e045c2a77073.jpg
1031,,Fisheye,,NA,2,,,12,img5def3b56bc146.jpg;img5def3b56bc243.jpg;img5def3b56bdbac.jpg;img5e0ef326038e6.jpg
1032,,Pest,,NA,0,,,8,img5de6619ea5699.jpg;img5def4a59ee068.jpg;img5def4a59ee349.jpg;img5def4a5a00dcf.jpg
1033,,Aquatic,,NA,1,,,12,img5e2e888743939.jpg;img5e2e888743c4e.jpg;img5e2e890a6e491.jpg;img5d76201f76b63.jpg
1034,,Vowels,,NA,1,,,12,img5def682a1cff1.jpg;img5def682a1d261.jpg;img5def682a1d346.jpg;img5def682a1f33b.jpg
1035,,Flash,,NA,0,ig,t,10,img5de918dd4b544.jpg;img5e0ef2bc67cde.jpg;img5e2e7b1d0a21f.jpg;img5e6b6b7eaf6d1.jpg
1036,,Rose,,NA,0,,,8,img5dbbc430a21ef.jpg;img5dd5018b71de8.jpg;img5de8ed8383abf.jpg;img5e0f0292c538a.jpg
1037,,Coffin,,NA,2,,,12,img5da1615407a4d.jpg;img5ddfb608e8b16.jpg;img5de8edd8d38f9.jpg;img5de9150da31c5.jpg
1038,,Pal,,NA,0,grou,,8,img5ddf524b1e449.jpg;img5de8fa3ee18df.jpg;img5de8fa3ee20fd.jpg;img5e06e561f3bbb.jpg
1039,,Camera,,NA,0,lik,,14,img5d6d1cdf7b82c.jpg;img5d75ff8965c2c.jpg;img5d8b09791b7f6.jpg;img5d8b0979238d1.jpg
1040,,Meter,,NA,1,,,12,img5de0eea90e7b9.jpg;img5df215503ec76.jpg;img5dfcb38bc4604.jpg;img5dfcb38bc4a29.jpg
1041,,Babysitter,,NA,0,,,12,img5e0058ec0dff3.jpg;img5e0058ec0e137.jpg;img5e0058ec0e293.jpg;img5e0058ec0e7e0.jpg
1042,,Microwave,,NA,0,,,14,img5e259e2dcb41a.jpg;img5e259f6cd08e2.jpg;img5e259f6cd7afa.jpg;img5e393406aeefc.jpg
1043,,Hatch,,NA,1,egg,,12,img5da076ad660fb.jpg;img5dfca3b055f2d.jpg;img5dfca3b055feb.jpg;img5dfca3b05938b.jpg
1044,,Children,,NA,0,,,12,img5d70e96ba2029.jpg;img5d84d392d04d9.jpg;img5d836b7d59fe1.jpg;img5de779c322f24.jpg
1045,,Boat,,NA,0,,,10,img5d9f17f74e6b7.jpg;img5d9f17f74e8b4.jpg;img5d9f17f74ea1a.jpg;img5d9f17f74ebf2.jpg
1046,,Glitter,,NA,2,,,12,img5dfc9dce55e4e.jpg;img5dfc9dce55ff2.jpg;img5dfc9dce56270.jpg;img5dfc9dce5637d.jpg
1047,,Seesaw,,NA,0,,,14,img5dfcbb85b9512.jpg;img5dfcbb85b9aa1.jpg;img5dfcbb85b9b78.jpg;img5dfcbb85b9f86.jpg
1048,,Alligator,,NA,0,,,12,img5dee5223d39cc.jpg;img5dee5223d3b6f.jpg;img5dee5223d3f67.jpg;img5dee5223d435f.jpg
1049,,Ceiling,,NA,1,,,12,img5daadf0b31026.jpg;img5dfcc0522aa92.jpg;img5dfcc0522adc3.jpg;img5dfcc0522aeec.jpg
1050,,Truck,,NA,0,,,10,img5d8b0e3165e5b.jpg;img5de90817b40fa.jpg;img5de90817b9924.jpg;img5de90817b9a4c.jpg
1051,,Wash,,NA,0,clen,,12,img5d888506cb4c2.jpg;img5d888506cb9a3.jpg;img5d888506cbd26.jpg;img5def8c3dd0281.jpg
1052,,Teapot,,NA,0,,,10,img5def925e196f1.jpg;img5def925e19a37.jpg;img5def925e19c99.jpg;img5def925e19d7c.jpg
1053,,Eggplant,,NA,2,bri,j,14,img5e00775b755db.jpg;img5e00775b7576b.jpg;img5e00775b75825.jpg;img5e00775b75b1a.jpg
1054,,Ship,,NA,0,boa,t,10,img5dde14531f7cb.jpg;img5dee414a012c8.jpg;img5dee414a1fc74.jpg;img5dee414a1fdb6.jpg
1055,,Pen,,NA,0,,,8,img5d690d56b583e.jpg;img5d70dc1d9cc9a.jpg;img5d8f1b25602e0.jpg;img5d9194381e1a1.jpg
1056,,Ceramic,,NA,1,,,12,img5dee1e24e92dd.jpg;img5e0081feb095b.jpg;img5e0081feb0cfd.jpg;img5e0081feb0e93.jpg
1057,,Marker,,NA,0,,,10,img5e0089faa1668.jpg;img5e0089faa1744.jpg;img5e0089faa17d7.jpg;img5e0089faa1bd2.jpg
1058,,Straw,,NA,0,,,12,img5da6fb89bf01d.jpg;img5dee463a818b3.jpg;img5dee463a81e00.jpg;img5e6b6ce2451a9.jpg
1059,,Treatment,,NA,2,hrp,y,14,img5dd8f47207b4c.jpg;img5de24d913c996.jpg;img5dfb614425b39.jpg;img5e01a2b376da1.jpg
1060,,Twin,,NA,0,,,8,img5df09653d8e1b.jpg;img5dfb4c0f7c322.jpg;img5e0096b835e9e.jpg;img5e0096b835f4c.jpg
1061,,Diaper,,NA,0,by,,10,img5e009cffed936.jpg;img5e009cffed9fa.jpg;img5e009cffedd76.jpg;img5e009cffee06c.jpg
1062,,Creator,,NA,1,,,12,img5df0e3aa63939.jpg;img5e009252637cf.jpg;img5e0092526396c.jpg;img5e00925263acc.jpg
1063,,Jeans,,NA,0,di,m,10,img5d7206b988338.jpg;img5ddbca358f4b9.jpg;img5def97476c29f.jpg;img5dfb1f2434145.jpg
1064,,Post,,NA,0,,,10,img5de0dae233e17.jpg;img5df87a304918f.jpg;img5e00adcc4e971.jpg;img5e00adcc4ebaa.jpg
1065,,Interest,,NA,1,,,12,img5e01dba7f086a.jpg;img5e01dd59067c4.jpg;img5e01e7d915703.jpg;img5e01e7d915822.jpg
1066,,Paddle,,NA,0,,,12,img5e00b572a48a4.jpg;img5e00b572a49a5.jpg;img5e00b572a4e57.jpg;img5e00b572a4f54.jpg
1067,,Mango,,NA,0,,,14,img5de8e2dd0269f.jpg;img5de8e2dd0291b.jpg;img5de8e2dd02a8a.jpg;img5e0f059427297.jpg
1068,,Clip,,NA,0,,,12,img5d70b99c8057e.jpg;img5d70b99c80a2b.jpg;img5d70b99c80be4.jpg;img5d70b99c80fce.jpg
1069,,Frisbee,,NA,2,,,14,img5e01a9400e109.jpg;img5e01a9400e38f.jpg;img5e01a9400e451.jpg;img5e01a9400e7b2.jpg
1070,,Kitten,,NA,0,cas,,10,img5d776c3aa3523.jpg;img5daede49e9ef0.jpg;img5dea1db8b6a15.jpg;img5dea4d18b4205.jpg
1071,,Bed,,NA,0,,,12,img5d7243d82e15e.jpg;img5d70da5f16b8e.jpg;img5de0b52441f6c.jpg;img5de0b52442287.jpg
1072,,Brace,,NA,0,,,12,img5d91aea18443d.jpg;img5d91aea184763.jpg;img5d91aea1848a3.jpg;img65c4a2b08ea57.jpg
1073,,Periscope,,NA,1,t,l,14,img5de75cc3e8692.jpg;img5de75cc3ec550.jpg;img5de75cc3eeeff.jpg;img5de75cc3eef84.jpg
1074,,Play,,NA,0,gam,e,8,img5d6d03bd8b443.jpg;img5d6d03bd8b544.jpg;img5d6d03bd8bc53.jpg;img5ddf8d698b3db.jpg
1075,,Passport,,NA,0,,,12,img5df9f14b7717a.jpg;img5e01b1525f020.jpg;img5e01b152b5efd.jpg;img5e01b152c01d0.jpg
1076,,Japan,,NA,1,,,10,img5e01b99c3b988.jpg;img5e01b99c571eb.jpg;img5e01b99c5745e.jpg;img5e01b99c5759b.jpg
1077,,Athlete,,NA,0,Spo,r,12,img5d91bf7d74d94.jpg;img5de753f8b69f6.jpg;img5de753f8b6c3b.jpg;img5de9ff2d3cba7.jpg
1078,,Repair,,NA,0,,,12,img5d690165dcdc5.jpg;img5d8341473e861.jpg;img5d8f25c799820.jpg;img5dad9e73aeafa.jpg
1079,,Sandstone,,NA,2,mu,i,14,img5e032cfe57cdd.jpg;img5e0719729efd4.jpg;img5e0719729f0ef.jpg;img5e0719729f31a.jpg
1080,,Nail,,NA,0,h,d,8,img5d6f3ce5b4c5f.jpg;img5de76f219d065.jpg;img5dea1280b703d.jpg;img5dea1280bb9e9.jpg
1081,,Juice,,NA,0,Glas,s,12,img5d761dfaceeab.jpg;img5db0329a7a8db.jpg;img5dc3efdbbc3ba.jpg;img5de21344e8736.jpg
1082,,Blueprint,,NA,1,,,14,img5df078aca9a64.jpg;img5dfb7191ab5a3.jpg;img5dfb7191ab76a.jpg;img5dfb75224d58e.jpg
1083,,Snowball,,NA,0,,,14,img5dee58e4de775.jpg;img5dee58e4de999.jpg;img5dee58e4deaa0.jpg;img5dee58e4def39.jpg
1084,,Mall,,NA,0,,,8,img5de77df94d8e7.jpg;img5de77df94d9ea.jpg;img5de77df94dd4c.jpg;img5de77df94df8b.jpg
1085,,Beeswax,,NA,1,cnd,l,12,img5de782c5e65fd.jpg;img5de782c5e683e.jpg;img5de782c5e6d0a.jpg;img5dea1813f1ce7.jpg
1086,,Pitch,,NA,0,,,8,img5dd639509563a.jpg;img5de789c89e5f3.jpg;img5de789c89e784.jpg;img5df1fa211de81.jpg
1087,,Carton,,NA,0,pkg,e,10,img5d6ce92319e90.jpg;img5de78f8d4b69e.jpg;img5de78f8d4b837.jpg;img5de78f8d4ba99.jpg
1088,,Pirate,,NA,2,,,12,img5e0b0856f2f2e.jpg;img5e25a648ab9bb.jpg;img5e25a648abc5d.jpg;img5e25a648abcfe.jpg
1089,,Glue,,NA,0,,m,8,img5d6920a02dbc0.jpg;img5de79c16acc4c.jpg;img5de79c16acdd7.jpg;img5df1fcbb8424c.jpg
1090,,Justice,,NA,0,,,10,img5d7ba4817e60d.jpg;img5de7a0cdb8d7c.jpg;img5de7a0cebe8b0.jpg;img5dea1b466cdf1.jpg
1091,,Navigate,,NA,1,,,14,img5de89d276c2ef.jpg;img5de89d276c3a5.jpg;img5de89d276c606.jpg;img5de89d276c6b5.jpg
1092,,Cargo,,NA,0,,,12,img5de63f7b7b1e1.jpg;img5de7ab3f7b05d.jpg;img5de7ab3f7b11b.jpg;img5de7ab3f7b469.jpg
1093,,Bowl,,NA,0,,,8,img5d6d1d8b3ada6.jpg;img5dea1db8b6678.jpg;img5dea1db8b6789.jpg;img5df1cd6d8fbfe.jpg
1094,,Therapist,,NA,1,y,,14,img5de612300750d.jpg;img5de6123007a61.jpg;img5dede9b3bc03b.jpg;img5dfb614425c23.jpg
1095,,Weight,,NA,0,av,y,12,img5de669a388a77.jpg;img5de669a38902c.jpg;img5de669a389112.jpg;img5df22580c78b6.jpg
1096,,Flamingo,,NA,0,,,12,img5da076ad65c1b.jpg;img5de895383567f.jpg;img5de89538358cf.jpg;img5de8953835d69.jpg
1097,,Chili,,NA,0,sp,y,10,img5dea351676f55.jpg;img5dea351677069.jpg;img5dea351677265.jpg;img5dea351677743.jpg
1098,,Abacus,,NA,2,,,12,img5d8b0ba719210.jpg;img5de7857f6b9d2.jpg;img5de7a6e699eb4.jpg;img5de7a6e69a2e3.jpg
1099,,Pipe,,NA,0,,,8,img5de8ba6475356.jpg;img5de8ba6475450.jpg;img5de8ba647554e.jpg;img5de8ba6475876.jpg
1100,,Keypad,,NA,0,buto,n,12,img5ddf670964f0f.jpg;img5ddf6709650a0.jpg;img5ddf670965345.jpg;img5da5b6ee91b68.jpg
1101,,Childhood,,NA,1,ren,,14,img5d836b7d59fe1.jpg;img5de5f1b3f0feb.jpg;img5d78caf75e951.jpg;img5d69077237615.jpg
1102,,Tall,,NA,0,hi,g,10,img5d70d74552de6.jpg;img5d70d74552fc0.jpg;img5d70d74553135.jpg;img5dfc6038dd606.jpg
1103,,Summer,,NA,0,,,8,img5d789d41e6ec8.jpg;img5d779597116fa.jpg;img5d7f8b0f80d5f.jpg;img5dfc65a228ce4.jpg
1104,,Present,,NA,1,gift,,12,img5d68f5ab301bb.jpg;img5daaaf7d6c9b2.jpg;img5df0be4d7736c.jpg;img5dfc7370ad89d.jpg
1105,,Cobra,,NA,0,snk,e,10,img5dad98f7059e6.jpg;img5e004d2a4f94b.jpg;img5e004d2a513b2.jpg;img5e0051d31c8f2.jpg
1106,,Exercise,,NA,0,fn,t,14,img5d7f593e6cd1f.jpg;img5d83425f412e8.jpg;img5dd4fe8e77917.jpg;img5dd4fe8e7e567.jpg
1107,,Pearl,,NA,2,j,w,12,img5dd665486a95d.jpg;img5df0969c66e20.jpg;img5df0969c670a5.jpg;img5df0969c672fd.jpg
1108,,Shark,,NA,0,,,10,img5e01e8876094e.jpg;img5e01e88760cfb.jpg;img5e01e88760ec0.jpg;img5e01e88760f54.jpg
1109,,Pad,,NA,0,,,8,img5e01f02eedab9.jpg;img5e01f02eedbf3.jpg;img5e01f172d1556.jpg;img5e02e71a6bba1.jpg
1110,,Cyclone,,NA,1,strm,,14,img5e04609a2fb36.jpg;img5d8cab4c98cf6.jpg;img5d8b0d79e7803.jpg;img5e0adb9884da2.jpg
1111,,Lawn,,NA,0,grs,,10,img5dbffa6dc039c.jpg;img5d8b6526db7ac.jpg;img5d78fa2e2b9ea.jpg;img5def5aecaaa05.jpg
1112,,Sauce,,NA,0,,,10,img5e072f2f1df2f.jpg;img5e072f2f1e30e.jpg;img5e072f2f1e46b.jpg;img5e072f2f1e7ba.jpg
1113,,Toss,,NA,2,fli,p,12,img5da43de280ab8.jpg;img5da43de280c36.jpg;img5da43de2823a5.jpg;img5da43de2826bd.jpg
1114,,Statue,,NA,0,,,12,img5d79da1aefdaf.jpg;img5dee4079223d7.jpg;img5dee407922567.jpg;img5dee407922936.jpg
1115,,Blade,,NA,0,cut,,10,img5d81f4d3dc9ce.jpg;img5e0450815b430.jpg;img5e0450815f640.jpg;img5e0450815f73d.jpg
1116,,Control,,NA,1,,,12,img5d6d03bd8bc53.jpg;img5db168d14702a.jpg;img5de516f76abdc.jpg;img5e0343efd5fed.jpg
1117,,Dirt,,NA,0,u,s,8,img5d78822e4e77a.jpg;img5d78822e5082f.jpg;img5d78822e51ef1.jpg;img5d78822e55130.jpg
1118,,Receiver,,NA,0,sgnal,,12,img5df4c5a0cb8f2.jpg;img5df87a3048ebf.jpg;img5e06e17c2e5eb.jpg;img5e06ecfc62945.jpg
1119,,Media,,NA,1,,,12,img5de8969e45653.jpg;img5de8a2fda3337.jpg;img5e01ff66efc4e.jpg;img5e01ff66eff86.jpg
1120,,Moonlight,,NA,0,,,14,img5d8f35380ecbf.jpg;img5d6cfba0b2c3a.jpg;img5e184c0ed8e94.jpg;img5e184c0ed90af.jpg
1121,,Pistachio,,NA,0,,,14,img5dee43010e764.jpg;img5dee43010e8bb.jpg;img5dee43010e997.jpg;img5dee43ece4154.jpg
1122,,Boundary,,NA,1,e,,12,img5ddf95c088735.jpg;img5ddf95c0890a1.jpg;img5ddf95c089390.jpg;img5e02ecbee77f9.jpg
1123,,Slow,,NA,0,,,8,img5d75ea7e1331c.jpg;img5e02109130085.jpg;img5e02109130224.jpg;img5e030058aedd9.jpg
1124,,Jar,,NA,0,,,10,img5d776d85a0998.jpg;img5daacf1d3c0b7.jpg;img5ddfb9e1e3149.jpg;img5def7af0d53fe.jpg
1125,,Target,,NA,2,,,12,img5d6e39423ab31.jpg;img5db03725523cf.jpg;img5e0208c8e4fa8.jpg;img5e020b8cad05a.jpg
1126,,Pulse,,NA,0,har,t,10,img5da5b7bad0302.jpg;img5e01d85973c8b.jpg;img5e01d85973d7a.jpg;img5e01d85974021.jpg
1127,,Sunflower,,NA,0,,,14,img5ddbbcb905f0d.jpg;img5e02f42a90bd6.jpg;img5e02f42a90e62.jpg;img5e02f42a90f50.jpg
1128,,Mist,,NA,1,fo,g,14,img5d789d41e708b.jpg;img5dfb4d736708f.jpg;img5e04795f93370.jpg;img5e04795f93700.jpg
1129,,Pepper,,NA,0,sic,,10,img5d787a6177fa5.jpg;img5df896ab9a2a2.jpg;img5e030637b5fc1.jpg;img5e030637cb679.jpg
1130,,Thorn,,NA,0,,,8,img5e030f4de18b1.jpg;img5d7cbda539908.jpg;img5e2ee3fd9a0aa.jpg;img5e2ee3fd9a210.jpg
1131,,Automobile,,NA,2,,,14,img5df32bd457357.jpg;img5d6d09fd4c733.jpg;img5d8b602d344dc.jpg;img5df078aca9a64.jpg
1132,,Fold,,NA,0,,,8,img5def97476c353.jpg;img5e03294ac5f21.jpg;img5e03294ac61d9.jpg;img5e03294ac6309.jpg
1133,,Desert,,NA,0,un,,10,img5d720adc783a0.jpg;img5dcd104bbac61.jpg;img5ddcd812470bb.jpg;img5e032cfe57db5.jpg
1134,,Jupiter,,NA,1,l,n,12,img5e185ae9ef41d.jpg;img5e185ae9ef62e.jpg;img5e185ae9ef6bc.jpg;img5e185ae9ef87e.jpg
1135,,Chart,,NA,0,,,8,img5d8f1b2560250.jpg;img5de792363199d.jpg;img5dea400fbc9a1.jpg;img5e0333030802a.jpg
1136,,Wall,,NA,0,,,12,img5d7f8aaa6c47b.jpg;img5d7f8aaa6c5b5.jpg;img5d7f8aaa6c880.jpg;img5d7f8aaa6c992.jpg
1137,,Peak,,NA,2,sumi,t,12,img5d787b293f52e.jpg;img5d787b293f6c9.jpg;img5d787b293f8d9.jpg;img5d787b293f96b.jpg
1138,,Necklace,,NA,0,,,12,img5dde557acabbe.jpg;img5df34d49ba986.jpg;img5e033a70e40b4.jpg;img5e033a70e4322.jpg
1139,,Guitar,,NA,0,,,14,img5d80df7bd5ac0.jpg;img5d8f45d537dc8.jpg;img5dc661764c30c.jpg;img5dee5cb2757c8.jpg
1140,,Telephone,,NA,0,,,14,img5d68fdb4d877e.jpg;img5da5b6ee91c35.jpg;img5ddf6709654c9.jpg;img5da03fc7dd5e9.jpg
1141,,Program,,NA,1,cde,,12,img5e074c903caa7.jpg;img5e0750a374b8b.jpg;img5e0750a374d43.jpg;img5e0752cda615e.jpg
1142,,Vacuum,,NA,0,,,10,img5d81f4d3dcfac.jpg;img5e098615759a7.jpg;img5e09861575c90.jpg;img5e0986157620d.jpg
1143,,Scrub,,NA,1,wah,,12,img5df87f367b55e.jpg;img5df87f367b639.jpg;img5e06eec5bf523.jpg;img5e06eec5bf5ca.jpg
1144,,Vampire,,NA,0,,,10,img5e01fb5210190.jpg;img5e01fb5210509.jpg;img5e01fb52105d1.jpg;img5e01fb5210741.jpg
1145,,Wipe,,NA,0,,,8,img5dfb50c63c1fd.jpg;img5e00604e5f65a.jpg;img5e0350f3b3c53.jpg;img5e0703add6119.jpg
1146,,Sunshine,,NA,2,,,12,img5dba779c72202.jpg;img5e3125d1da5d5.jpg;img5e3125d1daeda.jpg;img5e3125d1db4f9.jpg
1147,,Airbag,,NA,0,,,10,img5defa71808ac6.jpg;img5defa71808d0e.jpg;img5defa7180915d.jpg;img5defa718092a4.jpg
1148,,Basin,,NA,0,nk,,12,img5dbfbf5e258df.jpg;img5dbfbf5e29907.jpg;img5dbfbf5e29a79.jpg;img5dbff1932dcf6.jpg
1149,,Acrobatic,,NA,1,,,14,img5de753f8b6c3b.jpg;img5de753f8b6da9.jpg;img5e048be8c7fd6.jpg;img5e048be8c8153.jpg
1150,,Two,,NA,0,i,n,8,img5def986e6913a.jpg;img5def986e695f6.jpg;img5def986e69760.jpg;img5def986e699e3.jpg
1151,,Bump,,NA,0,,,10,img5e0494c392dbe.jpg;img5e0494c392e88.jpg;img5e0494c392f98.jpg;img5e0494c3932ca.jpg
1152,,Couple,,NA,0,v,r,12,img5d690c4fed8e4.jpg;img5d6f409b763aa.jpg;img5d6f409b765af.jpg;img5d6d1bad3d5c0.jpg
1153,,Lid,,NA,2,,,8,img5e04abed0a4c4.jpg;img5e04abed0a596.jpg;img5e04abed0aa3d.jpg;img5e04abed0ab00.jpg
1154,,Drop,,NA,0,,,10,img5d7221478fd17.jpg;img5d7221478fdc9.jpg;img5d7221478ff4f.jpg;img5d72214790290.jpg
1155,,Rough,,NA,0,,,12,img5d76198a3f88c.jpg;img5d76198a3fe90.jpg;img5d76198a40106.jpg;img5d7883cf27b8e.jpg
1156,,Compare,,NA,1,,,12,img5e0065c82329d.jpg;img5e05953266e2e.jpg;img5e0597e98d981.jpg;img5e0597e992c39.jpg
1157,,Fluffy,,NA,0,,,10,img5da8693daa247.jpg;img5d6d0a87e25f1.jpg;img5da8693daa584.jpg;img5e05a54e0b5cf.jpg
1158,,Interior,,NA,0,,,14,img5d7612c4d96e0.jpg;img5de4b1ffd1300.jpg;img5e007e7378e85.jpg;img5e10300a90bf4.jpg
1159,,Blank,,NA,2,empt,y,12,img5e030bcacf7d1.jpg;img5de4ecb241015.jpg;img5e05aaf193379.jpg;img5e05aaf19349b.jpg
1160,,Ache,,NA,0,pi,n,10,img5d6e06a3701dd.jpg;img5d6e06a37048a.jpg;img5d6e06a370698.jpg;img5d6e06a370997.jpg
1161,,Sunset,,NA,0,,,12,img5d691e43c6c9b.jpg;img5dce7e4a22ec8.jpg;img5e05b1fe5b802.jpg;img5e102f996ca24.jpg
1162,,Achieve,,NA,1,,,12,img5d8f28002ebec.jpg;img5dbc1881ddf47.jpg;img5df0e4270fa41.jpg;img5d6e38ea20ee3.jpg
1163,,Enter,,NA,0,,,8,img5d6928f307d48.jpg;img5e05cd18adea2.jpg;img5e05cd18ae049.jpg;img5e10325ff2d67.jpg
1164,,Team,,NA,0,,,12,img5d70bb29afbd2.jpg;img5d70bb29afd02.jpg;img5de267a20d49f.jpg;img5d8f28002e672.jpg
1165,,Bundle,,NA,2,c,h,10,img5de6619ea586c.jpg;img5e05da3102660.jpg;img5e05da3102784.jpg;img5e102abbd16b3.jpg
1166,,Youngster,,NA,0,,,14,img5de74ef85308c.jpg;img5d7a3028dfbf5.jpg;img5d6e0b41ee6e6.jpg;img5de650b2c68c2.jpg
1167,,Igloo,,NA,0,,,12,img5e0067e613113.jpg;img5e0067e613200.jpg;img5e0067e6132c4.jpg;img5e00690e79468.jpg
1168,,Exit,,NA,0,,,10,img5dee449840ada.jpg;img5e05ec9a01df2.jpg;img5e05ec9a02106.jpg;img5e05eda92e8ef.jpg
1169,,Biceps,,NA,2,mu,l,12,img5d70d58c226ee.jpg;img5d7f593e6cb3c.jpg;img5e05f805a0556.jpg;img5e05f805a0751.jpg
1170,,Decline,,NA,0,ra,s,12,img5dea400fbc7c7.jpg;img5dea400fbd088.jpg;img5e05f4f932cae.jpg;img5e05f4f936706.jpg
1171,,Owl,,NA,0,,,14,img5db016f2ecd1d.jpg;img5e05fc9711b09.jpg;img5e05fc971651c.jpg;img5e05fc97165b8.jpg
1172,,Album,,NA,0,Ph,t,12,img5e06f3bf61732.jpg;img5e06f3bf618dc.jpg;img5e06f3bf619c4.jpg;img5e06f3bf61b94.jpg
1173,,Type,,NA,1,,,12,img5d70f1d431948.jpg;img5dea0242c933b.jpg;img5e06fa2735cc2.jpg;img5e15a0e34e85e.jpg
1174,,Laptop,,NA,0,,,8,img5d6d167a231b1.jpg;img5dee11032689c.jpg;img5dee110326e75.jpg;img5dee11032c779.jpg
1175,,Treasure,,NA,0,ch,,10,img5da826f424f29.jpg;img5e07008c61132.jpg;img5e07008c6133b.jpg;img5e07008c61424.jpg
1176,,Brown,,NA,1,,,12,img5d7a272c9a69e.jpg;img5dedf136f39b2.jpg;img5dedf136f3bb7.jpg;img5dedf136f3c6f.jpg
1177,,Railway,,NA,0,,,12,img5de7ab3f7b1e5.jpg;img5dee0a002d99e.jpg;img5dee0a002dd16.jpg;img5def7e29d9820.jpg
1178,,Hair,,NA,0,,,10,img5d70b99c8108c.jpg;img5d7a457f7ee45.jpg;img5dd509aff1baf.jpg;img5df47a6b542a1.jpg
1179,,Parents,,NA,2,fmil,y,14,img5dde425c285cf.jpg;img5dc26f72b6bd6.jpg;img5ddf524b20308.jpg;img5df2087daad6b.jpg
1180,,Tortoise,,NA,0,,,12,img5dd665486ada2.jpg;img5dee32bb2e719.jpg;img5dee32bb2ea21.jpg;img5dee32bb2ebb6.jpg
1181,,Herbs,,NA,0,,,8,img5dee295b0c2b8.jpg;img5dee295b0c613.jpg;img5dee295b0c6d8.jpg;img5dee295b0c87f.jpg
1182,,Stability,,NA,1,nce,d,14,img5ddbb1d981a9e.jpg;img5ddbb1d981971.jpg;img5dee173f69d86.jpg;img5dee173f69f12.jpg
1183,,Vase,,NA,0,po,t,10,img5dee1e24e92dd.jpg;img5dee1e24e95f8.jpg;img5dee1e24e9de8.jpg;img5dee1e24e9f2c.jpg
1184,,Detective,,NA,0,,,12,img5def33f5282f0.jpg;img5def33f528469.jpg;img5def33f5284ec.jpg;img5def33f52c82a.jpg
1185,,Cashier,,NA,1,pymn,t,12,img5def40d2beb53.jpg;img5df4de119faaf.jpg;img5df4de119fd48.jpg;img5df4de119ff98.jpg
1186,,Float,,NA,0,swim,,10,img5dee437e93738.jpg;img5dee437e93817.jpg;img5dee437e93a28.jpg;img5dee437e93ad5.jpg
1187,,Sewing,,NA,0,tc,h,12,img5def29eab054d.jpg;img5def29eab0625.jpg;img5def29eab0700.jpg;img5def29eab1182.jpg
1188,,Hitchhiking,,NA,2,,,14,img5e312c556bc87.jpg;img5e312c556be1a.jpg;img5e312c556bf82.jpg;img5e312c556c563.jpg
1189,,Chimpanzee,,NA,0,,,14,img5def65bb9e110.jpg;img5def65bb9e4fc.jpg;img5def65bb9e5ad.jpg;img5def65bba3bf2.jpg
1190,,Garbage,,NA,0,ws,t,12,img5de8fb61d302f.jpg;img5de8fb61d35c7.jpg;img5def69e529851.jpg;img5def69e53036f.jpg
1191,,Oxygen,,NA,1,,,12,img5e0728ae1da89.jpg;img5e0728ae1db74.jpg;img5e0728ae1dccc.jpg;img5e0728ae1de9e.jpg
1192,,Torch,,NA,0,,,12,img5def8f682c14a.jpg;img5def8f682c2dd.jpg;img5def8f682c580.jpg;img5e6b73f83eeb9.jpg
1193,,Room,,NA,0,,,10,img5d70da5f16526.jpg;img5d70da5f16c6b.jpg;img5de0b52445ad9.jpg;img5de7a0cebe79c.jpg
1194,,Property,,NA,1,,,12,img5d8f32675984d.jpg;img5d75ebc559843.jpg;img5df090d5a6330.jpg;img5df090d5a63f9.jpg
1195,,Wallet,,NA,0,pouc,h,12,img5dc4083fbdf3b.jpg;img5df07fd931fdd.jpg;img5df07fd932376.jpg;img5df07fd9324e0.jpg
1196,,Toolbox,,NA,0,k,i,14,img5df079875ad35.jpg;img5df20d77aaf02.jpg;img5df4d0c324e7d.jpg;img5df4d0c324fea.jpg
1197,,Sweet,,NA,0,,,8,img5d8dba4f89a4b.jpg;img5dbab1885ff7d.jpg;img5ddf8d8d973ee.jpg;img5e6b7a1ced56b.jpg
1198,,Courtroom,,NA,2,jsie,,14,img5e00569b84ee4.jpg;img5e00569b851bd.jpg;img5e0060381e2f2.jpg;img5e0060381e481.jpg
1199,,Sail,,NA,0,bo,t,8,img5d72262552cc8.jpg;img5d72262552de6.jpg;img5d722625573cf.jpg;img5dee414a1fc74.jpg
1200,,Reflect,,NA,1,,,12,img5d78b9279fe18.jpg;img5dedf53be6493.jpg;img5de9fd910f553.jpg;img5dfc7c5015435.jpg
1201,,Garage,,NA,0,,,8,img5dad9e73ae70b.jpg;img5e099c9a4c2fa.jpg;img5e099c9a4c4b1.jpg;img5e099c9a4c586.jpg
1202,,Bulb,,NA,1,am,p,14,img5d7c7eb16ff41.jpg;img5e04745ecb39b.jpg;img5e06f881a14f0.jpg;img5e0ae88bcfa8d.jpg
1203,,Quiet,,NA,0,sl,n,12,img5dea541473482.jpg;img5e03199e2c7e0.jpg;img5e0ae4bd63796.jpg;img5e0ae4bd6392a.jpg
1204,,Payment,,NA,1,,,12,img5d6a1e2ea948e.jpg;img5d6d1334e9e3a.jpg;img5df4de11a018e.jpg;img5e0aecaa471f3.jpg
1205,,Calendar,,NA,0,,,14,img5df9ae8e5ba9a.jpg;img5e0aefe51fa28.jpg;img5e0aefe525210.jpg;img5e0aefe5252dc.jpg
1206,,Mobile,,NA,0,ph,n,12,img5d7892c7a3d8a.jpg;img5d8b10a7bd14d.jpg;img5d8f256b6a931.jpg;img5def906722ac3.jpg
1207,,Satellite,,NA,2,pc,,14,img5d690c8c8a54b.jpg;img5e0b045b2e94a.jpg;img5e0b045b2ec16.jpg;img5e0b045b2ecd8.jpg
1208,,Right,,NA,0,,,10,img5dbbcac4c317b.jpg;img5dbbcac4c781f.jpg;img5dbbcac4cb1c2.jpg;img5e53adbc93cd2.jpg
1209,,Kiwi,,NA,0,,,12,img5d78f057bb1f1.jpg;img5e0b0ab45f0ff.jpg;img5e0b0ab45f59e.jpg;img5e0b0ab45f72b.jpg
1210,,Package,,NA,1,,,10,img5df48c5bbaf77.jpg;img5daaaf7d6c766.jpg;img5de78f8d4b5df.jpg;img5def5fa9f0b65.jpg
1211,,Calculator,,NA,0,,,12,img5de74560ab576.jpg;img5e0b12038f022.jpg;img5e0b12038f198.jpg;img5e0b12038f26e.jpg
1212,,Fizzy,,NA,0,drn,k,8,img5da050a2dcf76.jpg;img5de7878e7e268.jpg;img5e0b1776793a9.jpg;img5e0b17767d428.jpg
1213,,Tulip,,NA,2,fowe,r,12,img5d75ebc559c64.jpg;img5e0d76312ca15.jpg;img5e0d763132abc.jpg;img5e0d763132b79.jpg
1214,,Sahara,,NA,0,de,t,8,img5dcd104bbac61.jpg;img5e0b1f48b0303.jpg;img5e0b1f48b0566.jpg;img5e0b1f48b0657.jpg
1215,,Pink,,NA,0,,,10,img5d691de966120.jpg;img5dd8de018b1f9.jpg;img5dfc9dce56415.jpg;img5e00a29340670.jpg
1216,,Nocturnal,,NA,1,,,12,img5e05fc9711c6f.jpg;img5dc8ffdec0771.jpg;img5e0995440c8c9.jpg;img5e0995440cb8a.jpg
1217,,Reptile,,NA,0,,,12,img5dad98f7059e6.jpg;img5dee2b75c251e.jpg;img5dee2b75c2a10.jpg;img5df88386669be.jpg
1218,,Umbrella,,NA,0,,,14,img5d6f8eec9693a.jpg;img5d7f849cdd40c.jpg;img5ddf7e04802e5.jpg;img5df35ba42c4c5.jpg
1219,,Italy,,NA,1,,,12,img5e0d7e2fc4e6b.jpg;img5e0d7e2fc53e3.jpg;img5e0d7e2fc549c.jpg;img5e0d810229a2a.jpg
1220,,Bill,,NA,0,,,8,img5e0d84660ea80.jpg;img5e0f17bba0fc1.jpg;img5e0f17bba1233.jpg;img5e1027af01e68.jpg
1221,,Checkmate,,NA,0,,,12,img5e0d8950178fb.jpg;img5e0d895017baa.jpg;img5e0d895017cfd.jpg;img5e0d8c23c146d.jpg
1222,,Valve,,NA,2,,,10,img5e0ecfd4e9f4f.jpg;img5e0ecfd4ea0f9.jpg;img5e0ecfd4ea3df.jpg;img5e0ecfd4ea8a5.jpg
1223,,Shore,,NA,0,bac,,10,img5dde145319384.jpg;img5df8b6ee8cdbc.jpg;img5e05d3a0d572b.jpg;img5e035d572145e.jpg
1224,,Law,,NA,0,,,8,img5d79e90e18202.jpg;img5de7a0cebec40.jpg;img5dfcbe149c2e1.jpg;img5da02507c0dbf.jpg
1225,,Playground,,NA,1,,,14,img5d6f3ec95d20e.jpg;img5e0daa2cde75c.jpg;img5e0daa2ce2a11.jpg;img5e0daa2ce2d60.jpg
1226,,Shave,,NA,0,,,12,img5de0dd750f42e.jpg;img5e0dad7f7c968.jpg;img5e0dad7f7cb14.jpg;img5e0dad7f7cd3b.jpg
1227,,Parachute,,NA,0,skydivi,ng,14,img5d70dd4472151.jpg;img5e0db090c4e60.jpg;img5e0db090c5685.jpg;img5e0db090c58cc.jpg
1228,,Connect,,NA,1,,,12,img5d8f2b9cdd765.jpg;img5d8f2b9cdd8e8.jpg;img5dd5364f4ab82.jpg;img5dadc453024c4.jpg
1229,,Tickle,,NA,0,,,8,img5e0ecc606e598.jpg;img5e0f136d6f1ee.jpg;img5e0f136d6f3ac.jpg;img5e0f136d6f777.jpg
1230,,Remove,,NA,0,,,12,img5df87fb06db40.jpg;img5df87fb06dc45.jpg;img5e0d953c4e4e7.jpg;img5e0d953c4e628.jpg
1231,,Classroom,,NA,2,,,14,img5d79f283ddd24.jpg;img5dbd473884bb7.jpg;img5dbd47388504e.jpg;img5df0b833ad4f2.jpg
1232,,Game,,NA,0,,,10,img5d6904b178543.jpg;img5d8b10a7bce4e.jpg;img5dc3f16f2e299.jpg;img5de26fceaa841.jpg
1233,,Column,,NA,0,Pia,r,10,img5dfb09e0291fb.jpg;img5e0edc984c6e1.jpg;img5e0edc984c7f3.jpg;img5e0edc984c989.jpg
1234,,Healthy,,NA,1,,,12,img5df32d8d83f7f.jpg;img5e0ee3b6d1dd4.jpg;img5e0ee3b6d1ea5.jpg;img5e0ee45ca28fd.jpg
1235,,Spicy,,NA,0,,,10,img5dea351677743.jpg;img5e030637cba80.jpg;img5e0ee7f79bd37.jpg;img5e0ee7f79bed8.jpg
1236,,Caffeine,,NA,0,,,12,img5d70da045dc20.jpg;img5d8dbc5631810.jpg;img5ddd22232dcaa.jpg;img5e03509c622ce.jpg
1237,,Salmon,,NA,2,,,10,img5e0eed821fc16.jpg;img5e0eed8224b2b.jpg;img5e0eed8224bfa.jpg;img5e0eed8224cd9.jpg
1238,,Marathon,,NA,0,,,12,img5d8f40f6993bf.jpg;img5e0efd977ccbf.jpg;img5e0efd977ce77.jpg;img5e0efd977d194.jpg
1239,,Romance,,NA,0,,,12,img5e0ef9d7201dc.jpg;img5e0ef9d720514.jpg;img5e0ef9d720a97.jpg;img5d6f409b76e72.jpg
1240,,Level,,NA,1,,,12,img5d761083bb851.jpg;img5d9eec6e1fb12.jpg;img5d9eec6e1fd18.jpg;img5d9eec6e1fe9c.jpg
1241,,Warm,,NA,0,,,8,img5e034e3cb35f3.jpg;img5e06e22c55f92.jpg;img5e0f04fd3f249.jpg;img5e0f04fd3f3e3.jpg
1242,,Ribbon,,NA,0,,,12,img5d80b367c92a7.jpg;img5dccf33bad3d3.jpg;img5e0de25338b95.jpg;img5e0f07ca1ad0f.jpg
1243,,Haunted,,NA,1,,,14,img5d6f47f671ac2.jpg;img5d6f47f671ea1.jpg;img5de2407e20388.jpg;img5e03324c1278c.jpg
1244,,Optician,,NA,0,,,10,img5e1087707914e.jpg;img5e108770791fa.jpg;img5e108a2db350f.jpg;img5e108a2db371f.jpg
1245,,Tile,,NA,0,,,10,img5d71072661f08.jpg;img5e07270ccbf37.jpg;img5d7107266204a.jpg;img5e0f2b02225e1.jpg
1246,,Auditorium,,NA,2,,,14,img5d70b52118b2f.jpg;img5e0f00cfd319c.jpg;img5e0f00cfd335d.jpg;img5e0f00cfd361b.jpg
1247,,Blazer,,NA,0,,,10,img5e0dd77eb6a97.jpg;img5e0f2f9f64565.jpg;img5e0f2f9f67a91.jpg;img5e0f2f9f67b84.jpg
1248,,Jug,,NA,0,,,8,img5e0f327455abd.jpg;img5e0f327455c27.jpg;img5e0f327455d83.jpg;img5e0f327455e52.jpg
1249,,Hairstyle,,NA,1,,,12,img5dd509aff3101.jpg;img5d7884f4d05f5.jpg;img5dd509aff3329.jpg;img5de21a2a57ef8.jpg
1250,,Process,,NA,0,,,10,img5df078aca9924.jpg;img5e0dc15db40ca.jpg;img5e0dc15db4199.jpg;img5e104bb24868b.jpg
1251,,Save,,NA,0,,,12,img5e0737e42efcd.jpg;img5e102f148f1d0.jpg;img5e102f148f291.jpg;img5e140c02e6f09.jpg
1252,,Glossy,,NA,0,hi,n,10,img5dfc9dce56270.jpg;img5dea1280b703d.jpg;img5dde4ff9a323b.jpg;img5e103b4dba67f.jpg
1253,,Pouch,,NA,2,rs,e,10,img5ddbca358f289.jpg;img5e1018f312431.jpg;img5e1018f31267c.jpg;img5e1018f312732.jpg
1254,,Fill,,NA,0,,,10,img5dd3e112af6c9.jpg;img5ddba53c5ef75.jpg;img5dede948edc86.jpg;img5df7420819dbd.jpg
1255,,Hen,,NA,0,,,8,img5e1051834b87b.jpg;img5e1051834bb48.jpg;img5e1051834bc52.jpg;img5e1051834bd14.jpg
1256,,Restaurant,,NA,1,,,14,img5de24a521e344.jpg;img5df890f0e755f.jpg;img5df890f0e7653.jpg;img5e046d8ac3684.jpg
1257,,Stomach,,NA,0,,,12,img5dbbf2bf649e9.jpg;img5dbfcfc42e8fc.jpg;img5e047308e9318.jpg;img5d9ecc66a6093.jpg
1258,,Chess,,NA,0,,,10,img5d8b67dc3113e.jpg;img5dc3f16f2e0b2.jpg;img5e10553482b84.jpg;img5e10553482cfb.jpg
1259,,Bullet,,NA,2,,,12,img5d70dae8bccc5.jpg;img5e105e1c3becb.jpg;img5e105e1c3c030.jpg;img5e105e1c3c41a.jpg
1260,,Face,,NA,0,,,10,img5d7f23ca2d27e.jpg;img5d7f23ca2d77d.jpg;img5d7f23ca2d8f1.jpg;img5d7f23ca2db7e.jpg
1261,,Separate,,NA,0,d,t,12,img5df22a05d210b.jpg;img5e10587f5de3c.jpg;img5e10587f5e0e9.jpg;img5e10587f5e48a.jpg
1262,,Compact,,NA,1,,,12,img5e106346dcf41.jpg;img5e106346dd17a.jpg;img5e106346dd219.jpg;img5e327c4811791.jpg
1263,,Tight,,NA,0,,,8,img5df9e3692c92b.jpg;img5df9e3692cbe0.jpg;img5de8ba6475b0c.jpg;img5e1070d421b7f.jpg
1264,,Antique,,NA,0,v,g,14,img5d7f9141baa39.jpg;img5d8b0fd3e174a.jpg;img5daadf0b2b932.jpg;img5df0e3aa62fd1.jpg
1265,,Obstacle,,NA,1,r,i,14,img5d91bf7d7bd82.jpg;img5dfb21a31b699.jpg;img5e10788703b5d.jpg;img5e107887041b7.jpg
1266,,Toothpick,,NA,0,,,12,img5d78cf6075fb4.jpg;img5df7219331003.jpg;img5df72193312e3.jpg;img5df7219331549.jpg
1267,,Spark,,NA,0,,,12,img5d83425f40f87.jpg;img5d9194381dcf1.jpg;img5d68f28946d55.jpg;img5e107efab5763.jpg
1268,,Walk,,NA,0,,,10,img5d6d09fd4c9ab.jpg;img5da47d09a6c0b.jpg;img5e0ad2ab51f3c.jpg;img5d7a457f7efc5.jpg
1269,,Dive,,NA,2,,,10,img5dbc1881ddd88.jpg;img5d7221478f8d6.jpg;img5e10747db9c42.jpg;img5e10747db9f38.jpg
1270,,Petals,,NA,0,,,10,img5df756fc8327c.jpg;img5e12c45d36f64.jpg;img5e12c45d3b6dc.jpg;img5e12c45d3b7f9.jpg
1271,,One,,NA,0,,,8,img5e12ceab36ddb.jpg;img5e12ceab37321.jpg;img5d79cc64847d6.jpg;img5e311c01b01bc.jpg
1272,,Puppy,,NA,0,,,12,img5d722392adae6.jpg;img5dccea1f07c35.jpg;img5ddcfc26a599d.jpg;img5e10232c6b7ec.jpg
1273,,Command,,NA,1,,,10,img5e0b0485b2617.jpg;img5e035b0aede8c.jpg;img5e12ddff4c261.jpg;img5e26922b0e062.jpg
1274,,Windmill,,NA,0,,,12,img5d68f4a4dc590.jpg;img5d8b6b22652f5.jpg;img5e12e2f89f027.jpg;img5e12e2f89f512.jpg
1275,,Seat,,NA,0,,,8,img5d7618ffebc22.jpg;img5d78caf75cc18.jpg;img5db038ee28309.jpg;img5dee213108c4b.jpg
1276,,Bookstore,,NA,1,,,14,img5d80df7bd5896.jpg;img5da70b2733bad.jpg;img5e12efae20894.jpg;img5e12efae20eb2.jpg
1277,,Check,,NA,0,,,10,img5d77a413342aa.jpg;img5dde49fe8f2a6.jpg;img5ddf8bc164991.jpg;img5df356a9cc351.jpg
1278,,Thrill,,NA,0,,,8,img5dd5281586e5f.jpg;img5dd528158ad42.jpg;img5df32021de0a9.jpg;img5df32021de178.jpg
1279,,Cursor,,NA,2,,,10,img5e12fea414228.jpg;img5e12fea4166cc.jpg;img5e12fea4187a5.jpg;img5e1303b42c849.jpg
1280,,Leak,,NA,0,dri,p,8,img5dad9e73ae687.jpg;img5df33bd2df07c.jpg;img5df33bd2df212.jpg;img5df33bd2df2a0.jpg
1281,,Pluck,,NA,0,i,,10,img5d690799722a8.jpg;img5df47a6b542a1.jpg;img5df47a6b5442d.jpg;img5df8cc53a7ceb.jpg
1282,,Leather,,NA,1,,,12,img5d7ce3ecedc0e.jpg;img5df711bebadc1.jpg;img5df711bec32b2.jpg;img5df711bec5c25.jpg
1283,,Dinosaur,,NA,0,,,12,img5de62e2fb1277.jpg;img5df71a093d132.jpg;img5df71a093d1f9.jpg;img5df71a093d61b.jpg
1284,,Tournament,,NA,0,cp,i,14,img5d8f28002e94d.jpg;img5d8f28002ebec.jpg;img5d70e96ba2029.jpg;img5df334a1dee63.jpg
1285,,Profile,,NA,1,,,12,img5df873aa39a99.jpg;img5df873aa39da9.jpg;img5df873aa3a08d.jpg;img5df873aa3a2d5.jpg
1286,,Test,,NA,0,,,10,img5dc67619cea08.jpg;img5de9f493131ad.jpg;img5df31b872597f.jpg;img5df31b8725b1e.jpg
1287,,Crispy,,NA,0,,,12,img5de6340e2acce.jpg;img5df775f81c027.jpg;img5df775f81c8a8.jpg;img5df775f81ca26.jpg
1288,,Telescope,,NA,2,r,i,12,img5df87fafcdace.jpg;img5df87fafcdb74.jpg;img5df87fafcdc0f.jpg;img5df87fafcdd63.jpg
1289,,Pendulum,,NA,0,,,14,img5de4dc7e82a64.jpg;img5de4dc7e82be0.jpg;img5df8605e74d89.jpg;img5df867e728912.jpg
1290,,Tailor,,NA,0,,,10,img5def29eab0625.jpg;img5e1307f5ec59f.jpg;img5e1307f5ec777.jpg;img5e1307f5ec958.jpg
1291,,Builder,,NA,1,,,12,img5d7f8aaa6c334.jpg;img5ddfc40561c4b.jpg;img5ddfc40563955.jpg;img5df0cb741e451.jpg
1292,,Scoop,,NA,0,,,12,img5df896ab99c4f.jpg;img5df896ab99fa2.jpg;img5df896ab9a340.jpg;img5df896ab9a518.jpg
1293,,Week,,NA,0,,,10,img5df8d445969de.jpg;img5df9eea72e2ef.jpg;img5df9eea72e529.jpg;img5e0474a23dc0c.jpg
1294,,Reminder,,NA,1,,,12,img5df89df6aa458.jpg;img5df89df6aa6df.jpg;img5df89df6aac39.jpg;img5df89df6aaee9.jpg
1295,,Cattle,,NA,0,,,10,img5d89fd066c1f7.jpg;img5e131197f3931.jpg;img5e131197f3afc.jpg;img5e131197f3d6d.jpg
1296,,Pressure,,NA,0,,,12,img5de0eea90ab48.jpg;img5df8ae0e48af6.jpg;img5df8ae0e48e66.jpg;img5df377f915cd0.jpg
1297,,Skirt,,NA,2,,,10,img5e1316e42cea9.jpg;img5e1316e42cf5f.jpg;img5e1316e42d193.jpg;img5e1316e42d26a.jpg
1298,,Junk,,NA,0,,,8,img5d70dae8bd26b.jpg;img5de8ba6475be0.jpg;img5d6f3ce5b3e0d.jpg;img5df8b5e56e6c3.jpg
1299,,Bandage,,NA,0,,i,12,img5de6251c5e05f.jpg;img5df8bd19e9254.jpg;img5df8bd19e92e2.jpg;img5df8bddcb5039.jpg
1300,,Slice,,NA,0,,,12,img5d7f652f0b11e.jpg;img5ddb7a6450988.jpg;img5dea5a00803ac.jpg;img5df8a8901712b.jpg
1301,,Sense,,NA,1,,,12,img5d8dbc5631982.jpg;img5e004f0718965.jpg;img5e0061bf26ba9.jpg;img5e1424f63cf66.jpg
1302,,Wood,,NA,0,,,10,img5d691a07457e6.jpg;img5d691a0745b51.jpg;img5df4c484bb0d4.jpg;img5e0487764e310.jpg
1303,,Jaguar,,NA,0,leop,d,12,img5de8d6d1c8be0.jpg;img5de8d6d1c8dc7.jpg;img5de8d6d1c9156.jpg;img5e101b7683b2f.jpg
1304,,Elastic,,NA,1,rub,e,14,img5dc6748881747.jpg;img5dc6748881ba6.jpg;img5d8dbdbc5686b.jpg;img5e10280d952da.jpg
1305,,Bunny,,NA,0,rai,t,10,img5dd776db00a41.jpg;img5de1fd4d7a1f0.jpg;img5df9e6084bae8.jpg;img5e10311c236e3.jpg
1306,,Ornament,,NA,0,dci,,14,img5d8b6aa44351d.jpg;img5d8b6aa44780e.jpg;img5e12bd61b6357.jpg;img5e12bd61ba07c.jpg
1307,,Muffler,,NA,2,wintsca,,14,img5dde3ebbe1686.jpg;img5e10768906397.jpg;img5e107689064d6.jpg;img5e10768906b7f.jpg
1308,,Tear,,NA,0,cy,,10,img5d6d01f6993c4.jpg;img5e10644dd0ce7.jpg;img5e10644dd1269.jpg;img5e159ce8db994.jpg
1309,,Phone,,NA,0,mbi,l,12,img5d8f256b6a931.jpg;img5ddf6709654c9.jpg;img5df4880d4af3b.jpg;img5e04745ecad93.jpg
1310,,Storeroom,,NA,1,wah,u,14,img5d79dc815fd14.jpg;img5e00c1215f096.jpg;img5dea4622e7717.jpg;img5e10598d64a67.jpg
1311,,Refinery,,NA,0,,,10,img5d7a13dab8751.jpg;img5de63f7b7eca2.jpg;img5e107d68bc22b.jpg;img5e107d68bc519.jpg
1312,,Money,,NA,0,,,12,img5d70b3e0acec8.jpg;img5df4de119faaf.jpg;img5df8945447ae8.jpg;img5e0d7e2fc549c.jpg
1313,,Handcraft,,NA,2,md,e,14,img5d77a26429a80.jpg;img5da01deb933d0.jpg;img5e033451aaae0.jpg;img5d8f38f91ff89.jpg
1314,,Spider,,NA,0,,,12,img5da052a350c46.jpg;img5dde05db9e022.jpg;img5dde05db9e3b5.jpg;img5dde05dba7ceb.jpg
1315,,Helicopter,,NA,0,,,14,img5e108d6194444.jpg;img5e108d619a257.jpg;img5e108d619a30c.jpg;img5e108d619a426.jpg
1316,,Laundry,,NA,1,wshi,g,14,img5d764efbaa97d.jpg;img5df236cc6ab69.jpg;img5df238504490c.jpg;img5e12c55e3d29f.jpg
1317,,Fork,,NA,0,,,8,img5d9eed43af89e.jpg;img5d9eed43afc59.jpg;img5dcd45f646004.jpg;img5dcd45f64649f.jpg
1318,,Alphabet,,NA,0,,,12,img5d8cacdf2cd89.jpg;img5d8cacdf2d2b2.jpg;img5dd8e2eb4b078.jpg;img5dfc629daa8a7.jpg
1319,,Point,,NA,1,,,12,img5dde8cef37bc0.jpg;img5df0c07679edc.jpg;img5df1cac88c49d.jpg;img5e12dace0911f.jpg
1320,,Yawn,,NA,0,,,10,img5e12e4e2f2be5.jpg;img5e12e4e2f2c91.jpg;img5e12e4e2f324a.jpg;img5e12e4e2f37b4.jpg
1321,,Newspaper,,NA,0,,,14,img5de8f4c17a8a0.jpg;img5dee162fa4de1.jpg;img5dee162fa941e.jpg;img5e12f466aaf1e.jpg
1322,,Dishcloth,,NA,2,,,14,img5e144dab2a439.jpg;img5de24a5219a94.jpg;img5de24a522120f.jpg;img5de24a5221e9c.jpg
1323,,Wolf,,NA,0,dg,,12,img5dfc6b5094329.jpg;img5e0eda9583840.jpg;img5e130269b36ae.jpg;img5e130269bd25e.jpg
1324,,Dig,,NA,0,work,,10,img5dc4034c3e2b9.jpg;img5e1309eb009d1.jpg;img5e130a9ea96ff.jpg;img5e130b2751534.jpg
1325,,Pasture,,NA,1,g,z,12,img5d89fd066c0c1.jpg;img5dfc920de5d92.jpg;img5e1312c3324a0.jpg;img5e1312c332591.jpg
1326,,Sweep,,NA,0,cla,n,12,img5d8882b195834.jpg;img5d8882b1959b7.jpg;img5d8882b195a82.jpg;img5df239b14ed60.jpg
1327,,Mousetrap,,NA,0,,,14,img5d779802535ab.jpg;img5e131d1c9beeb.jpg;img5e131d1ca098a.jpg;img5e131d1ca1a08.jpg
1328,,Vote,,NA,1,,,10,img5dc1058ba6a12.jpg;img5dc1058ba6e58.jpg;img5e1322b15d643.jpg;img5e1322b15ef1e.jpg
1329,,Winter,,NA,0,so,,12,img5d691de966423.jpg;img5d78cecd84768.jpg;img5dee58e4dee2f.jpg;img5e10768906397.jpg
1330,,Decay,,NA,0,rot,n,8,img5e132c724c32c.jpg;img5e132c724c409.jpg;img5e15aa4e88f2d.jpg;img5e15aa4e893fa.jpg
1331,,Ruby,,NA,2,,,8,img5d6cf6db42153.jpg;img5e18174bc22d8.jpg;img5e18174bc2755.jpg;img5e18174bc28c1.jpg
1332,,Supervisor,,NA,0,,,14,img5e16cbfc0f2fa.jpg;img5e16cbfc0f5be.jpg;img5e16cbfc0f71a.jpg;img5e16ee0f6d284.jpg
1333,,Violin,,NA,0,,,12,img5d6f5a03c5333.jpg;img5dde6869e7e4a.jpg;img5dde6869e7f51.jpg;img5dde6869e8095.jpg
1334,,Negative,,NA,1,rfus,,12,img5dbad48795e9e.jpg;img5dbad48799aac.jpg;img5de65c2c3b67d.jpg;img5e180f1ce44ec.jpg
1335,,Solar,,NA,0,,,10,img5de4b1ffd17e0.jpg;img5e0f0e45aca3e.jpg;img5e1812d9e2460.jpg;img5e1812d9e25f6.jpg
1336,,Pump,,NA,0,,,12,img5dede948edb4a.jpg;img5e13227128d96.jpg;img5e13227133ce3.jpg;img5e1322713ebb2.jpg
1337,,Groom,,NA,2,Bid,e,12,img5de4f9c3838dc.jpg;img5e1421729a03c.jpg;img5e142172a270d.jpg;img5e6b3e0d345ce.jpg
1338,,Salesman,,NA,0,,,12,img5e1329e4234ab.jpg;img5e1414633b258.jpg;img5e14146349ff4.jpg;img5e1414634a12c.jpg
1339,,Weapon,,NA,0,,,10,img5d68f5ab305c2.jpg;img5d6cb0597ece7.jpg;img5dd4e5c8486dc.jpg;img5dfb114a5e34d.jpg
1340,,Horoscope,,NA,1,,,14,img5df77a5f02b9a.jpg;img5df764f30366f.jpg;img5df72b849f0a9.jpg;img5e132fde6ec41.jpg
1341,,Pray,,NA,0,,,8,img5d6904b178737.jpg;img5dd62901c9153.jpg;img5dd62901c9250.jpg;img5def597f7c552.jpg
1342,,Shepherd,,NA,0,,,12,img5dc1241703f97.jpg;img5e141a473c474.jpg;img5e141a4753e88.jpg;img5e141a4772bc4.jpg
1343,,Gourmet,,NA,1,,,12,img5e26924e6129f.jpg;img5e26924e61729.jpg;img5e26924e61870.jpg;img5e26924e6192d.jpg
1344,,Tractor,,NA,0,,,12,img5db28e432d6eb.jpg;img5dede1dd891c2.jpg;img5e142513dcbd1.jpg;img5e142513e2b46.jpg
1345,,Path,,NA,0,,,8,img5d6e61cb09cb5.jpg;img5d836b7d5e2c0.jpg;img5dd8de018b925.jpg;img5e032cfe57fa2.jpg
1346,,Graffiti,,NA,2,,,12,img5d76159ac5c89.jpg;img5dc157b9f2a53.jpg;img5de894d3e00e1.jpg;img5e184eeb08c17.jpg
1347,,Polish,,NA,0,,,10,img5d78d02b0195a.jpg;img5e1432b10de78.jpg;img5e181d4d3bcec.jpg;img5e181d4d3c070.jpg
1348,,Touch,,NA,0,,,12,img5d70f1d431aaf.jpg;img5dfb5292ada4c.jpg;img5e0f4195706be.jpg;img5e0061bf26ba9.jpg
1349,,Memory,,NA,1,,,12,img5de0e78f0c541.jpg;img5e06f70db1ca4.jpg;img5e12fe5f2adb3.jpg;img5e106346dcf41.jpg
1350,,Big,,NA,0,tal,,8,img5d6a11f13a017.jpg;img5d6a11f13a278.jpg;img5d6a11f13a483.jpg;img5e06f46571cf1.jpg
1351,,Hook,,NA,0,,,8,img5d6f3fdd64e42.jpg;img5e12dace08ea2.jpg;img5e14529e0c7ee.jpg;img5e14529e0c952.jpg
1352,,Market,,NA,0,,,12,img5dde25b12e2d0.jpg;img5dde25b12ec99.jpg;img5dea400fbd088.jpg;img5e145617c77e7.jpg
1353,,Strap,,NA,2,,,10,img5e328c0236129.jpg;img5e328c0236a41.jpg;img5e328c0236ce1.jpg;img5d78df2150d7f.jpg
1354,,Navy,,NA,0,,,8,img5d70bb29af787.jpg;img5d8a26b643ad0.jpg;img5d8a26b643c98.jpg;img5e145b45e601c.jpg
1355,,Hot,,NA,0,ea,,12,img5d6d0bd732cc3.jpg;img5d6d0bd733065.jpg;img5d6d0bd7333c6.jpg;img5da08bead9b1d.jpg
1356,,Cranberry,,NA,1,,,12,img5e145ed8e1dc3.jpg;img5e145ed8e1fdd.jpg;img5e145ed8e21af.jpg;img5e145ed8e25d8.jpg
1357,,Trumpet,,NA,0,,,10,img5e103b4dba382.jpg;img5e14668a3757a.jpg;img5e14668a37700.jpg;img5e14668a3795b.jpg
1358,,Preserve,,NA,0,,,12,img5e1470fa5a881.jpg;img5de4b408ef90c.jpg;img5de4b408ef9e7.jpg;img5e15aacb78c47.jpg
1359,,Frock,,NA,2,De,s,10,img5e0f289e43f3f.jpg;img5e146ab85d1c2.jpg;img5e146ab85d36c.jpg;img5e146ab85d479.jpg
1360,,Melt,,NA,0,,,8,img5e1475b3d5d60.jpg;img5e1475b3d6135.jpg;img5e1475b3d6329.jpg;img5e1475b3d6487.jpg
1361,,Sunray,,NA,0,,,10,img5dcd2a297154f.jpg;img5d7f8b0f80e2b.jpg;img5d7f8b0f8111a.jpg;img5e147a6d4228b.jpg
1362,,Vanilla,,NA,1,,,10,img5e147eee418cd.jpg;img5e147eee41c1a.jpg;img5e147eee41d4d.jpg;img5e147eee4208e.jpg
1363,,Zebra,,NA,0,,,14,img5d760e446de90.jpg;img5e15617d6fd57.jpg;img5e15617d6ffdc.jpg;img5e15617d70126.jpg
1364,,Lime,,NA,0,,,12,img5e1571459da4d.jpg;img5e6c80f08cee9.jpg;img5e6c80f08e2a0.jpg;img5e6c80f08e50a.jpg
1365,,Operation,,NA,1,,,12,img5d8b41fb0842d.jpg;img5d8b41fb08503.jpg;img5dd378266765a.jpg;img5e157628eb92e.jpg
1366,,Dental,,NA,0,,,10,img5d89ef5466b5d.jpg;img5d91aea184763.jpg;img5e01a2b376acc.jpg;img5e1577ad2fc17.jpg
1367,,Salad,,NA,0,,,12,img5d70b3ddd3b28.jpg;img5e049a8d0cb76.jpg;img5e0dc04748f97.jpg;img5e157c16badb6.jpg
1368,,Lamb,,NA,0,,,12,img5dbffa6dc06e5.jpg;img5e157f5416f48.jpg;img5e157f54569ab.jpg;img5e157f5457066.jpg
1369,,Mercury,,NA,2,,,14,img5e158f1b17aa3.jpg;img5e1837d10a3bc.jpg;img5e1837d1130d7.jpg;img5e3279a74132d.jpg
1370,,Formal,,NA,0,,,8,img5d6d18b7d4b45.jpg;img5e12d8c343924.jpg;img5e15921565d1f.jpg;img5e15921566078.jpg
1371,,Win,,NA,0,,,10,img5d6e38ea20ee3.jpg;img5d6e39423ad5e.jpg;img5df0e4270fa41.jpg;img5db03e0e2a6fe.jpg
1372,,Under,,NA,0,,,12,img5e12f7f2af265.jpg;img5e12fba3d94c2.jpg;img5e12fba3d9a3a.jpg;img5e12fd5e131c3.jpg
1373,,Ride,,NA,1,,,12,img5d75ea7e139c1.jpg;img5d91bf7d7c10e.jpg;img5de7878033a6f.jpg;img5dc14da052b08.jpg
1374,,Number,,NA,0,,,10,img5d7240df595ee.jpg;img5ddf6709650a0.jpg;img5e0f134dd4019.jpg;img5e101a79f39c2.jpg
1375,,Pedicure,,NA,0,,,12,img5de23bad8f909.jpg;img5e102a6558e63.jpg;img5e102adbaa180.jpg;img5e10345a91e7d.jpg
1376,,April,,NA,1,,,8,img5dfcca8c87ceb.jpg;img5e103a42f3b1b.jpg;img5e103a42f3e08.jpg;img5e1042e895fbf.jpg
1377,,Fortune,,NA,0,,,12,img5dfb37345ab2a.jpg;img5df8da7e7ac7a.jpg;img5e1053bceb350.jpg;img5df72b849f0a9.jpg
1378,,Lake,,NA,0,pon,d,12,img5d70ddf7cc170.jpg;img5e105ac744937.jpg;img5e105ac744a97.jpg;img5e105c59df8a4.jpg
1379,,Robot,,NA,2,,,12,img5db16821aa652.jpg;img5db16821ab4c1.jpg;img5db16821ace90.jpg;img5df0e3aa63a90.jpg
1380,,Notebook,,NA,0,,,12,img5e1061e28d3fc.jpg;img5e106291e7539.jpg;img5e10654c291cd.jpg;img5e10654c2930a.jpg
1381,,Dough,,NA,0,,,10,img5d7200a40f570.jpg;img5e106f6aa3c73.jpg;img5e106f6aa3f3b.jpg;img5e106f6aa4321.jpg
1382,,Newyork,,NA,1,,,12,img5e1074a024476.jpg;img5e1077346d96f.jpg;img5e1078d036799.jpg;img5e1079d382557.jpg
1383,,Hand,,NA,0,,,10,img5d6d0b0a6d216.jpg;img5d6d0b0a6d476.jpg;img5d6d0b0a6da99.jpg;img5d7a30652bc74.jpg
1384,,Graveyard,,NA,0,cm,t,14,img5d8f3787a3ddd.jpg;img5de758e34d941.jpg;img5de758e34db61.jpg;img5de758e34de89.jpg
1385,,Moisture,,NA,1,,,12,img5dbab0ab3c11b.jpg;img5e10928913a89.jpg;img5e10928913bf3.jpg;img5e10928913e8f.jpg
1386,,Match,,NA,0,,,10,img5d690c86e59bb.jpg;img5d6cf677d2bb5.jpg;img5d6e61cb0a1dd.jpg;img5d6cff6c9ef25.jpg
1387,,Papaya,,NA,0,,,14,img5e108866ae951.jpg;img5e108866aea56.jpg;img5e108d1e2e670.jpg;img5e108f0404254.jpg
1388,,Monitor,,NA,2,,,12,img5df8a9b97c246.jpg;img5da5b7bad0082.jpg;img5e14842bd09de.jpg;img5dea400fbd088.jpg
1389,,Instrument,,NA,0,c,,12,img5d6905d07124c.jpg;img5d6905d0717ca.jpg;img5e06ff768ca36.jpg;img5d70f92c87d95.jpg
1390,,Pyramid,,NA,0,tne,gl,10,img5d78b9279fcfc.jpg;img5d78b9279fe18.jpg;img5dd535098e664.jpg;img5dd535098eaac.jpg
1391,,Choose,,NA,1,l,t,12,img5e12d8c343a68.jpg;img5e12d8c343d40.jpg;img5e12d8c34418a.jpg;img5e12d8c3442f3.jpg
1392,,Drink,,NA,0,wat,e,8,img5d68fa4493d0a.jpg;img5d7b8205d262a.jpg;img5dc3efdbbc3ba.jpg;img5df31de1b8e27.jpg
1393,,Page,,NA,0,,,10,img5da053abad1a7.jpg;img5d68f9c7b1fa9.jpg;img5e12c66da7467.jpg;img5e12c66da7533.jpg
1394,,School,,NA,1,,,12,img5d78caf75bb21.jpg;img5d78caf75e951.jpg;img5e03470d4d980.jpg;img5dfc927ac0e5b.jpg
1395,,Cricket,,NA,0,,,14,img5d690c86e59bb.jpg;img5d7201996559a.jpg;img5dd66572b81e3.jpg;img5e1301a7d4f8c.jpg
1396,,Horseshoe,,NA,0,,,12,img5de4a64db6408.jpg;img5e13128962e7d.jpg;img5e131555ed26b.jpg;img5e131555ed477.jpg
1397,,Congratulate,,NA,0,eb,,14,img5e12e149b7dc5.jpg;img5e12e25107ae4.jpg;img5e12e71e02745.jpg;img5e12f2a3bbb69.jpg
1398,,Mustard,,NA,2,,,8,img5e1718c508b5a.jpg;img5e171965c8588.jpg;img5e171a7070282.jpg;img5e171c91796c8.jpg
1399,,Stop,,NA,0,,,8,img5d6902a1ef4ec.jpg;img5dcc0974a7c96.jpg;img5dcc0974a7e2c.jpg;img5e035b0aee280.jpg
1400,,Cheetah,,NA,0,,,12,img5d70dae8bcb6f.jpg;img5ddd130ccd83e.jpg;img5ddd130ccea97.jpg;img5ddd130cceee3.jpg
1401,,Scrap,,NA,0,we,k,12,img5d70dde22ce3b.jpg;img5d7f7af028aa4.jpg;img5e17093ac6ee2.jpg;img5e170bd6556a1.jpg
1402,,Idol,,NA,1,,,14,img5d691cf1e8e6b.jpg;img5dee407922567.jpg;img5e1711fca1031.jpg;img5e1712c7ee99b.jpg
1403,,Residence,,NA,0,buglo,w,14,img5e188c7f709e8.jpg;img5e188c7f710c2.jpg;img5e21410ec1858.jpg;img5e21410ec1faa.jpg
1404,,Casino,,NA,1,gmbl,e,14,img5d71fd0db1bd0.jpg;img5d761aba0b884.jpg;img5e17205bbca7b.jpg;img5e17205bbcef4.jpg
1405,,Sheep,,NA,0,,,10,img5d76169860ebb.jpg;img5dfa14cbaa9d1.jpg;img5e157f54170c6.jpg;img5e157f545673a.jpg
1406,,Vineyard,,NA,0,,,12,img5e17242f002b5.jpg;img5e17259260a57.jpg;img5e1727e11672f.jpg;img5e17285edfd01.jpg
1407,,Grinder,,NA,2,,,12,img5e17358357db1.jpg;img5e1736194602a.jpg;img5e17361946124.jpg;img5e2000b10df20.jpg
1408,,Hole,,NA,0,,,10,img5d6fb5bce6d5d.jpg;img5e17312535b1e.jpg;img5e173125369bc.jpg;img5e17312536b23.jpg
1409,,Plate,,NA,0,dish,,12,img5df87f367b55e.jpg;img5d6d013bb4639.jpg;img5e172dff6e959.jpg;img5e172dff6ea61.jpg
1410,,Sensitive,,NA,1,,,12,img5e10644dd0ce7.jpg;img5d6d1d2f816a6.jpg;img5e18851268fe4.jpg;img5e188649b94f6.jpg
1411,,Tricycle,,NA,0,b,,10,img5e17378ba9c28.jpg;img5e17378ba9d3b.jpg;img5e17378bac493.jpg;img5e17378bac639.jpg
1412,,Octagonal,,NA,0,,,12,img5e1806279c4cb.jpg;img5e1809847db71.jpg;img5e2a83eae63d6.jpg;img5e2a83eae6588.jpg
1413,,Bookmark,,NA,2,,,12,img5e184f69569ee.jpg;img5e184fefa7061.jpg;img5e184fefa724b.jpg;img5e2015c4e50ea.jpg
1414,,Bitter,,NA,0,,,10,img5e18220b2787f.jpg;img5e18220b2b04c.jpg;img5e1823e81b390.jpg;img5e1825fb1796d.jpg
1415,,Gap,,NA,0,,,8,img5dcd26cf48d07.jpg;img5dcd26cf514f4.jpg;img5e18714db96b9.jpg;img5e045098ea6fc.jpg
1416,,Germany,,NA,1,,,12,img5dde5b693ec06.jpg;img5e183cf8e3451.jpg;img5e183cf8e3550.jpg;img5e183eb38950c.jpg
1417,,Trip,,NA,0,o,u,10,img5df0d2c08629a.jpg;img5df0d2c085fbb.jpg;img5e074e7ca1727.jpg;img5df0d2c086424.jpg
1418,,Click,,NA,0,tou,h,12,img5ddccd2c2c36f.jpg;img5e12fea4166cc.jpg;img5df8d0d5d0785.jpg;img5ddfac6878274.jpg
1419,,Stage,,NA,1,,,14,img5e04745ecb215.jpg;img5d77884dc21b7.jpg;img5e74537060fd4.jpg;img65c35aa97cff9.jpg
1420,,Deck,,NA,0,,,8,img5e33bcf2ed9f2.jpg;img5e33bcf2ee0ed.jpg;img5e33bcf2ee257.jpg;img5e33bcf2ee47a.jpg
1421,,Bubblegum,,NA,0,,,12,img5df1ef609bff7.jpg;img5d6920a02dad3.jpg;img5e187f69358d8.jpg;img5e187f6935a91.jpg
1422,,Pinch,,NA,2,,,10,img5e1869f1c5bec.jpg;img5e1887c86c7f1.jpg;img5e20131d30a16.jpg;img5e20131d30dc6.jpg
1423,,Line,,NA,0,,,10,img5da433e99eb75.jpg;img5ddce78734edb.jpg;img5def597f7c9b5.jpg;img5e6c76a18b31e.jpg
1424,,Pea,,NA,0,,,12,img5e10232c6b65d.jpg;img5e1876d11bc91.jpg;img5e188b240c53c.jpg;img5e188bd976f08.jpg
1425,,Combine,,NA,1,,,12,img5de4c782aeeae.jpg;img5d69227bd4c1a.jpg;img5dfc6da76f408.jpg;img5e0ed642479a6.jpg
1426,,Precaution,,NA,0,sfy,,14,img5de2541cdccb0.jpg;img5de2541cde143.jpg;img5d76173a9cec6.jpg;img5d78cd6245131.jpg
1427,,Jackknife,,NA,0,,,14,img5e187408c9c38.jpg;img5e187408c9e5f.jpg;img5e33c064cbbe4.jpg;img5e33c279700fb.jpg
1428,,Female,,NA,1,but,y,12,img5d68fdb4d888d.jpg;img5dd632972d0bf.jpg;img5dd91ad6c13d9.jpg;img5e1856c23e9e4.jpg
1429,,Peel,,NA,0,,,8,img5d7881420bc1f.jpg;img5d8069dc0e78a.jpg;img5e0d953c4e628.jpg;img5e185a4949ad6.jpg
1430,,Crash,,NA,0,,,12,img5defa71809043.jpg;img5df8a59c484e6.jpg;img5e187e838e40e.jpg;img5e187e838e4c7.jpg
1431,,Grade,,NA,2,pot,,12,img5dbbcac4cb2ed.jpg;img5e18821d04c2a.jpg;img5e18821d04ed4.jpg;img5e18821d04fd8.jpg
1432,,Load,,NA,0,,,10,img5dc3ee16eead4.jpg;img5df4d5f0637a3.jpg;img5e030058aedd9.jpg;img5e1881e7ccda5.jpg
1433,,Beverage,,NA,0,dink,,14,img5d7a25972dd10.jpg;img5ddf605c8caa1.jpg;img5dd632972d004.jpg;img5e09869a9e134.jpg
1434,,Renovation,,NA,1,,,14,img5e18869c3eeb9.jpg;img5e18869c3efb6.jpg;img5e18869c45133.jpg;img5e18869c452de.jpg
1435,,Attach,,NA,0,,,10,img5df8cc6786b49.jpg;img5e18778d2fe0f.jpg;img5e18778d2feb4.jpg;img5e18778d3012e.jpg
1436,,Pulp,,NA,0,,,12,img5df8a8901728a.jpg;img5e159882161b2.jpg;img5e15988216366.jpg;img5e15988216445.jpg
1437,,Virus,,NA,2,,,12,img5dd4dcd92c76a.jpg;img5e15ccfdde41b.jpg;img5e33c662cedb4.jpg;img5e33c662d273e.jpg
1438,,Headache,,NA,0,,,12,img5e15b87114161.jpg;img5e15b8711421e.jpg;img5e15b87114439.jpg;img5e15b871145df.jpg
1439,,Stopwatch,,NA,0,,,14,img5e15bff8c5c1c.jpg;img5e15bff8c5cde.jpg;img5e15bff8c5d8c.jpg;img5e15c17598348.jpg
1440,,Greece,,NA,1,,,8,img5e1ff6d87e683.jpg;img5e1ff6d87e80b.jpg;img5e1ff6d87eba7.jpg;img5e1ff6d87ec89.jpg
1441,,Club,,NA,0,,,10,img5d6903af49294.jpg;img5dfb60af813d1.jpg;img5d7222616ff2e.jpg;img5e15c5f272ee6.jpg
1442,,Bathrobe,,NA,0,,,12,img5e15c8c7a39ed.jpg;img5e18293d70830.jpg;img5e18293d70ad1.jpg;img5e18293d70c07.jpg
1443,,Collect,,NA,1,,,14,img5dfa3d7157687.jpg;img5de4da0c9f28d.jpg;img5e15aacb79079.jpg;img5e15aacb7920a.jpg
1444,,Speaker,,NA,0,,,12,img5dad93e6a570e.jpg;img5de4af2a49c7f.jpg;img5df9fa002ab9e.jpg;img5dfb455747351.jpg
1445,,Lead,,NA,0,,,8,img5d7a3e7112de0.jpg;img5d8dae3f9abb7.jpg;img5de65881317b4.jpg;img5e15d5d8d9983.jpg
1446,,Collar,,NA,2,,,12,img5e16d3d3e80db.jpg;img5e16e429edb57.jpg;img5e16e429edc68.jpg;img5e16e429edd7a.jpg
1447,,Velvet,,NA,0,,,10,img5e16bb6e746df.jpg;img5e33ca5e92364.jpg;img5e33ca5e92566.jpg;img5e33cb06137a5.jpg
1448,,Swing,,NA,0,,,12,img5df1de6801dec.jpg;img5e16c19c8db6a.jpg;img5e16c19c8dd7e.jpg;img5e16c19c8df42.jpg
1449,,Buttercup,,NA,1,,,12,img5e16c66f81907.jpg;img5e16c66f819bc.jpg;img5e16c66f81ab3.jpg;img5e16c66f81d04.jpg
1450,,Pan,,NA,0,,,10,img5ddcfe75d3211.jpg;img5e16cbb42e1ba.jpg;img5e16cbb42e4f4.jpg;img5e16cbb42e65a.jpg
1451,,Soak,,NA,0,,,8,img5dfb43c405b12.jpg;img5de49f12d9a07.jpg;img5e16d175d781b.jpg;img5e16d175d7a41.jpg
1452,,Genetics,,NA,0,,,12,img5dde84bb40a38.jpg;img5e16b59f48beb.jpg;img5e16b59f48e3b.jpg;img5e16b59f48f92.jpg
1453,,Range,,NA,1,,,12,img5df35cc72b79c.jpg;img5e05d2151b42b.jpg;img5e16e7fd6bb2e.jpg;img5e16e7fd6bc3f.jpg
1454,,Reel,,NA,0,,o,8,img5e16e9d1db686.jpg;img5e16e9d1db84f.jpg;img5e16e9d1dbc82.jpg;img5e16e9d1dbd18.jpg
1455,,Cub,,NA,0,a,y,8,img5d6e129838d98.jpg;img5d6e12983912b.jpg;img5d6e12983933c.jpg;img5ddd130cceee3.jpg
1456,,Spectrum,,NA,1,,,12,img5e18473b60598.jpg;img5e33d54da1d36.jpg;img5e33d54da1ef2.jpg;img5e33d54da217b.jpg
1457,,Student,,NA,0,,,12,img5de4f9c383a4b.jpg;img5dee140d1e1bc.jpg;img5def597f7c552.jpg;img5e03470d4db28.jpg
1458,,Three,,NA,0,,,10,img5ddbaadee6f6f.jpg;img5ddd1836564a9.jpg;img5de4b40900800.jpg;img5d68f734be390.jpg
1459,,Braid,,NA,2,,,10,img5e16f5c7dae83.jpg;img5e16f5c7daf5f.jpg;img5e16f5c7db2bf.jpg;img5e16f5c7db398.jpg
1460,,Leap,,NA,0,ju,m,10,img5d691d8111334.jpg;img5e16fb9184617.jpg;img5e16fb918c935.jpg;img5e16fb918c9fd.jpg
1461,,Safari,,NA,0,,,12,img5d84d392cf33b.jpg;img5e16ff50634ef.jpg;img5e16ff5063b73.jpg;img5e16ff5064204.jpg
1462,,Display,,NA,1,cre,n,12,img5d7b5a6a21f70.jpg;img5d8b10a7bcf6b.jpg;img5d8b10a7bd1f8.jpg;img5dfc69c2b96b5.jpg
1463,,Wiper,,NA,0,,,12,img5e0350f3b3c53.jpg;img5e1707ee4830f.jpg;img5e1707ee48519.jpg;img5e1707ee48687.jpg
1464,,Harvest,,NA,0,,,14,img5e171e073a77f.jpg;img5e171e074152b.jpg;img5e171e07416d3.jpg;img5e171e074196e.jpg
1465,,Affection,,NA,1,,,12,img5d6d18b7d4df7.jpg;img5dd8de018b5cf.jpg;img5ddd0ec3c2902.jpg;img5dfa0831623fa.jpg
1466,,Listen,,NA,0,har,,12,img5df896450c246.jpg;img5dfc69c2b8d9d.jpg;img5e17117307016.jpg;img5e1711730b550.jpg
1467,,Floss,,NA,0,,,8,img5e1577ad2fc17.jpg;img5e17173769bc9.jpg;img5e1722b76c96b.jpg;img5e1722b76cec1.jpg
1468,,Coin,,NA,0,,,10,img5db169abf1664.jpg;img5dde50abb0fec.jpg;img5df47fe0eb63e.jpg;img5e12ceab37072.jpg
1469,,Bite,,NA,2,a,,8,img5d78cf6075ce2.jpg;img5e170aff8f255.jpg;img5e170aff8f2f9.jpg;img5e170aff8f4e2.jpg
1470,,Can,,NA,0,,,8,img5d76564b4f6b4.jpg;img5d76564b4fca3.jpg;img5ddf59bcc186c.jpg;img5de122dd392d5.jpg
1471,,Result,,NA,0,,,10,img5d78e8072f25f.jpg;img5d7b5ef10a67d.jpg;img5e0049297ea4f.jpg;img5e183fc7ed99d.jpg
1472,,Sharp,,NA,0,keen,,12,img5e073360e4f57.jpg;img5d81f4d3dc9ce.jpg;img5d68f289468a6.jpg;img5dde67e40f04f.jpg
1473,,Fair,,NA,1,,,10,img5de78780337e6.jpg;img5de74ae0d8b89.jpg;img5e145df1b4b4a.jpg;img5e146212e1180.jpg
1474,,Dinner,,NA,0,,,10,img5d6f7cb872814.jpg;img5e04a2d846621.jpg;img5e1432c9ec2f0.jpg;img5e1433cf942a7.jpg
1475,,Isolate,,NA,0,dfr,,10,img5e10232c6b4e4.jpg;img5e10232c6b6fc.jpg;img5e10232c6b892.jpg;img5e33e48dbb6a5.jpg
1476,,Panic,,NA,1,,,12,img5e0058ec0e542.jpg;img5e1468678badd.jpg;img5e1468678bff7.jpg;img5defa71808f29.jpg
1477,,Culprit,,NA,0,,,10,img5de26b4035a56.jpg;img5e05dd383ab2d.jpg;img5dea271d7dd42.jpg;img5e05dd383a9cf.jpg
1478,,Lazy,,NA,0,slee,,12,img5e14741958b06.jpg;img5e1477d72b501.jpg;img5e1477d72b6dd.jpg;img5e16cfb9cbca8.jpg
1479,,Question,,NA,2,,,12,img5de74560ad782.jpg;img5de60f4dd7f46.jpg;img5dee140d1dfb5.jpg;img5e144e48133d0.jpg
1480,,Seatbelt,,NA,0,,,12,img5e1494c01f1bd.jpg;img5e14955e7038b.jpg;img5e1495a7e2ae2.jpg;img5e1495f5e478f.jpg
1481,,Rugby,,NA,0,,,10,img5de8c0ad74a86.jpg;img5df786637f0aa.jpg;img5e14923dc09e0.jpg;img5e149316cce46.jpg
1482,,Counter,,NA,1,,,12,img5e15a4c3e5e28.jpg;img5e15a578e8de2.jpg;img5e15a7e315d01.jpg;img5e15a8851380f.jpg
1483,,Bush,,NA,0,,,10,img5d7a283246508.jpg;img5e15ad9d2367d.jpg;img5e15af09be82c.jpg;img5e2a86368b339.jpg
1484,,Cartridge,,NA,0,,,12,img5e18815ae241f.jpg;img5e18815ae26e8.jpg;img5e1882c71f21b.jpg;img5e2a857743316.jpg
1485,,Routine,,NA,1,,,10,img5d78d02b01f2e.jpg;img5df87f367b736.jpg;img5e1722b76c96b.jpg;img5e0ddb8f0d755.jpg
1486,,Shock,,NA,0,,,12,img5e0b1cdf15653.jpg;img5e0ed83ae7452.jpg;img5dde7a34cd084.jpg;img5e15d0a5a79cb.jpg
1487,,Timber,,NA,0,wood,,10,img5df8cc6786c0d.jpg;img5e07270ccc25b.jpg;img5e15d7ae50b64.jpg;img5e15d7ae50c4b.jpg
1488,,Momentum,,NA,2,,,12,img5de4dc7e82a64.jpg;img5de4dc7e82be0.jpg;img5e1887af9a7ce.jpg;img5df8605e74fdd.jpg
1489,,Photograph,,NA,0,,,14,img5e15c1aac05d9.jpg;img5e15c1aac23a1.jpg;img5e15c1aac25d5.jpg;img5e15c1aac38e0.jpg
1490,,Barbell,,NA,0,,,8,img5e15d95371024.jpg;img5e15d953711ed.jpg;img5e15d953712b0.jpg;img5e15d95371395.jpg
1491,,Ceremony,,NA,1,,,12,img5d8a26b643c98.jpg;img5ddf605c8c7bb.jpg;img5e1031cccda54.jpg;img5d91c28d594f6.jpg
1492,,Peach,,NA,0,,,10,img5e15dbd336d5c.jpg;img5e15dbd336e43.jpg;img5e15dbd33c796.jpg;img5e15dbd33cb29.jpg
1493,,Wife,,NA,0,,,10,img5def87f9e0ee4.jpg;img5dafed34b840d.jpg;img5df4ccfd279e2.jpg;img5e142172a2594.jpg
1494,,Breeze,,NA,1,,,10,img5da19ab86fa42.jpg;img5d68f9c7b1e0b.jpg;img5dfcc55ec6a68.jpg;img5dfcc55ec6983.jpg
1495,,Sparrow,,NA,0,,,12,img5d7b825560cf1.jpg;img5dc674ad4aabc.jpg;img5e16d6276c143.jpg;img5e16d6276c351.jpg
1496,,Breakfast,,NA,0,unch,,12,img5ddcfe75d2e3b.jpg;img5dd8fc62f33ee.jpg;img5e16cfb9cba91.jpg;img5e16cfb9cbbac.jpg
1497,,Wafer,,NA,0,,,10,img5e16eb4a05b06.jpg;img5e16eb4a05ec4.jpg;img5df4bb0599a2a.jpg;img5df4bb0599d75.jpg
1498,,Cotton,,NA,2,,,14,img5e15bc0547149.jpg;img5e15bc0547476.jpg;img5e15bc054760c.jpg;img5e15c637eccc0.jpg
1499,,Four,,NA,0,amily,,12,img5dc26f72b6bd6.jpg;img5df0d2c085fbb.jpg;img5d76169860c52.jpg;img5d690cd1b9557.jpg
1500,,Highway,,NA,0,,,12,img5d7a30652c23c.jpg;img5d7612c4da17d.jpg;img5d7612c4da40b.jpg;img5dd61e08a80af.jpg
1501,,Coach,,NA,0,,,10,img5d7a167c0c104.jpg;img5de26336c98ac.jpg;img5de26336c9c15.jpg;img5dea4c01c0fb8.jpg
1502,,Handrail,,NA,1,,g,12,img5de7b51f0561c.jpg;img5e5e551735921.jpg;img5e5e5517395c3.jpg;img5e5e551739884.jpg
1503,,Hour,,NA,0,tim,e,8,img5e02109130224.jpg;img5e200612d63e4.jpg;img5e200612d6586.jpg;img5e200612d6735.jpg
1504,,Barrel,,NA,0,,,10,img5d6902d32be00.jpg;img5dea4622e7b35.jpg;img5e01a5016c43a.jpg;img5e200dc035480.jpg
1505,,Grocery,,NA,2,st,,12,img5d79dc814c216.jpg;img5e201d803a6e4.jpg;img5e201d803a8c9.jpg;img5e201d803d4a2.jpg
1506,,Hotel,,NA,0,,,10,img5d7243d82e15e.jpg;img5e340d8f937ff.jpg;img5e3bd5e89fb16.jpg;img618e0a2155c9d.jpg
1507,,Footpath,,NA,1,,,12,img5d836b7d5e2c0.jpg;img5d89fd06677c3.jpg;img5e3be8bc4b2fd.jpg;img5e3be8bc4b4c1.jpg
1508,,Bodyguard,,NA,0,,,14,img5de630ef8fb57.jpg;img5e215fb2706a6.jpg;img5e215fb270811.jpg;img5e215fb270cd7.jpg
1509,,Tune,,NA,1,msic,,12,img5dc40e0dae0df.jpg;img5de2397304f5d.jpg;img5e22b07071ac6.jpg;img5e22b070763eb.jpg
1510,,Scold,,NA,0,,,8,img5e0b054bcb495.jpg;img5d8dae3f9aa9a.jpg;img5dee20ad738f7.jpg;img5e2178c2b010a.jpg
1511,,Crystal,,NA,0,,,12,img5d6cf6db41db8.jpg;img5dd68184a0370.jpg;img5dd68184a047f.jpg;img5dd68184a0a21.jpg
1512,,Cosmetic,,NA,2,akup,,14,img5dee36294d0fe.jpg;img5df750802a7f6.jpg;img5e01df1f89a7c.jpg;img5e202efa42fec.jpg
1513,,Thumb,,NA,0,like,,10,img5d7108364abe9.jpg;img5d7108364f80d.jpg;img5da5b6ee91b68.jpg;img5dd7b71145464.jpg
1514,,Miniature,,NA,1,,,14,img5d6d09fd4c51b.jpg;img5d6e44583078e.jpg;img5d7a3b07bade6.jpg;img5d89b859236a6.jpg
1515,,Priest,,NA,0,fa,h,10,img5e20359782ce5.jpg;img5e203597a5485.jpg;img5e203597a6e7d.jpg;img5e203597a715a.jpg
1516,,Guardhouse,,NA,0,,,14,img5e203cb022b9d.jpg;img5e203cb022efa.jpg;img5e203cb023194.jpg;img5e203cb02331c.jpg
1517,,Braille,,NA,1,t,,12,img5d725d0bed4f3.jpg;img5de64a7eb9c21.jpg;img5e0061bf26ba9.jpg;img5e20440c9903d.jpg
1518,,Dove,,NA,0,,,10,img5e2046e7a28d8.jpg;img5e2046e7a297c.jpg;img5e2046e7a2b66.jpg;img5e2046e7a2db0.jpg
1519,,Boutique,,NA,2,,,12,img5d79dc815f876.jpg;img5de7774fac92a.jpg;img5e204ae890443.jpg;img5e204ae895d26.jpg
1520,,Piano,,NA,0,,,12,img5e204f3d0a6b9.jpg;img5e204f3d0a946.jpg;img5e204f3d0ab59.jpg;img5e204f3d10de1.jpg
1521,,Word,,NA,0,,,8,img5da84943762bc.jpg;img5de64bbeaa194.jpg;img5de64bbeaa326.jpg;img5e20537871c4a.jpg
1522,,Barometer,,NA,2,,,14,img5e2055c529db1.jpg;img5e2055c52a1b8.jpg;img5e2055c5317c7.jpg;img5e2055c5318a9.jpg
1523,,Pebble,,NA,0,Sto,n,14,img5d6d1689e6769.jpg;img5d691745de7ed.jpg;img5d7a30652c0ca.jpg;img5e144f89295ba.jpg
1524,,Skin,,NA,1,o,,10,img5d71fe585f3be.jpg;img5d77a1c13c570.jpg;img5dea32cd52b38.jpg;img5e205a529910a.jpg
1525,,Yak,,NA,0,,,8,img5e131197f3e50.jpg;img5e205d55ada2b.jpg;img5e205d55adbb4.jpg;img5e205d55ade14.jpg
1526,,Furnish,,NA,2,te,o,12,img5d8f31815d036.jpg;img5e2141447acf4.jpg;img5e2141447b033.jpg;img5e2141447b139.jpg
1527,,Child,,NA,0,k,,8,img5d6d0cb23d948.jpg;img5d722392ad893.jpg;img5da70b2732a34.jpg;img5dafed34b7cf7.jpg
1528,,Spearmint,,NA,0,,,12,img5de4d002b50bf.jpg;img5e21486059bfe.jpg;img5e2148605cc79.jpg;img5e2148605cf66.jpg
1529,,Plan,,NA,1,,,12,img5ddfc40561c4b.jpg;img5df0832721218.jpg;img5df08327216f0.jpg;img5e200612d698e.jpg
1530,,Rotate,,NA,0,,,10,img5de78780337e6.jpg;img5e034fb52b0d5.jpg;img5e01b407873a8.jpg;img5e21528edc612.jpg
1531,,Panda,,NA,0,,,12,img5dafdfe291f43.jpg;img5e215660ca55f.jpg;img5e215660ca619.jpg;img5e215660ca956.jpg
1532,,Expression,,NA,2,,,14,img5df22af23653f.jpg;img5de5026a886dc.jpg;img5de243767361d.jpg;img5dbd5e4de2bcc.jpg
1533,,Opener,,NA,0,,,10,img5d7f373536636.jpg;img5e217ede0bc32.jpg;img5e217ede2aa68.jpg;img5e217ede2c71b.jpg
1534,,Loan,,NA,1,,,12,img5de0e970c28f7.jpg;img5e2298d8c15a6.jpg;img5e22a51e6f8ed.jpg;img5e22a51e6fa04.jpg
1535,,Platinum,,NA,0,,,14,img5e2187a3e5849.jpg;img5e2187a3e7dfc.jpg;img5e22a7bfc7dfc.jpg;img5e22a7bfc8017.jpg
1536,,Proof,,NA,2,,,12,img5da4386724215.jpg;img5da43867242cc.jpg;img5da4386724442.jpg;img5da43867247e9.jpg
1537,,Blow,,NA,0,in,d,10,img5d691f251dfb4.jpg;img5d691f251e1af.jpg;img5ddf9b7517dc0.jpg;img5dede948edc86.jpg
1538,,Hydrant,,NA,1,pum,,12,img5e218c6e13401.jpg;img5e218c6e135bf.jpg;img5e218c6e13a18.jpg;img5e218c6e13d1a.jpg
1539,,Mechanic,,NA,0,rp,,12,img5e2193f478071.jpg;img5e2193f47faa3.jpg;img5e2193f47fb95.jpg;img5e2193f47ff06.jpg
1540,,Duster,,NA,0,b,,8,img5dbd2c8c93fef.jpg;img5df87fb06db40.jpg;img5e2198459e6df.jpg;img5e2198459ed14.jpg
1541,,Nightmare,,NA,2,d,,14,img5e219e649d189.jpg;img5e219e649e53f.jpg;img5e219e649e657.jpg;img5e219e649e6ed.jpg
1542,,Lace,,NA,0,nt,,8,img5da01deb93614.jpg;img5da01deb9382d.jpg;img5da01deb93aad.jpg;img5e43a44029dfb.jpg
1543,,Cylinder,,NA,0,,,12,img5ddba876a1a7f.jpg;img5df8cd897610c.jpg;img5e21a3fc3a270.jpg;img5d8efa07de5b8.jpg
1544,,Build,,NA,1,creat,,12,img5d71fe0cb33f3.jpg;img5d7ce7df8d6b1.jpg;img5dfccd4048b94.jpg;img5e21a77bf2e78.jpg
1545,,Peacock,,NA,0,,,14,img5d690d56b5d9a.jpg;img5dc2573b70dfe.jpg;img5e21a9a65231a.jpg;img5e21a9a6525db.jpg
1546,,Teen,,NA,1,youg,,12,img5d70d906244ae.jpg;img5d691f251e447.jpg;img5de8fa3ee18df.jpg;img5df20575ef9ec.jpg
1547,,Dumbbell,,NA,0,exrc,s,12,img5de669a3889c7.jpg;img5e21ab6f29ca5.jpg;img5e21ab6f2ee02.jpg;img5e21ab6f2efa9.jpg
1548,,Burden,,NA,2,loa,,12,img5e1881e7cccc2.jpg;img5df8ae0e48883.jpg;img5e21b31c0d9f4.jpg;img5e229c1439f79.jpg
1549,,Vault,,NA,0,ock,,10,img5d7220b96e7d9.jpg;img5e228ce68ddf9.jpg;img5e228ce6942ca.jpg;img5e228ce696166.jpg
1550,,Milkshake,,NA,0,juc,,14,img5ddbaadee70cb.jpg;img5e2293c3564d9.jpg;img5e2293c356708.jpg;img5e2293c3569f9.jpg
1551,,Map,,NA,1,,,12,img5d70dcc0657d6.jpg;img5de0dae235fae.jpg;img5de77020c9037.jpg;img5de89d276c8d8.jpg
1552,,Skip,,NA,1,,,12,img5e283396c7fcd.jpg;img5e283396c81b4.jpg;img5e283396c8317.jpg;img5e283396c83bf.jpg
1553,,Dollar,,NA,0,,,10,img5d79da1aef9e0.jpg;img5dea35eb252e0.jpg;img5e22c094bd0cb.jpg;img5e22c094bd34a.jpg
1554,,Cliff,,NA,2,,,12,img5de0b71ded68a.jpg;img5e22c56e860f9.jpg;img5e22c56e863cb.jpg;img5e22c56e8653a.jpg
1555,,Mat,,NA,0,,,8,img5e22cd33ef810.jpg;img5e22cd33efba5.jpg;img5e22cd33f3f46.jpg;img5e22d0ac2f442.jpg
1556,,Deal,,NA,1,,,12,img5e1414634a12c.jpg;img5e22a51e6f8ed.jpg;img5de25a7f3b026.jpg;img5d70d1306ba2b.jpg
1557,,Kilometer,,NA,1,,,14,img5e02109130224.jpg;img5e22d598d8c2f.jpg;img5e22d598d8d04.jpg;img5e22d598de0bf.jpg
1558,,Forward,,NA,1,,,8,img5dedf53be61dc.jpg;img5e2821415bab2.jpg;img5e282b02e4e25.jpg;img5e282b02e4ff5.jpg
1559,,Grain,,NA,0,,,10,img5d78fc00734f4.jpg;img5df7248b9cb84.jpg;img5df7248b9d150.jpg;img5df7248b9d3bf.jpg
1560,,Delicate,,NA,2,,,12,img67b704d613048.jpg;img67b704d616e88.jpg;img67b704d616f0f.jpg;img67b704d61c26b.jpg
1561,,Home,,NA,0,us,,10,img5db02e1d0db6e.jpg;img5dcd3c74e1c63.jpg;img5eccd62fb60b2.jpg;img5eff22bfd48ba.jpg
1562,,Palace,,NA,1,,,12,img5dd66edfd966d.jpg;img5de9fd910b71e.jpg;img5def74be29a5e.jpg;img5e22e8eb0c8c3.jpg
1563,,Biology,,NA,2,,,14,img5e05fab6df242.jpg;img5de4b408ef9e7.jpg;img5e22f0454ab42.jpg;img5e22f0454ac1b.jpg
1564,,Heavy,,NA,0,wigh,t,12,img5d7ba4817eb91.jpg;img5e05f805a05ee.jpg;img5d7f88cf90c7b.jpg;img5e22f65121359.jpg
1565,,Mars,,NA,1,,,8,img5e22f9efc6b42.jpg;img5e22f9efc6fd4.jpg;img5e22f9efc7094.jpg;img5e22f9efc7298.jpg
1566,,Inventory,,NA,2,wahu,s,12,img5e105d2283d44.jpg;img5e16cbfc0f5be.jpg;img5e283a0ed0989.jpg;img5e283a0ed50aa.jpg
1567,,Doctor,,NA,0,,,10,img5d725d9d264cd.jpg;img5dbd33d47b6d6.jpg;img5df377f915ff5.jpg;img5dfcbe149c49c.jpg
1568,,Goods,,NA,1,,,12,img5dea48ac504ca.jpg;img5e201d803a44b.jpg;img5dea4622e73b9.jpg;img5dea4622e783c.jpg
1569,,Tusk,,NA,0,eh,,8,img5ddcfc26a5a67.jpg;img5e268365719a1.jpg;img5e26836571b35.jpg;img5e26836572ecb.jpg
1570,,Dismiss,,NA,2,,,10,img5e26922b0d68e.jpg;img5e26922b0d8ad.jpg;img5e26922b0daf2.jpg;img5e26922b0dcf3.jpg
1571,,Gender,,NA,0,,,12,img5e269990ebae2.jpg;img5e269990ebd44.jpg;img5e269990ec0b7.jpg;img5e269990ec31a.jpg
1572,,Snowflake,,NA,0,intr,,14,img5dd68184a0a21.jpg;img5e269e2a2d802.jpg;img5e269e2a2daca.jpg;img5e269e2a2f8f3.jpg
1573,,Sewer,,NA,2,,,10,img5e468db41edf7.jpg;img5e468ebd4f0a8.jpg;img5e469280144d5.jpg;img5e706ae1e85a0.jpg
1574,,Port,,NA,0,,,8,img5dbfb3f2b12b7.jpg;img5dc3ee16eef23.jpg;img5def5fa9f0f18.jpg;img5e26a33038f2b.jpg
1575,,Arrest,,NA,0,,,10,img5de26b4035a56.jpg;img5e05dd383a9cf.jpg;img5e03470d4d6c9.jpg;img5e26a6fa151f8.jpg
1576,,Director,,NA,1,,,12,img5e26b51925b60.jpg;img5e26b51925df1.jpg;img5e26b51925f3f.jpg;img5e26b51925fee.jpg
1577,,Wreck,,NA,2,shi,p,12,img5e3d090fb3c3f.jpg;img5e3d090fb8062.jpg;img5e3d090fb9287.jpg;img5e3d090fb9493.jpg
1578,,Luggage,,NA,0,,,14,img5df0cedaadf85.jpg;img5dfca53322924.jpg;img5e26babd6961a.jpg;img5e26babd696d5.jpg
1579,,Soft,,NA,0,,,10,img5da8693da9d43.jpg;img5da8693da9e6d.jpg;img5da8693da9f79.jpg;img5da8693daa4ab.jpg
1580,,Radiation,,NA,2,,,12,img5e0f19e00cdcd.jpg;img5df088a34c541.jpg;img5e26c1ba39027.jpg;img5e26c1ba392f4.jpg
1581,,Kangaroo,,NA,0,,,14,img5da59e3ab337b.jpg;img5e26c48001eb8.jpg;img5e26c48002197.jpg;img5e26c4800225a.jpg
1582,,Class,,NA,1,stud,y,10,img5d78caf75e951.jpg;img5d78caf7624f3.jpg;img5d78caf7627a8.jpg;img5d78caf762be7.jpg
1583,,Rays,,NA,1,sun,,12,img5e019e3236dac.jpg;img5e147a6d4228b.jpg;img5e26c7dfe9752.jpg;img5e26c7dfe983c.jpg
1584,,Pumpkin,,NA,0,,,14,img5d8b1613ea4b7.jpg;img5de22faee1224.jpg;img5de22faee1362.jpg;img5dfb6ae0a71fd.jpg
1585,,Sheepskin,,NA,2,wol,,12,img5e26cd2b50516.jpg;img5e26cd2b50636.jpg;img5e43c197114e8.jpg;img5e43c197116a1.jpg
1586,,Trigger,,NA,1,,,12,img5e26cedb05c45.jpg;img5e281d157496b.jpg;img5e281e70946cb.jpg;img5dd4e5c84d1c4.jpg
1587,,Plane,,NA,0,,,10,img5d75ee33dd596.jpg;img5d8371498c19a.jpg;img5d8b0e3163651.jpg;img5dc2573b7035b.jpg
1588,,Breach,,NA,2,,,12,img5e020b1caaa39.jpg;img5e26e273840b3.jpg;img5e26f384adbaf.jpg;img5d7a3bb847e2f.jpg
1589,,Handsome,,NA,0,,,10,img5d84d5b31b095.jpg;img5df873aa39c21.jpg;img5e15921566078.jpg;img5e1722b76c96b.jpg
1590,,Ingredient,,NA,1,,,12,img5dc93b0b29d17.jpg;img5db2890ac5964.jpg;img5e26eaa9698cf.jpg;img5e26eaa969ad4.jpg
1591,,Bungalow,,NA,0,hse,,10,img5dde6e4aa760a.jpg;img5de630ef8f0dd.jpg;img5df4b495d3af1.jpg;img5e18869c3f3ef.jpg
1592,,Chubby,,NA,1,,,12,img5ddb69a4a5bc0.jpg;img5de1fd4d7a1f0.jpg;img5e26ef82b22cf.jpg;img5e26ef82b249b.jpg
1593,,Price,,NA,1,,,8,img5d75ebc559b3f.jpg;img5e26fe37c6bbb.jpg;img5e26fe37c6cdb.jpg;img5e26fe37c6dba.jpg
1594,,Sand,,NA,0,oi,l,10,img5da95f184e6f8.jpg;img5ddcd812470bb.jpg;img5df896ab9a431.jpg;img5e0b1f48b0221.jpg
1595,,Botany,,NA,2,,,12,img5dd76d6bac3c5.jpg;img5e26a99319b64.jpg;img5e27decb0d305.jpg;img5e27e0bf86b3b.jpg
1596,,Hundred,,NA,1,,,12,img5e27e51de5ef3.jpg;img5e27e51de60f5.jpg;img5e27e51de6256.jpg;img5e28116a4390e.jpg
1597,,Swordfish,,NA,0,,,10,img5e27e94c70eb7.jpg;img5e280ebfa827c.jpg;img5e280ebfa8436.jpg;img5e43c6eb328ed.jpg
1598,,Staff,,NA,1,peo,l,12,img5e0dc270aaf9a.jpg;img5d75ff8965fc2.jpg;img5e27f0932c051.jpg;img5e27f0932c123.jpg
1599,,Musician,,NA,1,,,14,img5dd92050357a4.jpg;img5dde6b36f358a.jpg;img5e007ee5f08d0.jpg;img5e27f53276122.jpg
1600,,Set,,NA,2,,,10,img5e2804cb87369.jpg;img5d8f294cd0808.jpg;img5e43bce23c7be.jpg;img5e43bce23ea0a.jpg
