{"model":{"version":3,"nodes":[{"name":"RootNode","position":[0,0,0],"rotation":[0,0,0],"scale":[0.01,0.01,0.01],"scaleCompensation":false},{"name":"cube","position":[0,0,0],"rotation":[-90,-0,0],"scale":[100,100,100],"scaleCompensation":false}],"parents":[-1,0],"skins":[],"morphs":[],"vertices":[{"position":{"type":"float32","components":3,"data":[-0.5,0.5,0.5,-0.5,-0.5,-0.5,-0.5,-0.5,0.5,-0.5,0.5,-0.5,0.5,0.5,0.5,-0.5,0.5,-0.5,-0.5,0.5,0.5,0.5,0.5,-0.5,0.5,-0.5,0.5,0.5,0.5,-0.5,0.5,0.5,0.5,0.5,-0.5,-0.5,-0.5,-0.5,0.5,0.5,-0.5,-0.5,0.5,-0.5,0.5,-0.5,-0.5,-0.5,0.5,-0.5,-0.5,-0.5,-0.5,-0.5,-0.5,0.5,-0.5,0.5,0.5,-0.5,-0.5,0.5,0.5,-0.5,-0.5,0.5,0.5,0.5,0.5,0.5,-0.5,0.5]},"normal":{"type":"float32","components":3,"data":[-1,0,0,-1,0,0,-1,0,0,-1,0,0,0,1,0,0,1,0,0,1,0,0,1,0,1,0,0,1,0,0,1,0,0,1,0,0,0,-1,0,0,-1,0,0,-1,0,0,-1,0,0,0,-1,0,0,-1,0,0,-1,0,0,-1,0,0,1,0,0,1,0,0,1,0,0,1]},"texCoord0":{"type":"float32","components":2,"data":[0.718995,0.999906,0.497209,0.666635,0.718995,0.666635,0.497209,0.999906,0.0536371,0.333365,0.275423,0.666635,0.0536371,0.666635,0.275423,0.333365,0.718995,0.333365,0.497209,9.41795e-05,0.718995,9.42188e-05,0.497209,0.333365,0.718995,0.666635,0.497209,0.333365,0.718995,0.333365,0.497209,0.666635,0.497209,0.333365,0.497209,0.666635,0.275423,0.666635,0.275423,0.333365,0.940782,0.666635,0.718995,0.666635,0.940782,0.333365,0.718995,0.333365]}}],"meshes":[{"aabb":{"min":[-0.5,-0.5,-0.5],"max":[0.5,0.5,0.5]},"vertices":0,"indices":[0,1,2,1,0,3,4,5,6,5,4,7,8,9,10,9,8,11,12,13,14,13,12,15,16,17,18,16,18,19,20,21,22,22,21,23],"type":"triangles","base":0,"count":36}],"meshInstances":[{"node":1,"mesh":0}]}}