{"model":{"version":3,"nodes":[{"name":"RootNode","position":[0,0,0],"rotation":[0,0,0],"scale":[0.01,0.01,0.01],"scaleCompensation":false},{"name":"Cylinder.001","position":[0,0,0],"rotation":[9.33467e-06,-0,0],"scale":[100,100,100],"scaleCompensation":false}],"parents":[-1,0],"skins":[],"morphs":[],"vertices":[{"position":{"type":"float32","components":3,"data":[0,0.5,-0.5,2.90573e-08,1.46031e-07,0.5,0.154509,0.475528,-0.5,2.90573e-08,1.46031e-07,0.5,0.293893,0.404509,-0.5,2.90573e-08,1.46031e-07,0.5,0.404509,0.293893,-0.5,0.404509,0.293893,-0.5,2.90573e-08,1.46031e-07,0.5,0.475528,0.154508,-0.5,2.90573e-08,1.46031e-07,0.5,0.5,-2.18557e-08,-0.5,2.90573e-08,1.46031e-07,0.5,0.475528,-0.154509,-0.5,2.90573e-08,1.46031e-07,0.5,0.404509,-0.293893,-0.5,2.90573e-08,1.46031e-07,0.5,0.293893,-0.404509,-0.5,2.90573e-08,1.46031e-07,0.5,0.154508,-0.475528,-0.5,2.90573e-08,1.46031e-07,0.5,-1.62921e-07,-0.5,-0.5,2.90573e-08,1.46031e-07,0.5,-0.154509,-0.475528,-0.5,2.90573e-08,1.46031e-07,0.5,-0.293893,-0.404508,-0.5,2.90573e-08,1.46031e-07,0.5,-0.404509,-0.293892,-0.5,-0.404509,-0.293892,-0.5,2.90573e-08,1.46031e-07,0.5,-0.475528,-0.154508,-0.5,2.90573e-08,1.46031e-07,0.5,-0.5,4.828e-07,-0.5,2.90573e-08,1.46031e-07,0.5,-0.475528,0.154509,-0.5,2.90573e-08,1.46031e-07,0.5,-0.404508,0.293893,-0.5,2.90573e-08,1.46031e-07,0.5,-0.293892,0.404509,-0.5,-0.293892,0.404509,-0.5,2.90573e-08,1.46031e-07,0.5,-0.154508,0.475528,-0.5,2.90573e-08,1.46031e-07,0.5,-0.154508,0.475528,-0.5,0.293893,0.404509,-0.5,0.404509,-0.293893,-0.5,0.475528,-0.154509,-0.5,-0.154509,-0.475528,-0.5,0.404509,0.293893,-0.5,0,0.5,-0.5,0.154509,0.475528,-0.5,0.5,-2.18557e-08,-0.5,0.475528,0.154508,-0.5,0.154508,-0.475528,-0.5,-1.62921e-07,-0.5,-0.5,0.293893,-0.404509,-0.5,-0.5,4.828e-07,-0.5,-0.293893,-0.404508,-0.5,-0.475528,-0.154508,-0.5,-0.404509,-0.293892,-0.5,-0.293892,0.404509,-0.5,-0.475528,0.154509,-0.5,-0.404508,0.293893,-0.5]},"normal":{"type":"float32","components":3,"data":[0,0.894406,0.447188,0,0,1,0.276376,0.850642,0.447188,0,0,1,0.525712,0.723594,0.447188,0,0,1,0.723594,0.525712,0.447188,0.723594,0.525712,0.447188,0,0,1,0.850642,0.276376,0.447188,0,0,1,0.894406,0,0.447188,0,0,1,0.850642,-0.276376,0.447188,0,0,1,0.723594,-0.525712,0.447188,0,0,1,0.525712,-0.723594,0.447188,0,0,1,0.276376,-0.850642,0.447188,0,0,1,0,-0.894406,0.447188,0,0,1,-0.276376,-0.850642,0.447188,0,0,1,-0.525712,-0.723594,0.447188,0,0,1,-0.723594,-0.525712,0.447188,-0.723594,-0.525712,0.447188,0,0,1,-0.850642,-0.276376,0.447188,0,0,1,-0.894406,0,0.447188,0,0,1,-0.850642,0.276376,0.447188,0,0,1,-0.723594,0.525712,0.447188,0,0,1,-0.525712,0.723594,0.447188,-0.525712,0.723594,0.447188,0,0,1,-0.276376,0.850642,0.447188,0,0,1,0,0,-1,0,0,-1,0,0,-1,0,0,-1,0,0,-1,0,0,-1,0,0,-1,0,0,-1,0,0,-1,0,0,-1,0,0,-1,0,0,-1,0,0,-1,0,0,-1,0,0,-1,0,0,-1,0,0,-1,0,0,-1,0,0,-1,0,0,-1]},"texCoord0":{"type":"float32","components":2,"data":[0.995777,0.309979,0.50268,0.201916,0.995777,0.201916,0.50268,0.0991411,0.995777,0.0991411,0.50268,0.0117162,0.995777,0.0117162,0.50268,0.500179,0.995777,0.587604,0.50268,0.587604,0.995777,0.690378,0.50268,0.690378,0.995777,0.798442,0.50268,0.798442,0.995777,0.901216,0.50268,0.901216,0.995777,0.988641,0.50268,0.988641,0.00958217,0.901216,0.50268,0.901216,0.00958217,0.798442,0.50268,0.798442,0.00958217,0.690378,0.50268,0.690378,0.00958221,0.587604,0.50268,0.587604,0.00958221,0.500179,0.50268,0.500179,0.00958217,0.0117157,0.50268,0.0991409,0.00958217,0.0991409,0.50268,0.201915,0.00958225,0.201915,0.50268,0.309979,0.00958217,0.309979,0.50268,0.412753,0.00958217,0.412753,0.50268,0.500179,0.00958225,0.500179,0.995777,0.500179,0.50268,0.412753,0.995777,0.412753,0.50268,0.309979,0.0388699,0.0701451,0.158498,2.98023e-08,0.273654,0.286031,0.273654,0.207814,0.158498,0.493844,0.19972,0.0241705,0.0739346,0.0241705,0.115156,0,0.260261,0.133425,0.234784,0.0701455,0.234784,0.423699,0.199719,0.469674,0.26026,0.36042,0.0133935,0.360419,0.115156,0.493844,0.0388696,0.423699,0.0739345,0.469674,0.0133937,0.133424,0,0.28603,4.95431e-08,0.207813]}}],"meshes":[{"aabb":{"min":[-0.5,-0.5,-0.5],"max":[0.5,0.5,0.5]},"vertices":0,"indices":[0,1,2,2,3,4,4,5,6,7,8,9,9,10,11,11,12,13,13,14,15,15,16,17,17,18,19,19,20,21,21,22,23,23,24,25,25,26,27,28,29,30,30,31,32,32,33,34,34,35,36,36,37,38,39,40,41,41,42,0,43,44,45,45,44,46,47,43,45,46,44,48,44,49,50,44,43,49,51,48,52,46,48,51,45,53,54,53,45,55,47,45,54,56,47,57,57,58,56,58,57,59,43,47,56,60,56,61,60,61,62,43,56,60],"type":"triangles","base":0,"count":114}],"meshInstances":[{"node":1,"mesh":0}]}}