{"model":{"version":3,"nodes":[{"name":"RootNode","position":[0,0,0],"rotation":[0,0,0],"scale":[0.01,0.01,0.01],"scaleCompensation":false},{"name":"cube","position":[0,0,0],"rotation":[9.33467e-06,-0,0],"scale":[100,100,100],"scaleCompensation":false}],"parents":[-1,0],"skins":[],"morphs":[],"vertices":[{"position":{"type":"float32","components":3,"data":[-0.5,0.5,0.5,-0.5,-0.5,-0.5,-0.5,-0.5,0.5,-0.5,0.5,-0.5,0.5,0.5,-0.5,-0.5,0.5,0.5,0.5,-0.5,-0.5,-0.5,-0.5,0.5,-0.5,0.5,-0.5,-0.5,0.5,0.5,0.5,0.5,-0.5,-0.5,-0.5,0.5,-0.5,-0.5,-0.5,0.5,-0.5,-0.5,0.5,-0.5,-0.5,-0.5,-0.5,-0.5,-0.5,0.5,-0.5,0.5,0.5,-0.5]},"normal":{"type":"float32","components":3,"data":[-1,0,0,-1,0,0,-1,0,0,-1,0,0,0.707107,0,0.707107,0.707107,0,0.707107,0.707107,0,0.707107,0.707107,0,0.707107,0,1,0,0,1,0,0,1,0,0,-1,0,0,-1,0,0,-1,0,0,0,-1,0,0,-1,0,0,-1,0,0,-1]},"texCoord0":{"type":"float32","components":2,"data":[0.703955,0.0249003,0.0384713,0.965884,0.0384712,0.0249003,0.703955,0.965884,0.332609,0.982829,0.332609,0.00795552,0.98016,0.982829,0.98016,0.00795552,-0.0245309,-0.0119418,0.975469,-0.0119418,0.975469,0.988058,-0.0122654,0,0.987735,0,0.987735,1,0.710088,0.0268312,0.710088,0.973169,0.044604,0.973169,0.0446039,0.0268312]}}],"meshes":[{"aabb":{"min":[-0.5,-0.5,-0.5],"max":[0.5,0.5,0.5]},"vertices":0,"indices":[0,1,2,1,0,3,4,5,6,5,7,6,8,9,10,11,12,13,14,15,16,14,16,17],"type":"triangles","base":0,"count":24}],"meshInstances":[{"node":1,"mesh":0}]}}