[2026-02-22 14:01:26] Uploading: wp-content/uploads/thumbs/iframe/T/train-shooting-127x127.jpg
[2026-02-22 14:01:27] COMPRESSED: /home/vnoam/public_html/veo.vnoam.com/wp-content/uploads/thumbs/iframe/T/train-shooting-127x127.jpg saved at Quality 75%
[2026-02-22 14:01:27] SUCCESS: Uploaded wp-content/uploads/thumbs/iframe/T/train-shooting-127x127.jpg to GitHub.
[2026-02-22 14:01:27] Uploading: wp-content/uploads/thumbs/iframe/T/tower-boom.jpg
[2026-02-22 14:01:27] COMPRESSED: /home/vnoam/public_html/veo.vnoam.com/wp-content/uploads/thumbs/iframe/T/tower-boom.jpg saved at Quality 75%
[2026-02-22 14:01:28] SUCCESS: Uploaded wp-content/uploads/thumbs/iframe/T/tower-boom.jpg to GitHub.
[2026-02-22 14:01:28] Uploading: wp-content/uploads/thumbs/iframe/T/tower-boom-150x135.jpg
[2026-02-22 14:01:28] COMPRESSED: /home/vnoam/public_html/veo.vnoam.com/wp-content/uploads/thumbs/iframe/T/tower-boom-150x135.jpg saved at Quality 75%
[2026-02-22 14:01:29] SUCCESS: Uploaded wp-content/uploads/thumbs/iframe/T/tower-boom-150x135.jpg to GitHub.
[2026-02-22 14:01:47] Uploading: wp-content/uploads/thumbs/iframe/T/tower-boom-127x127.jpg
[2026-02-22 14:01:47] COMPRESSED: /home/vnoam/public_html/veo.vnoam.com/wp-content/uploads/thumbs/iframe/T/tower-boom-127x127.jpg saved at Quality 75%
[2026-02-22 14:01:48] SUCCESS: Uploaded wp-content/uploads/thumbs/iframe/T/tower-boom-127x127.jpg to GitHub.
[2026-02-22 14:01:48] Uploading: wp-content/uploads/thumbs/iframe/T/tidy-life-organizer-3d.jpg
[2026-02-22 14:01:48] COMPRESSED: /home/vnoam/public_html/veo.vnoam.com/wp-content/uploads/thumbs/iframe/T/tidy-life-organizer-3d.jpg saved at Quality 75%
[2026-02-22 14:01:49] SUCCESS: Uploaded wp-content/uploads/thumbs/iframe/T/tidy-life-organizer-3d.jpg to GitHub.
[2026-02-22 14:01:49] Uploading: wp-content/uploads/thumbs/iframe/T/tidy-life-organizer-3d-300x225.jpg
[2026-02-22 14:01:49] COMPRESSED: /home/vnoam/public_html/veo.vnoam.com/wp-content/uploads/thumbs/iframe/T/tidy-life-organizer-3d-300x225.jpg saved at Quality 75%
[2026-02-22 14:01:50] SUCCESS: Uploaded wp-content/uploads/thumbs/iframe/T/tidy-life-organizer-3d-300x225.jpg to GitHub.
[2026-02-22 14:01:50] Uploading: wp-content/uploads/thumbs/iframe/T/tidy-life-organizer-3d-150x150.jpg
[2026-02-22 14:01:50] COMPRESSED: /home/vnoam/public_html/veo.vnoam.com/wp-content/uploads/thumbs/iframe/T/tidy-life-organizer-3d-150x150.jpg saved at Quality 75%
[2026-02-22 14:01:50] SUCCESS: Uploaded wp-content/uploads/thumbs/iframe/T/tidy-life-organizer-3d-150x150.jpg to GitHub.
[2026-02-22 14:01:50] Uploading: wp-content/uploads/thumbs/iframe/T/tidy-life-organizer-3d-127x127.jpg
[2026-02-22 14:01:51] COMPRESSED: /home/vnoam/public_html/veo.vnoam.com/wp-content/uploads/thumbs/iframe/T/tidy-life-organizer-3d-127x127.jpg saved at Quality 75%
[2026-02-22 14:01:51] SUCCESS: Uploaded wp-content/uploads/thumbs/iframe/T/tidy-life-organizer-3d-127x127.jpg to GitHub.
[2026-02-22 14:01:51] Uploading: wp-content/uploads/thumbs/iframe/T/tasty-blue.jpg
[2026-02-22 14:01:52] COMPRESSED: /home/vnoam/public_html/veo.vnoam.com/wp-content/uploads/thumbs/iframe/T/tasty-blue.jpg saved at Quality 75%
[2026-02-22 14:01:52] SUCCESS: Uploaded wp-content/uploads/thumbs/iframe/T/tasty-blue.jpg to GitHub.
[2026-02-22 14:01:52] Uploading: wp-content/uploads/thumbs/iframe/T/tasty-blue-150x135.jpg
[2026-02-22 14:01:52] COMPRESSED: /home/vnoam/public_html/veo.vnoam.com/wp-content/uploads/thumbs/iframe/T/tasty-blue-150x135.jpg saved at Quality 75%
[2026-02-22 14:01:53] SUCCESS: Uploaded wp-content/uploads/thumbs/iframe/T/tasty-blue-150x135.jpg to GitHub.
[2026-02-22 14:01:53] Uploading: wp-content/uploads/thumbs/iframe/T/tasty-blue-127x127.jpg
[2026-02-22 14:01:53] COMPRESSED: /home/vnoam/public_html/veo.vnoam.com/wp-content/uploads/thumbs/iframe/T/tasty-blue-127x127.jpg saved at Quality 75%
[2026-02-22 14:01:54] SUCCESS: Uploaded wp-content/uploads/thumbs/iframe/T/tasty-blue-127x127.jpg to GitHub.
[2026-02-22 14:01:54] Uploading: wp-content/uploads/thumbs/iframe/S/symbiote-rush.jpg
[2026-02-22 14:01:54] COMPRESSED: /home/vnoam/public_html/veo.vnoam.com/wp-content/uploads/thumbs/iframe/S/symbiote-rush.jpg saved at Quality 75%
[2026-02-22 14:01:55] SUCCESS: Uploaded wp-content/uploads/thumbs/iframe/S/symbiote-rush.jpg to GitHub.
[2026-02-22 14:01:55] Uploading: wp-content/uploads/thumbs/iframe/S/symbiote-rush-300x225.jpg
[2026-02-22 14:01:55] COMPRESSED: /home/vnoam/public_html/veo.vnoam.com/wp-content/uploads/thumbs/iframe/S/symbiote-rush-300x225.jpg saved at Quality 75%
[2026-02-22 14:01:56] SUCCESS: Uploaded wp-content/uploads/thumbs/iframe/S/symbiote-rush-300x225.jpg to GitHub.
[2026-02-22 14:02:52] Uploading: wp-content/uploads/thumbs/iframe/S/symbiote-rush-150x150.jpg
[2026-02-22 14:02:52] COMPRESSED: /home/vnoam/public_html/veo.vnoam.com/wp-content/uploads/thumbs/iframe/S/symbiote-rush-150x150.jpg saved at Quality 75%
[2026-02-22 14:02:54] SUCCESS: Uploaded wp-content/uploads/thumbs/iframe/S/symbiote-rush-150x150.jpg to GitHub.
[2026-02-22 14:02:54] Uploading: wp-content/uploads/thumbs/iframe/S/symbiote-rush-127x127.jpg
[2026-02-22 14:02:54] COMPRESSED: /home/vnoam/public_html/veo.vnoam.com/wp-content/uploads/thumbs/iframe/S/symbiote-rush-127x127.jpg saved at Quality 75%
[2026-02-22 14:02:55] SUCCESS: Uploaded wp-content/uploads/thumbs/iframe/S/symbiote-rush-127x127.jpg to GitHub.
[2026-02-22 14:02:55] Uploading: wp-content/uploads/thumbs/iframe/S/sweet-princess-beauty-salon.jpg
[2026-02-22 14:02:55] COMPRESSED: /home/vnoam/public_html/veo.vnoam.com/wp-content/uploads/thumbs/iframe/S/sweet-princess-beauty-salon.jpg saved at Quality 75%
[2026-02-22 14:02:56] SUCCESS: Uploaded wp-content/uploads/thumbs/iframe/S/sweet-princess-beauty-salon.jpg to GitHub.
[2026-02-22 14:02:56] Uploading: wp-content/uploads/thumbs/iframe/S/sweet-princess-beauty-salon-150x135.jpg
[2026-02-22 14:02:56] COMPRESSED: /home/vnoam/public_html/veo.vnoam.com/wp-content/uploads/thumbs/iframe/S/sweet-princess-beauty-salon-150x135.jpg saved at Quality 75%
[2026-02-22 14:02:56] SUCCESS: Uploaded wp-content/uploads/thumbs/iframe/S/sweet-princess-beauty-salon-150x135.jpg to GitHub.
[2026-02-22 14:02:56] Uploading: wp-content/uploads/thumbs/iframe/S/sweet-princess-beauty-salon-127x127.jpg
[2026-02-22 14:02:57] COMPRESSED: /home/vnoam/public_html/veo.vnoam.com/wp-content/uploads/thumbs/iframe/S/sweet-princess-beauty-salon-127x127.jpg saved at Quality 75%
[2026-02-22 14:02:57] SUCCESS: Uploaded wp-content/uploads/thumbs/iframe/S/sweet-princess-beauty-salon-127x127.jpg to GitHub.
[2026-02-22 14:02:57] Uploading: wp-content/uploads/thumbs/iframe/S/survivor-kingdoms.jpg
[2026-02-22 14:02:58] COMPRESSED: /home/vnoam/public_html/veo.vnoam.com/wp-content/uploads/thumbs/iframe/S/survivor-kingdoms.jpg saved at Quality 75%
[2026-02-22 14:02:58] SUCCESS: Uploaded wp-content/uploads/thumbs/iframe/S/survivor-kingdoms.jpg to GitHub.
[2026-02-22 14:02:58] Uploading: wp-content/uploads/thumbs/iframe/S/survivor-kingdoms-300x225.jpg
[2026-02-22 14:02:58] COMPRESSED: /home/vnoam/public_html/veo.vnoam.com/wp-content/uploads/thumbs/iframe/S/survivor-kingdoms-300x225.jpg saved at Quality 75%
[2026-02-22 14:02:59] SUCCESS: Uploaded wp-content/uploads/thumbs/iframe/S/survivor-kingdoms-300x225.jpg to GitHub.
[2026-02-22 14:02:59] Uploading: wp-content/uploads/thumbs/iframe/S/survivor-kingdoms-150x150.jpg
[2026-02-22 14:02:59] COMPRESSED: /home/vnoam/public_html/veo.vnoam.com/wp-content/uploads/thumbs/iframe/S/survivor-kingdoms-150x150.jpg saved at Quality 75%
[2026-02-22 14:03:00] SUCCESS: Uploaded wp-content/uploads/thumbs/iframe/S/survivor-kingdoms-150x150.jpg to GitHub.
[2026-02-22 14:03:00] Uploading: wp-content/uploads/thumbs/iframe/S/survivor-kingdoms-127x127.jpg
[2026-02-22 14:03:01] COMPRESSED: /home/vnoam/public_html/veo.vnoam.com/wp-content/uploads/thumbs/iframe/S/survivor-kingdoms-127x127.jpg saved at Quality 75%
[2026-02-22 14:03:01] SUCCESS: Uploaded wp-content/uploads/thumbs/iframe/S/survivor-kingdoms-127x127.jpg to GitHub.
[2026-02-22 14:03:01] Uploading: wp-content/uploads/thumbs/iframe/S/supermarket-manager-simulator.jpg
[2026-02-22 14:03:02] COMPRESSED: /home/vnoam/public_html/veo.vnoam.com/wp-content/uploads/thumbs/iframe/S/supermarket-manager-simulator.jpg saved at Quality 75%
[2026-02-22 14:03:02] SUCCESS: Uploaded wp-content/uploads/thumbs/iframe/S/supermarket-manager-simulator.jpg to GitHub.
[2026-02-22 14:03:02] Uploading: wp-content/uploads/thumbs/iframe/S/supermarket-manager-simulator-300x225.jpg
[2026-02-22 14:03:02] COMPRESSED: /home/vnoam/public_html/veo.vnoam.com/wp-content/uploads/thumbs/iframe/S/supermarket-manager-simulator-300x225.jpg saved at Quality 75%
[2026-02-22 14:03:03] SUCCESS: Uploaded wp-content/uploads/thumbs/iframe/S/supermarket-manager-simulator-300x225.jpg to GitHub.
[2026-02-22 14:03:03] Uploading: wp-content/uploads/thumbs/iframe/S/supermarket-manager-simulator-150x150.jpg
[2026-02-22 14:03:03] COMPRESSED: /home/vnoam/public_html/veo.vnoam.com/wp-content/uploads/thumbs/iframe/S/supermarket-manager-simulator-150x150.jpg saved at Quality 75%
[2026-02-22 14:03:04] SUCCESS: Uploaded wp-content/uploads/thumbs/iframe/S/supermarket-manager-simulator-150x150.jpg to GitHub.
[2026-02-22 14:03:04] Uploading: wp-content/uploads/thumbs/iframe/S/supermarket-manager-simulator-127x127.jpg
[2026-02-22 14:03:04] COMPRESSED: /home/vnoam/public_html/veo.vnoam.com/wp-content/uploads/thumbs/iframe/S/supermarket-manager-simulator-127x127.jpg saved at Quality 75%
[2026-02-22 14:03:05] SUCCESS: Uploaded wp-content/uploads/thumbs/iframe/S/supermarket-manager-simulator-127x127.jpg to GitHub.
[2026-02-22 14:03:05] Uploading: wp-content/uploads/thumbs/iframe/S/super-mech-battle.jpg
[2026-02-22 14:03:05] COMPRESSED: /home/vnoam/public_html/veo.vnoam.com/wp-content/uploads/thumbs/iframe/S/super-mech-battle.jpg saved at Quality 75%
[2026-02-22 14:03:06] SUCCESS: Uploaded wp-content/uploads/thumbs/iframe/S/super-mech-battle.jpg to GitHub.
[2026-02-22 14:03:06] Uploading: wp-content/uploads/thumbs/iframe/S/super-mech-battle-300x225.jpg
[2026-02-22 14:03:07] COMPRESSED: /home/vnoam/public_html/veo.vnoam.com/wp-content/uploads/thumbs/iframe/S/super-mech-battle-300x225.jpg saved at Quality 75%
[2026-02-22 14:03:07] SUCCESS: Uploaded wp-content/uploads/thumbs/iframe/S/super-mech-battle-300x225.jpg to GitHub.
[2026-02-22 14:03:07] Uploading: wp-content/uploads/thumbs/iframe/S/super-mech-battle-150x150.jpg
[2026-02-22 14:03:08] COMPRESSED: /home/vnoam/public_html/veo.vnoam.com/wp-content/uploads/thumbs/iframe/S/super-mech-battle-150x150.jpg saved at Quality 75%
[2026-02-22 14:03:08] SUCCESS: Uploaded wp-content/uploads/thumbs/iframe/S/super-mech-battle-150x150.jpg to GitHub.
[2026-02-22 14:03:08] Uploading: wp-content/uploads/thumbs/iframe/S/super-mech-battle-127x127.jpg
[2026-02-22 14:03:08] COMPRESSED: /home/vnoam/public_html/veo.vnoam.com/wp-content/uploads/thumbs/iframe/S/super-mech-battle-127x127.jpg saved at Quality 75%
[2026-02-22 14:03:09] SUCCESS: Uploaded wp-content/uploads/thumbs/iframe/S/super-mech-battle-127x127.jpg to GitHub.
[2026-02-22 14:03:09] Uploading: wp-content/uploads/thumbs/iframe/S/shooting-world-gun-fire.jpg
[2026-02-22 14:03:09] COMPRESSED: /home/vnoam/public_html/veo.vnoam.com/wp-content/uploads/thumbs/iframe/S/shooting-world-gun-fire.jpg saved at Quality 75%
[2026-02-22 14:03:10] SUCCESS: Uploaded wp-content/uploads/thumbs/iframe/S/shooting-world-gun-fire.jpg to GitHub.
[2026-02-22 14:03:10] Uploading: wp-content/uploads/thumbs/iframe/S/shooting-world-gun-fire-300x225.jpg
[2026-02-22 14:03:10] COMPRESSED: /home/vnoam/public_html/veo.vnoam.com/wp-content/uploads/thumbs/iframe/S/shooting-world-gun-fire-300x225.jpg saved at Quality 75%
[2026-02-22 14:03:11] SUCCESS: Uploaded wp-content/uploads/thumbs/iframe/S/shooting-world-gun-fire-300x225.jpg to GitHub.
[2026-02-22 14:03:11] Uploading: wp-content/uploads/thumbs/iframe/S/shooting-world-gun-fire-150x150.jpg
[2026-02-22 14:03:11] COMPRESSED: /home/vnoam/public_html/veo.vnoam.com/wp-content/uploads/thumbs/iframe/S/shooting-world-gun-fire-150x150.jpg saved at Quality 75%
[2026-02-22 14:03:12] SUCCESS: Uploaded wp-content/uploads/thumbs/iframe/S/shooting-world-gun-fire-150x150.jpg to GitHub.
[2026-02-22 14:03:12] Uploading: wp-content/uploads/thumbs/iframe/S/shooting-world-gun-fire-127x127.jpg
[2026-02-22 14:03:13] COMPRESSED: /home/vnoam/public_html/veo.vnoam.com/wp-content/uploads/thumbs/iframe/S/shooting-world-gun-fire-127x127.jpg saved at Quality 75%
[2026-02-22 14:03:13] SUCCESS: Uploaded wp-content/uploads/thumbs/iframe/S/shooting-world-gun-fire-127x127.jpg to GitHub.
[2026-02-22 14:03:13] Uploading: wp-content/uploads/thumbs/iframe/S/shining-princess-fashion-makeover.jpg
[2026-02-22 14:03:14] COMPRESSED: /home/vnoam/public_html/veo.vnoam.com/wp-content/uploads/thumbs/iframe/S/shining-princess-fashion-makeover.jpg saved at Quality 75%
[2026-02-22 14:03:14] SUCCESS: Uploaded wp-content/uploads/thumbs/iframe/S/shining-princess-fashion-makeover.jpg to GitHub.
[2026-02-22 14:03:14] Uploading: wp-content/uploads/thumbs/iframe/S/shining-princess-fashion-makeover-300x225.jpg
[2026-02-22 14:03:15] COMPRESSED: /home/vnoam/public_html/veo.vnoam.com/wp-content/uploads/thumbs/iframe/S/shining-princess-fashion-makeover-300x225.jpg saved at Quality 75%
[2026-02-22 14:03:16] SUCCESS: Uploaded wp-content/uploads/thumbs/iframe/S/shining-princess-fashion-makeover-300x225.jpg to GitHub.
[2026-02-22 14:03:16] Uploading: wp-content/uploads/thumbs/iframe/S/shining-princess-fashion-makeover-150x150.jpg
[2026-02-22 14:03:16] COMPRESSED: /home/vnoam/public_html/veo.vnoam.com/wp-content/uploads/thumbs/iframe/S/shining-princess-fashion-makeover-150x150.jpg saved at Quality 75%
[2026-02-22 14:03:18] SUCCESS: Uploaded wp-content/uploads/thumbs/iframe/S/shining-princess-fashion-makeover-150x150.jpg to GitHub.
[2026-02-22 14:03:18] Uploading: wp-content/uploads/thumbs/iframe/S/shining-princess-fashion-makeover-127x127.jpg
[2026-02-22 14:03:18] COMPRESSED: /home/vnoam/public_html/veo.vnoam.com/wp-content/uploads/thumbs/iframe/S/shining-princess-fashion-makeover-127x127.jpg saved at Quality 75%
[2026-02-22 14:03:20] SUCCESS: Uploaded wp-content/uploads/thumbs/iframe/S/shining-princess-fashion-makeover-127x127.jpg to GitHub.
[2026-02-22 14:03:20] Uploading: wp-content/uploads/thumbs/iframe/S/sharpshooter-blitz.jpg
[2026-02-22 14:03:20] COMPRESSED: /home/vnoam/public_html/veo.vnoam.com/wp-content/uploads/thumbs/iframe/S/sharpshooter-blitz.jpg saved at Quality 75%
[2026-02-22 14:03:21] SUCCESS: Uploaded wp-content/uploads/thumbs/iframe/S/sharpshooter-blitz.jpg to GitHub.
[2026-02-22 14:03:21] Uploading: wp-content/uploads/thumbs/iframe/S/sharpshooter-blitz-150x135.jpg
[2026-02-22 14:03:21] COMPRESSED: /home/vnoam/public_html/veo.vnoam.com/wp-content/uploads/thumbs/iframe/S/sharpshooter-blitz-150x135.jpg saved at Quality 75%
[2026-02-22 14:03:22] SUCCESS: Uploaded wp-content/uploads/thumbs/iframe/S/sharpshooter-blitz-150x135.jpg to GitHub.
[2026-02-22 14:03:22] Uploading: wp-content/uploads/thumbs/iframe/S/sharpshooter-blitz-127x127.jpg
[2026-02-22 14:03:22] COMPRESSED: /home/vnoam/public_html/veo.vnoam.com/wp-content/uploads/thumbs/iframe/S/sharpshooter-blitz-127x127.jpg saved at Quality 75%
[2026-02-22 14:03:23] SUCCESS: Uploaded wp-content/uploads/thumbs/iframe/S/sharpshooter-blitz-127x127.jpg to GitHub.
[2026-02-22 14:03:23] Uploading: wp-content/uploads/thumbs/iframe/S/scavenger-hunt.jpg
[2026-02-22 14:03:23] COMPRESSED: /home/vnoam/public_html/veo.vnoam.com/wp-content/uploads/thumbs/iframe/S/scavenger-hunt.jpg saved at Quality 75%
[2026-02-22 14:03:24] SUCCESS: Uploaded wp-content/uploads/thumbs/iframe/S/scavenger-hunt.jpg to GitHub.
[2026-02-22 14:03:24] Uploading: wp-content/uploads/thumbs/iframe/S/scavenger-hunt-300x225.jpg
[2026-02-22 14:03:24] COMPRESSED: /home/vnoam/public_html/veo.vnoam.com/wp-content/uploads/thumbs/iframe/S/scavenger-hunt-300x225.jpg saved at Quality 75%
[2026-02-22 14:03:24] SUCCESS: Uploaded wp-content/uploads/thumbs/iframe/S/scavenger-hunt-300x225.jpg to GitHub.
[2026-02-22 14:03:24] Uploading: wp-content/uploads/thumbs/iframe/S/scavenger-hunt-150x150.jpg
[2026-02-22 14:03:25] COMPRESSED: /home/vnoam/public_html/veo.vnoam.com/wp-content/uploads/thumbs/iframe/S/scavenger-hunt-150x150.jpg saved at Quality 75%
[2026-02-22 14:03:25] SUCCESS: Uploaded wp-content/uploads/thumbs/iframe/S/scavenger-hunt-150x150.jpg to GitHub.
[2026-02-22 14:03:25] Uploading: wp-content/uploads/thumbs/iframe/S/scavenger-hunt-127x127.jpg
[2026-02-22 14:03:26] COMPRESSED: /home/vnoam/public_html/veo.vnoam.com/wp-content/uploads/thumbs/iframe/S/scavenger-hunt-127x127.jpg saved at Quality 75%
[2026-02-22 14:03:26] SUCCESS: Uploaded wp-content/uploads/thumbs/iframe/S/scavenger-hunt-127x127.jpg to GitHub.
[2026-02-22 14:03:26] Uploading: wp-content/uploads/thumbs/iframe/S/sandwich-runner.jpg
[2026-02-22 14:03:27] COMPRESSED: /home/vnoam/public_html/veo.vnoam.com/wp-content/uploads/thumbs/iframe/S/sandwich-runner.jpg saved at Quality 75%
[2026-02-22 14:03:27] SUCCESS: Uploaded wp-content/uploads/thumbs/iframe/S/sandwich-runner.jpg to GitHub.
[2026-02-22 14:03:37] Uploading: wp-content/uploads/thumbs/iframe/S/sandwich-runner-300x225.jpg
[2026-02-22 14:03:38] COMPRESSED: /home/vnoam/public_html/veo.vnoam.com/wp-content/uploads/thumbs/iframe/S/sandwich-runner-300x225.jpg saved at Quality 75%
[2026-02-22 14:03:38] SUCCESS: Uploaded wp-content/uploads/thumbs/iframe/S/sandwich-runner-300x225.jpg to GitHub.
[2026-02-22 14:03:38] Uploading: wp-content/uploads/thumbs/iframe/S/sandwich-runner-150x150.jpg
[2026-02-22 14:03:39] COMPRESSED: /home/vnoam/public_html/veo.vnoam.com/wp-content/uploads/thumbs/iframe/S/sandwich-runner-150x150.jpg saved at Quality 75%
[2026-02-22 14:03:39] SUCCESS: Uploaded wp-content/uploads/thumbs/iframe/S/sandwich-runner-150x150.jpg to GitHub.
[2026-02-22 14:03:39] Uploading: wp-content/uploads/thumbs/iframe/S/sandwich-runner-127x127.jpg
[2026-02-22 14:03:40] COMPRESSED: /home/vnoam/public_html/veo.vnoam.com/wp-content/uploads/thumbs/iframe/S/sandwich-runner-127x127.jpg saved at Quality 75%
[2026-02-22 14:03:40] SUCCESS: Uploaded wp-content/uploads/thumbs/iframe/S/sandwich-runner-127x127.jpg to GitHub.
[2026-02-22 14:03:40] Uploading: wp-content/uploads/thumbs/iframe/R/rope-puzzle.jpg
[2026-02-22 14:03:41] COMPRESSED: /home/vnoam/public_html/veo.vnoam.com/wp-content/uploads/thumbs/iframe/R/rope-puzzle.jpg saved at Quality 75%
[2026-02-22 14:03:42] SUCCESS: Uploaded wp-content/uploads/thumbs/iframe/R/rope-puzzle.jpg to GitHub.
[2026-02-22 14:03:42] Uploading: wp-content/uploads/thumbs/iframe/R/rope-puzzle-300x225.jpg
[2026-02-22 14:03:42] COMPRESSED: /home/vnoam/public_html/veo.vnoam.com/wp-content/uploads/thumbs/iframe/R/rope-puzzle-300x225.jpg saved at Quality 75%
[2026-02-22 14:03:43] SUCCESS: Uploaded wp-content/uploads/thumbs/iframe/R/rope-puzzle-300x225.jpg to GitHub.
[2026-02-22 14:03:43] Uploading: wp-content/uploads/thumbs/iframe/R/rope-puzzle-150x150.jpg
[2026-02-22 14:03:43] COMPRESSED: /home/vnoam/public_html/veo.vnoam.com/wp-content/uploads/thumbs/iframe/R/rope-puzzle-150x150.jpg saved at Quality 75%
[2026-02-22 14:03:44] SUCCESS: Uploaded wp-content/uploads/thumbs/iframe/R/rope-puzzle-150x150.jpg to GitHub.
[2026-02-22 14:03:44] Uploading: wp-content/uploads/thumbs/iframe/R/rope-puzzle-127x127.jpg
[2026-02-22 14:03:44] COMPRESSED: /home/vnoam/public_html/veo.vnoam.com/wp-content/uploads/thumbs/iframe/R/rope-puzzle-127x127.jpg saved at Quality 75%
[2026-02-22 14:03:45] SUCCESS: Uploaded wp-content/uploads/thumbs/iframe/R/rope-puzzle-127x127.jpg to GitHub.
[2026-02-22 14:03:45] Uploading: wp-content/uploads/thumbs/iframe/R/real-flight-simulator.jpg
[2026-02-22 14:03:45] COMPRESSED: /home/vnoam/public_html/veo.vnoam.com/wp-content/uploads/thumbs/iframe/R/real-flight-simulator.jpg saved at Quality 75%
[2026-02-22 14:03:45] SUCCESS: Uploaded wp-content/uploads/thumbs/iframe/R/real-flight-simulator.jpg to GitHub.
[2026-02-22 14:03:45] Uploading: wp-content/uploads/thumbs/iframe/R/real-flight-simulator-300x225.jpg
[2026-02-22 14:03:46] COMPRESSED: /home/vnoam/public_html/veo.vnoam.com/wp-content/uploads/thumbs/iframe/R/real-flight-simulator-300x225.jpg saved at Quality 75%
[2026-02-22 14:03:46] SUCCESS: Uploaded wp-content/uploads/thumbs/iframe/R/real-flight-simulator-300x225.jpg to GitHub.
[2026-02-22 14:03:46] Uploading: wp-content/uploads/thumbs/iframe/R/real-flight-simulator-150x150.jpg
[2026-02-22 14:03:47] COMPRESSED: /home/vnoam/public_html/veo.vnoam.com/wp-content/uploads/thumbs/iframe/R/real-flight-simulator-150x150.jpg saved at Quality 75%
[2026-02-22 14:03:47] SUCCESS: Uploaded wp-content/uploads/thumbs/iframe/R/real-flight-simulator-150x150.jpg to GitHub.
[2026-02-22 14:03:47] Uploading: wp-content/uploads/thumbs/iframe/R/real-flight-simulator-127x127.jpg
[2026-02-22 14:03:48] COMPRESSED: /home/vnoam/public_html/veo.vnoam.com/wp-content/uploads/thumbs/iframe/R/real-flight-simulator-127x127.jpg saved at Quality 75%
[2026-02-22 14:03:48] SUCCESS: Uploaded wp-content/uploads/thumbs/iframe/R/real-flight-simulator-127x127.jpg to GitHub.
[2026-02-22 14:03:48] Uploading: wp-content/uploads/thumbs/iframe/P/puzzle-box-brain-fun.jpg
[2026-02-22 14:03:48] COMPRESSED: /home/vnoam/public_html/veo.vnoam.com/wp-content/uploads/thumbs/iframe/P/puzzle-box-brain-fun.jpg saved at Quality 75%
[2026-02-22 14:03:49] SUCCESS: Uploaded wp-content/uploads/thumbs/iframe/P/puzzle-box-brain-fun.jpg to GitHub.
[2026-02-22 14:03:49] Uploading: wp-content/uploads/thumbs/iframe/P/puzzle-box-brain-fun-300x225.jpg
[2026-02-22 14:03:49] COMPRESSED: /home/vnoam/public_html/veo.vnoam.com/wp-content/uploads/thumbs/iframe/P/puzzle-box-brain-fun-300x225.jpg saved at Quality 75%
[2026-02-22 14:03:50] SUCCESS: Uploaded wp-content/uploads/thumbs/iframe/P/puzzle-box-brain-fun-300x225.jpg to GitHub.
[2026-02-22 14:03:50] Uploading: wp-content/uploads/thumbs/iframe/P/puzzle-box-brain-fun-150x150.jpg
[2026-02-22 14:03:50] COMPRESSED: /home/vnoam/public_html/veo.vnoam.com/wp-content/uploads/thumbs/iframe/P/puzzle-box-brain-fun-150x150.jpg saved at Quality 75%
[2026-02-22 14:03:51] SUCCESS: Uploaded wp-content/uploads/thumbs/iframe/P/puzzle-box-brain-fun-150x150.jpg to GitHub.
[2026-02-22 14:03:51] Uploading: wp-content/uploads/thumbs/iframe/P/puzzle-box-brain-fun-127x127.jpg
[2026-02-22 14:03:51] COMPRESSED: /home/vnoam/public_html/veo.vnoam.com/wp-content/uploads/thumbs/iframe/P/puzzle-box-brain-fun-127x127.jpg saved at Quality 75%
[2026-02-22 14:03:52] SUCCESS: Uploaded wp-content/uploads/thumbs/iframe/P/puzzle-box-brain-fun-127x127.jpg to GitHub.
[2026-02-22 14:03:52] Uploading: wp-content/uploads/thumbs/iframe/P/princess-back-spa-salon.jpg
[2026-02-22 14:03:52] COMPRESSED: /home/vnoam/public_html/veo.vnoam.com/wp-content/uploads/thumbs/iframe/P/princess-back-spa-salon.jpg saved at Quality 75%
[2026-02-22 14:03:53] SUCCESS: Uploaded wp-content/uploads/thumbs/iframe/P/princess-back-spa-salon.jpg to GitHub.
[2026-02-22 14:03:53] Uploading: wp-content/uploads/thumbs/iframe/P/princess-back-spa-salon-300x225.jpg
[2026-02-22 14:03:53] COMPRESSED: /home/vnoam/public_html/veo.vnoam.com/wp-content/uploads/thumbs/iframe/P/princess-back-spa-salon-300x225.jpg saved at Quality 75%
[2026-02-22 14:03:54] SUCCESS: Uploaded wp-content/uploads/thumbs/iframe/P/princess-back-spa-salon-300x225.jpg to GitHub.
[2026-02-22 14:03:54] Uploading: wp-content/uploads/thumbs/iframe/P/princess-back-spa-salon-150x150.jpg
[2026-02-22 14:03:54] COMPRESSED: /home/vnoam/public_html/veo.vnoam.com/wp-content/uploads/thumbs/iframe/P/princess-back-spa-salon-150x150.jpg saved at Quality 75%
[2026-02-22 14:03:55] SUCCESS: Uploaded wp-content/uploads/thumbs/iframe/P/princess-back-spa-salon-150x150.jpg to GitHub.
[2026-02-22 14:03:55] Uploading: wp-content/uploads/thumbs/iframe/P/princess-back-spa-salon-127x127.jpg
[2026-02-22 14:03:55] COMPRESSED: /home/vnoam/public_html/veo.vnoam.com/wp-content/uploads/thumbs/iframe/P/princess-back-spa-salon-127x127.jpg saved at Quality 75%
[2026-02-22 14:03:55] SUCCESS: Uploaded wp-content/uploads/thumbs/iframe/P/princess-back-spa-salon-127x127.jpg to GitHub.
[2026-02-22 14:03:55] Uploading: wp-content/uploads/thumbs/iframe/P/plug-head-race.jpg
[2026-02-22 14:03:56] COMPRESSED: /home/vnoam/public_html/veo.vnoam.com/wp-content/uploads/thumbs/iframe/P/plug-head-race.jpg saved at Quality 75%
[2026-02-22 14:03:57] SUCCESS: Uploaded wp-content/uploads/thumbs/iframe/P/plug-head-race.jpg to GitHub.
[2026-02-22 14:03:57] Uploading: wp-content/uploads/thumbs/iframe/P/plug-head-race-300x225.jpg
[2026-02-22 14:03:57] COMPRESSED: /home/vnoam/public_html/veo.vnoam.com/wp-content/uploads/thumbs/iframe/P/plug-head-race-300x225.jpg saved at Quality 75%
[2026-02-22 14:03:58] SUCCESS: Uploaded wp-content/uploads/thumbs/iframe/P/plug-head-race-300x225.jpg to GitHub.
[2026-02-22 14:03:58] Uploading: wp-content/uploads/thumbs/iframe/P/plug-head-race-150x150.jpg
[2026-02-22 14:03:58] COMPRESSED: /home/vnoam/public_html/veo.vnoam.com/wp-content/uploads/thumbs/iframe/P/plug-head-race-150x150.jpg saved at Quality 75%
[2026-02-22 14:03:59] SUCCESS: Uploaded wp-content/uploads/thumbs/iframe/P/plug-head-race-150x150.jpg to GitHub.
[2026-02-22 14:04:54] Uploading: wp-content/uploads/thumbs/iframe/P/plug-head-race-127x127.jpg
[2026-02-22 14:04:54] COMPRESSED: /home/vnoam/public_html/veo.vnoam.com/wp-content/uploads/thumbs/iframe/P/plug-head-race-127x127.jpg saved at Quality 75%
[2026-02-22 14:04:55] SUCCESS: Uploaded wp-content/uploads/thumbs/iframe/P/plug-head-race-127x127.jpg to GitHub.
[2026-02-22 14:04:55] Uploading: wp-content/uploads/thumbs/iframe/P/plants-vs-zombies-war.jpg
[2026-02-22 14:04:55] COMPRESSED: /home/vnoam/public_html/veo.vnoam.com/wp-content/uploads/thumbs/iframe/P/plants-vs-zombies-war.jpg saved at Quality 75%
[2026-02-22 14:04:56] SUCCESS: Uploaded wp-content/uploads/thumbs/iframe/P/plants-vs-zombies-war.jpg to GitHub.
[2026-02-22 14:04:56] Uploading: wp-content/uploads/thumbs/iframe/P/plants-vs-zombies-war-300x225.jpg
[2026-02-22 14:04:56] COMPRESSED: /home/vnoam/public_html/veo.vnoam.com/wp-content/uploads/thumbs/iframe/P/plants-vs-zombies-war-300x225.jpg saved at Quality 75%
[2026-02-22 14:04:57] SUCCESS: Uploaded wp-content/uploads/thumbs/iframe/P/plants-vs-zombies-war-300x225.jpg to GitHub.
[2026-02-22 14:04:57] Uploading: wp-content/uploads/thumbs/iframe/P/plants-vs-zombies-war-150x150.jpg
[2026-02-22 14:04:57] COMPRESSED: /home/vnoam/public_html/veo.vnoam.com/wp-content/uploads/thumbs/iframe/P/plants-vs-zombies-war-150x150.jpg saved at Quality 75%
[2026-02-22 14:04:58] SUCCESS: Uploaded wp-content/uploads/thumbs/iframe/P/plants-vs-zombies-war-150x150.jpg to GitHub.
[2026-02-22 14:04:58] Uploading: wp-content/uploads/thumbs/iframe/P/plants-vs-zombies-war-127x127.jpg
[2026-02-22 14:04:58] COMPRESSED: /home/vnoam/public_html/veo.vnoam.com/wp-content/uploads/thumbs/iframe/P/plants-vs-zombies-war-127x127.jpg saved at Quality 75%
[2026-02-22 14:04:59] SUCCESS: Uploaded wp-content/uploads/thumbs/iframe/P/plants-vs-zombies-war-127x127.jpg to GitHub.
[2026-02-22 14:04:59] Uploading: wp-content/uploads/thumbs/iframe/P/pizza-maker-cooking.jpg
[2026-02-22 14:04:59] COMPRESSED: /home/vnoam/public_html/veo.vnoam.com/wp-content/uploads/thumbs/iframe/P/pizza-maker-cooking.jpg saved at Quality 75%
[2026-02-22 14:05:00] SUCCESS: Uploaded wp-content/uploads/thumbs/iframe/P/pizza-maker-cooking.jpg to GitHub.
[2026-02-22 14:05:00] Uploading: wp-content/uploads/thumbs/iframe/P/pizza-maker-cooking-150x135.jpg
[2026-02-22 14:05:00] COMPRESSED: /home/vnoam/public_html/veo.vnoam.com/wp-content/uploads/thumbs/iframe/P/pizza-maker-cooking-150x135.jpg saved at Quality 75%
[2026-02-22 14:05:01] SUCCESS: Uploaded wp-content/uploads/thumbs/iframe/P/pizza-maker-cooking-150x135.jpg to GitHub.
[2026-02-22 14:05:01] Uploading: wp-content/uploads/thumbs/iframe/P/pizza-maker-cooking-127x127.jpg
[2026-02-22 14:05:01] COMPRESSED: /home/vnoam/public_html/veo.vnoam.com/wp-content/uploads/thumbs/iframe/P/pizza-maker-cooking-127x127.jpg saved at Quality 75%
[2026-02-22 14:05:02] SUCCESS: Uploaded wp-content/uploads/thumbs/iframe/P/pizza-maker-cooking-127x127.jpg to GitHub.
[2026-02-22 14:05:02] Uploading: wp-content/uploads/thumbs/iframe/P/pin-puzzle-save-the-sheep.jpg
[2026-02-22 14:05:03] COMPRESSED: /home/vnoam/public_html/veo.vnoam.com/wp-content/uploads/thumbs/iframe/P/pin-puzzle-save-the-sheep.jpg saved at Quality 75%
[2026-02-22 14:05:03] SUCCESS: Uploaded wp-content/uploads/thumbs/iframe/P/pin-puzzle-save-the-sheep.jpg to GitHub.
[2026-02-22 14:05:03] Uploading: wp-content/uploads/thumbs/iframe/P/pin-puzzle-save-the-sheep-300x225.jpg
[2026-02-22 14:05:04] COMPRESSED: /home/vnoam/public_html/veo.vnoam.com/wp-content/uploads/thumbs/iframe/P/pin-puzzle-save-the-sheep-300x225.jpg saved at Quality 75%
[2026-02-22 14:05:04] SUCCESS: Uploaded wp-content/uploads/thumbs/iframe/P/pin-puzzle-save-the-sheep-300x225.jpg to GitHub.
[2026-02-22 14:05:04] Uploading: wp-content/uploads/thumbs/iframe/P/pin-puzzle-save-the-sheep-150x150.jpg
[2026-02-22 14:05:04] COMPRESSED: /home/vnoam/public_html/veo.vnoam.com/wp-content/uploads/thumbs/iframe/P/pin-puzzle-save-the-sheep-150x150.jpg saved at Quality 75%
[2026-02-22 14:05:05] SUCCESS: Uploaded wp-content/uploads/thumbs/iframe/P/pin-puzzle-save-the-sheep-150x150.jpg to GitHub.
[2026-02-22 14:05:05] Uploading: wp-content/uploads/thumbs/iframe/P/pin-puzzle-save-the-sheep-127x127.jpg
[2026-02-22 14:05:05] COMPRESSED: /home/vnoam/public_html/veo.vnoam.com/wp-content/uploads/thumbs/iframe/P/pin-puzzle-save-the-sheep-127x127.jpg saved at Quality 75%
[2026-02-22 14:05:06] SUCCESS: Uploaded wp-content/uploads/thumbs/iframe/P/pin-puzzle-save-the-sheep-127x127.jpg to GitHub.
[2026-02-22 14:05:06] Uploading: wp-content/uploads/thumbs/iframe/P/phone-case-diy-run.jpg
[2026-02-22 14:05:06] COMPRESSED: /home/vnoam/public_html/veo.vnoam.com/wp-content/uploads/thumbs/iframe/P/phone-case-diy-run.jpg saved at Quality 75%
[2026-02-22 14:05:07] SUCCESS: Uploaded wp-content/uploads/thumbs/iframe/P/phone-case-diy-run.jpg to GitHub.
[2026-02-22 14:05:07] Uploading: wp-content/uploads/thumbs/iframe/P/phone-case-diy-run-300x225.jpg
[2026-02-22 14:05:07] COMPRESSED: /home/vnoam/public_html/veo.vnoam.com/wp-content/uploads/thumbs/iframe/P/phone-case-diy-run-300x225.jpg saved at Quality 75%
[2026-02-22 14:05:08] SUCCESS: Uploaded wp-content/uploads/thumbs/iframe/P/phone-case-diy-run-300x225.jpg to GitHub.
[2026-02-22 14:05:08] Uploading: wp-content/uploads/thumbs/iframe/P/phone-case-diy-run-150x150.jpg
[2026-02-22 14:05:08] COMPRESSED: /home/vnoam/public_html/veo.vnoam.com/wp-content/uploads/thumbs/iframe/P/phone-case-diy-run-150x150.jpg saved at Quality 75%
[2026-02-22 14:05:09] SUCCESS: Uploaded wp-content/uploads/thumbs/iframe/P/phone-case-diy-run-150x150.jpg to GitHub.
[2026-02-22 14:05:09] Uploading: wp-content/uploads/thumbs/iframe/P/phone-case-diy-run-127x127.jpg
[2026-02-22 14:05:09] COMPRESSED: /home/vnoam/public_html/veo.vnoam.com/wp-content/uploads/thumbs/iframe/P/phone-case-diy-run-127x127.jpg saved at Quality 75%
[2026-02-22 14:05:09] SUCCESS: Uploaded wp-content/uploads/thumbs/iframe/P/phone-case-diy-run-127x127.jpg to GitHub.
[2026-02-22 14:05:09] Uploading: wp-content/uploads/thumbs/iframe/P/pencil-girl-dress-up.jpg
[2026-02-22 14:05:10] COMPRESSED: /home/vnoam/public_html/veo.vnoam.com/wp-content/uploads/thumbs/iframe/P/pencil-girl-dress-up.jpg saved at Quality 75%
[2026-02-22 14:05:10] SUCCESS: Uploaded wp-content/uploads/thumbs/iframe/P/pencil-girl-dress-up.jpg to GitHub.
[2026-02-22 14:05:10] Uploading: wp-content/uploads/thumbs/iframe/P/pencil-girl-dress-up-150x135.jpg
[2026-02-22 14:05:11] COMPRESSED: /home/vnoam/public_html/veo.vnoam.com/wp-content/uploads/thumbs/iframe/P/pencil-girl-dress-up-150x135.jpg saved at Quality 75%
[2026-02-22 14:05:11] SUCCESS: Uploaded wp-content/uploads/thumbs/iframe/P/pencil-girl-dress-up-150x135.jpg to GitHub.
[2026-02-22 14:05:11] Uploading: wp-content/uploads/thumbs/iframe/P/pencil-girl-dress-up-127x127.jpg
[2026-02-22 14:05:11] COMPRESSED: /home/vnoam/public_html/veo.vnoam.com/wp-content/uploads/thumbs/iframe/P/pencil-girl-dress-up-127x127.jpg saved at Quality 75%
[2026-02-22 14:05:12] SUCCESS: Uploaded wp-content/uploads/thumbs/iframe/P/pencil-girl-dress-up-127x127.jpg to GitHub.
[2026-02-22 14:05:12] Uploading: wp-content/uploads/thumbs/iframe/P/peanut-butter-jelly-sandwich.jpg
[2026-02-22 14:05:12] COMPRESSED: /home/vnoam/public_html/veo.vnoam.com/wp-content/uploads/thumbs/iframe/P/peanut-butter-jelly-sandwich.jpg saved at Quality 75%
[2026-02-22 14:05:13] SUCCESS: Uploaded wp-content/uploads/thumbs/iframe/P/peanut-butter-jelly-sandwich.jpg to GitHub.
[2026-02-22 14:05:13] Uploading: wp-content/uploads/thumbs/iframe/P/peanut-butter-jelly-sandwich-300x225.jpg
[2026-02-22 14:05:13] COMPRESSED: /home/vnoam/public_html/veo.vnoam.com/wp-content/uploads/thumbs/iframe/P/peanut-butter-jelly-sandwich-300x225.jpg saved at Quality 75%
[2026-02-22 14:05:14] SUCCESS: Uploaded wp-content/uploads/thumbs/iframe/P/peanut-butter-jelly-sandwich-300x225.jpg to GitHub.
[2026-02-22 14:05:14] Uploading: wp-content/uploads/thumbs/iframe/P/peanut-butter-jelly-sandwich-150x150.jpg
[2026-02-22 14:05:14] COMPRESSED: /home/vnoam/public_html/veo.vnoam.com/wp-content/uploads/thumbs/iframe/P/peanut-butter-jelly-sandwich-150x150.jpg saved at Quality 75%
[2026-02-22 14:05:15] SUCCESS: Uploaded wp-content/uploads/thumbs/iframe/P/peanut-butter-jelly-sandwich-150x150.jpg to GitHub.
[2026-02-22 14:05:15] Uploading: wp-content/uploads/thumbs/iframe/P/peanut-butter-jelly-sandwich-127x127.jpg
[2026-02-22 14:05:15] COMPRESSED: /home/vnoam/public_html/veo.vnoam.com/wp-content/uploads/thumbs/iframe/P/peanut-butter-jelly-sandwich-127x127.jpg saved at Quality 75%
[2026-02-22 14:05:16] SUCCESS: Uploaded wp-content/uploads/thumbs/iframe/P/peanut-butter-jelly-sandwich-127x127.jpg to GitHub.
[2026-02-22 14:05:16] Uploading: wp-content/uploads/thumbs/iframe/N/nana-diy-dress-cake.jpg
[2026-02-22 14:05:16] COMPRESSED: /home/vnoam/public_html/veo.vnoam.com/wp-content/uploads/thumbs/iframe/N/nana-diy-dress-cake.jpg saved at Quality 75%
[2026-02-22 14:05:17] SUCCESS: Uploaded wp-content/uploads/thumbs/iframe/N/nana-diy-dress-cake.jpg to GitHub.
[2026-02-22 14:05:17] Uploading: wp-content/uploads/thumbs/iframe/N/nana-diy-dress-cake-300x225.jpg
[2026-02-22 14:05:17] COMPRESSED: /home/vnoam/public_html/veo.vnoam.com/wp-content/uploads/thumbs/iframe/N/nana-diy-dress-cake-300x225.jpg saved at Quality 75%
[2026-02-22 14:05:17] SUCCESS: Uploaded wp-content/uploads/thumbs/iframe/N/nana-diy-dress-cake-300x225.jpg to GitHub.
[2026-02-22 14:05:17] Uploading: wp-content/uploads/thumbs/iframe/N/nana-diy-dress-cake-150x150.jpg
[2026-02-22 14:05:18] COMPRESSED: /home/vnoam/public_html/veo.vnoam.com/wp-content/uploads/thumbs/iframe/N/nana-diy-dress-cake-150x150.jpg saved at Quality 75%
[2026-02-22 14:05:18] SUCCESS: Uploaded wp-content/uploads/thumbs/iframe/N/nana-diy-dress-cake-150x150.jpg to GitHub.
[2026-02-22 14:05:18] Uploading: wp-content/uploads/thumbs/iframe/N/nana-diy-dress-cake-127x127.jpg
[2026-02-22 14:05:19] COMPRESSED: /home/vnoam/public_html/veo.vnoam.com/wp-content/uploads/thumbs/iframe/N/nana-diy-dress-cake-127x127.jpg saved at Quality 75%
[2026-02-22 14:05:19] SUCCESS: Uploaded wp-content/uploads/thumbs/iframe/N/nana-diy-dress-cake-127x127.jpg to GitHub.
[2026-02-22 14:05:19] Uploading: wp-content/uploads/thumbs/iframe/M/my-virtual-dog-care.jpg
[2026-02-22 14:05:20] COMPRESSED: /home/vnoam/public_html/veo.vnoam.com/wp-content/uploads/thumbs/iframe/M/my-virtual-dog-care.jpg saved at Quality 75%
[2026-02-22 14:05:20] SUCCESS: Uploaded wp-content/uploads/thumbs/iframe/M/my-virtual-dog-care.jpg to GitHub.
[2026-02-22 14:05:20] Uploading: wp-content/uploads/thumbs/iframe/M/my-virtual-dog-care-300x225.jpg
[2026-02-22 14:05:21] COMPRESSED: /home/vnoam/public_html/veo.vnoam.com/wp-content/uploads/thumbs/iframe/M/my-virtual-dog-care-300x225.jpg saved at Quality 75%
[2026-02-22 14:05:21] SUCCESS: Uploaded wp-content/uploads/thumbs/iframe/M/my-virtual-dog-care-300x225.jpg to GitHub.
[2026-02-22 14:05:21] Uploading: wp-content/uploads/thumbs/iframe/M/my-virtual-dog-care-150x150.jpg
[2026-02-22 14:05:22] COMPRESSED: /home/vnoam/public_html/veo.vnoam.com/wp-content/uploads/thumbs/iframe/M/my-virtual-dog-care-150x150.jpg saved at Quality 75%
[2026-02-22 14:05:22] SUCCESS: Uploaded wp-content/uploads/thumbs/iframe/M/my-virtual-dog-care-150x150.jpg to GitHub.
[2026-02-22 14:05:22] Uploading: wp-content/uploads/thumbs/iframe/M/my-virtual-dog-care-127x127.jpg
[2026-02-22 14:05:23] COMPRESSED: /home/vnoam/public_html/veo.vnoam.com/wp-content/uploads/thumbs/iframe/M/my-virtual-dog-care-127x127.jpg saved at Quality 75%
[2026-02-22 14:05:23] SUCCESS: Uploaded wp-content/uploads/thumbs/iframe/M/my-virtual-dog-care-127x127.jpg to GitHub.
[2026-02-22 14:05:23] Uploading: wp-content/uploads/thumbs/iframe/M/my-perfect-hotel.jpg
[2026-02-22 14:05:24] COMPRESSED: /home/vnoam/public_html/veo.vnoam.com/wp-content/uploads/thumbs/iframe/M/my-perfect-hotel.jpg saved at Quality 75%
[2026-02-22 14:05:24] SUCCESS: Uploaded wp-content/uploads/thumbs/iframe/M/my-perfect-hotel.jpg to GitHub.
[2026-02-22 14:05:24] Uploading: wp-content/uploads/thumbs/iframe/M/my-perfect-hotel-300x225.jpg
[2026-02-22 14:05:25] COMPRESSED: /home/vnoam/public_html/veo.vnoam.com/wp-content/uploads/thumbs/iframe/M/my-perfect-hotel-300x225.jpg saved at Quality 75%
[2026-02-22 14:05:25] SUCCESS: Uploaded wp-content/uploads/thumbs/iframe/M/my-perfect-hotel-300x225.jpg to GitHub.
[2026-02-22 14:05:25] Uploading: wp-content/uploads/thumbs/iframe/M/my-perfect-hotel-150x150.jpg
[2026-02-22 14:05:26] COMPRESSED: /home/vnoam/public_html/veo.vnoam.com/wp-content/uploads/thumbs/iframe/M/my-perfect-hotel-150x150.jpg saved at Quality 75%
[2026-02-22 14:05:26] SUCCESS: Uploaded wp-content/uploads/thumbs/iframe/M/my-perfect-hotel-150x150.jpg to GitHub.
[2026-02-22 14:05:26] Uploading: wp-content/uploads/thumbs/iframe/M/my-perfect-hotel-127x127.jpg
[2026-02-22 14:05:26] COMPRESSED: /home/vnoam/public_html/veo.vnoam.com/wp-content/uploads/thumbs/iframe/M/my-perfect-hotel-127x127.jpg saved at Quality 75%
[2026-02-22 14:05:27] SUCCESS: Uploaded wp-content/uploads/thumbs/iframe/M/my-perfect-hotel-127x127.jpg to GitHub.
[2026-02-22 14:05:27] Uploading: wp-content/uploads/thumbs/iframe/M/my-newborn-baby-twins-care.jpg
[2026-02-22 14:05:27] COMPRESSED: /home/vnoam/public_html/veo.vnoam.com/wp-content/uploads/thumbs/iframe/M/my-newborn-baby-twins-care.jpg saved at Quality 75%
[2026-02-22 14:05:29] SUCCESS: Uploaded wp-content/uploads/thumbs/iframe/M/my-newborn-baby-twins-care.jpg to GitHub.
[2026-02-22 14:05:29] Uploading: wp-content/uploads/thumbs/iframe/M/my-newborn-baby-twins-care-300x225.jpg
[2026-02-22 14:05:30] COMPRESSED: /home/vnoam/public_html/veo.vnoam.com/wp-content/uploads/thumbs/iframe/M/my-newborn-baby-twins-care-300x225.jpg saved at Quality 75%
[2026-02-22 14:05:30] SUCCESS: Uploaded wp-content/uploads/thumbs/iframe/M/my-newborn-baby-twins-care-300x225.jpg to GitHub.
[2026-02-22 14:05:30] Uploading: wp-content/uploads/thumbs/iframe/M/my-newborn-baby-twins-care-150x150.jpg
[2026-02-22 14:05:31] COMPRESSED: /home/vnoam/public_html/veo.vnoam.com/wp-content/uploads/thumbs/iframe/M/my-newborn-baby-twins-care-150x150.jpg saved at Quality 75%
[2026-02-22 14:05:31] SUCCESS: Uploaded wp-content/uploads/thumbs/iframe/M/my-newborn-baby-twins-care-150x150.jpg to GitHub.
[2026-02-22 14:05:31] Uploading: wp-content/uploads/thumbs/iframe/M/my-newborn-baby-twins-care-127x127.jpg
[2026-02-22 14:05:32] COMPRESSED: /home/vnoam/public_html/veo.vnoam.com/wp-content/uploads/thumbs/iframe/M/my-newborn-baby-twins-care-127x127.jpg saved at Quality 75%
[2026-02-22 14:05:32] SUCCESS: Uploaded wp-content/uploads/thumbs/iframe/M/my-newborn-baby-twins-care-127x127.jpg to GitHub.
[2026-02-22 14:05:54] Uploading: wp-content/uploads/thumbs/iframe/M/my-little-universe.jpg
[2026-02-22 14:05:54] COMPRESSED: /home/vnoam/public_html/veo.vnoam.com/wp-content/uploads/thumbs/iframe/M/my-little-universe.jpg saved at Quality 75%
[2026-02-22 14:05:55] SUCCESS: Uploaded wp-content/uploads/thumbs/iframe/M/my-little-universe.jpg to GitHub.
[2026-02-22 14:05:55] Uploading: wp-content/uploads/thumbs/iframe/M/my-little-universe-300x225.jpg
[2026-02-22 14:05:55] COMPRESSED: /home/vnoam/public_html/veo.vnoam.com/wp-content/uploads/thumbs/iframe/M/my-little-universe-300x225.jpg saved at Quality 75%
[2026-02-22 14:05:56] SUCCESS: Uploaded wp-content/uploads/thumbs/iframe/M/my-little-universe-300x225.jpg to GitHub.
[2026-02-22 14:05:56] Uploading: wp-content/uploads/thumbs/iframe/M/my-little-universe-150x150.jpg
[2026-02-22 14:05:56] COMPRESSED: /home/vnoam/public_html/veo.vnoam.com/wp-content/uploads/thumbs/iframe/M/my-little-universe-150x150.jpg saved at Quality 75%
[2026-02-22 14:05:57] SUCCESS: Uploaded wp-content/uploads/thumbs/iframe/M/my-little-universe-150x150.jpg to GitHub.
[2026-02-22 14:05:57] Uploading: wp-content/uploads/thumbs/iframe/M/my-little-universe-127x127.jpg
[2026-02-22 14:05:57] COMPRESSED: /home/vnoam/public_html/veo.vnoam.com/wp-content/uploads/thumbs/iframe/M/my-little-universe-127x127.jpg saved at Quality 75%
[2026-02-22 14:05:58] SUCCESS: Uploaded wp-content/uploads/thumbs/iframe/M/my-little-universe-127x127.jpg to GitHub.
[2026-02-22 14:05:58] Uploading: wp-content/uploads/thumbs/iframe/M/my-little-cat.jpg
[2026-02-22 14:05:58] COMPRESSED: /home/vnoam/public_html/veo.vnoam.com/wp-content/uploads/thumbs/iframe/M/my-little-cat.jpg saved at Quality 75%
[2026-02-22 14:05:59] SUCCESS: Uploaded wp-content/uploads/thumbs/iframe/M/my-little-cat.jpg to GitHub.
[2026-02-22 14:05:59] Uploading: wp-content/uploads/thumbs/iframe/M/my-little-cat-300x225.jpg
[2026-02-22 14:05:59] COMPRESSED: /home/vnoam/public_html/veo.vnoam.com/wp-content/uploads/thumbs/iframe/M/my-little-cat-300x225.jpg saved at Quality 75%
[2026-02-22 14:06:00] SUCCESS: Uploaded wp-content/uploads/thumbs/iframe/M/my-little-cat-300x225.jpg to GitHub.
[2026-02-22 14:06:00] Uploading: wp-content/uploads/thumbs/iframe/M/my-little-cat-150x150.jpg
[2026-02-22 14:06:00] COMPRESSED: /home/vnoam/public_html/veo.vnoam.com/wp-content/uploads/thumbs/iframe/M/my-little-cat-150x150.jpg saved at Quality 75%
[2026-02-22 14:06:00] SUCCESS: Uploaded wp-content/uploads/thumbs/iframe/M/my-little-cat-150x150.jpg to GitHub.
[2026-02-22 14:06:00] Uploading: wp-content/uploads/thumbs/iframe/M/my-little-cat-127x127.jpg
[2026-02-22 14:06:01] COMPRESSED: /home/vnoam/public_html/veo.vnoam.com/wp-content/uploads/thumbs/iframe/M/my-little-cat-127x127.jpg saved at Quality 75%
[2026-02-22 14:06:01] SUCCESS: Uploaded wp-content/uploads/thumbs/iframe/M/my-little-cat-127x127.jpg to GitHub.
[2026-02-22 14:06:01] Uploading: wp-content/uploads/thumbs/iframe/M/my-baby-unicorn-2.jpg
[2026-02-22 14:06:02] COMPRESSED: /home/vnoam/public_html/veo.vnoam.com/wp-content/uploads/thumbs/iframe/M/my-baby-unicorn-2.jpg saved at Quality 75%
[2026-02-22 14:06:02] SUCCESS: Uploaded wp-content/uploads/thumbs/iframe/M/my-baby-unicorn-2.jpg to GitHub.
[2026-02-22 14:06:02] Uploading: wp-content/uploads/thumbs/iframe/M/my-baby-unicorn-2-300x225.jpg
[2026-02-22 14:06:03] COMPRESSED: /home/vnoam/public_html/veo.vnoam.com/wp-content/uploads/thumbs/iframe/M/my-baby-unicorn-2-300x225.jpg saved at Quality 75%
[2026-02-22 14:06:03] SUCCESS: Uploaded wp-content/uploads/thumbs/iframe/M/my-baby-unicorn-2-300x225.jpg to GitHub.
[2026-02-22 14:06:03] Uploading: wp-content/uploads/thumbs/iframe/M/my-baby-unicorn-2-150x150.jpg
[2026-02-22 14:06:04] COMPRESSED: /home/vnoam/public_html/veo.vnoam.com/wp-content/uploads/thumbs/iframe/M/my-baby-unicorn-2-150x150.jpg saved at Quality 75%
[2026-02-22 14:06:04] SUCCESS: Uploaded wp-content/uploads/thumbs/iframe/M/my-baby-unicorn-2-150x150.jpg to GitHub.
[2026-02-22 14:06:04] Uploading: wp-content/uploads/thumbs/iframe/M/my-baby-unicorn-2-127x127.jpg
[2026-02-22 14:06:05] COMPRESSED: /home/vnoam/public_html/veo.vnoam.com/wp-content/uploads/thumbs/iframe/M/my-baby-unicorn-2-127x127.jpg saved at Quality 75%
[2026-02-22 14:06:05] SUCCESS: Uploaded wp-content/uploads/thumbs/iframe/M/my-baby-unicorn-2-127x127.jpg to GitHub.
[2026-02-22 14:06:05] Uploading: wp-content/uploads/thumbs/iframe/M/moto-bike-offroad-racing.jpg
[2026-02-22 14:06:05] COMPRESSED: /home/vnoam/public_html/veo.vnoam.com/wp-content/uploads/thumbs/iframe/M/moto-bike-offroad-racing.jpg saved at Quality 75%
[2026-02-22 14:06:06] SUCCESS: Uploaded wp-content/uploads/thumbs/iframe/M/moto-bike-offroad-racing.jpg to GitHub.
[2026-02-22 14:06:06] Uploading: wp-content/uploads/thumbs/iframe/M/moto-bike-offroad-racing-150x135.jpg
[2026-02-22 14:06:06] COMPRESSED: /home/vnoam/public_html/veo.vnoam.com/wp-content/uploads/thumbs/iframe/M/moto-bike-offroad-racing-150x135.jpg saved at Quality 75%
[2026-02-22 14:06:07] SUCCESS: Uploaded wp-content/uploads/thumbs/iframe/M/moto-bike-offroad-racing-150x135.jpg to GitHub.
[2026-02-22 14:06:07] Uploading: wp-content/uploads/thumbs/iframe/M/moto-bike-offroad-racing-127x127.jpg
[2026-02-22 14:06:07] COMPRESSED: /home/vnoam/public_html/veo.vnoam.com/wp-content/uploads/thumbs/iframe/M/moto-bike-offroad-racing-127x127.jpg saved at Quality 75%
[2026-02-22 14:06:08] SUCCESS: Uploaded wp-content/uploads/thumbs/iframe/M/moto-bike-offroad-racing-127x127.jpg to GitHub.
[2026-02-22 14:06:08] Uploading: wp-content/uploads/thumbs/iframe/M/monster-truck-crush.jpg
[2026-02-22 14:06:09] COMPRESSED: /home/vnoam/public_html/veo.vnoam.com/wp-content/uploads/thumbs/iframe/M/monster-truck-crush.jpg saved at Quality 75%
[2026-02-22 14:06:09] SUCCESS: Uploaded wp-content/uploads/thumbs/iframe/M/monster-truck-crush.jpg to GitHub.
[2026-02-22 14:06:09] Uploading: wp-content/uploads/thumbs/iframe/M/monster-truck-crush-300x225.jpg
[2026-02-22 14:06:10] COMPRESSED: /home/vnoam/public_html/veo.vnoam.com/wp-content/uploads/thumbs/iframe/M/monster-truck-crush-300x225.jpg saved at Quality 75%
[2026-02-22 14:06:11] SUCCESS: Uploaded wp-content/uploads/thumbs/iframe/M/monster-truck-crush-300x225.jpg to GitHub.
[2026-02-22 14:06:11] Uploading: wp-content/uploads/thumbs/iframe/M/monster-truck-crush-150x150.jpg
[2026-02-22 14:06:11] COMPRESSED: /home/vnoam/public_html/veo.vnoam.com/wp-content/uploads/thumbs/iframe/M/monster-truck-crush-150x150.jpg saved at Quality 75%
[2026-02-22 14:06:12] SUCCESS: Uploaded wp-content/uploads/thumbs/iframe/M/monster-truck-crush-150x150.jpg to GitHub.
[2026-02-22 14:06:12] Uploading: wp-content/uploads/thumbs/iframe/M/monster-truck-crush-127x127.jpg
[2026-02-22 14:06:12] COMPRESSED: /home/vnoam/public_html/veo.vnoam.com/wp-content/uploads/thumbs/iframe/M/monster-truck-crush-127x127.jpg saved at Quality 75%
[2026-02-22 14:06:13] SUCCESS: Uploaded wp-content/uploads/thumbs/iframe/M/monster-truck-crush-127x127.jpg to GitHub.
[2026-02-22 14:06:13] Uploading: wp-content/uploads/thumbs/iframe/M/mineblock-gun-shooting.jpg
[2026-02-22 14:06:13] COMPRESSED: /home/vnoam/public_html/veo.vnoam.com/wp-content/uploads/thumbs/iframe/M/mineblock-gun-shooting.jpg saved at Quality 75%
[2026-02-22 14:06:14] SUCCESS: Uploaded wp-content/uploads/thumbs/iframe/M/mineblock-gun-shooting.jpg to GitHub.
[2026-02-22 14:06:14] Uploading: wp-content/uploads/thumbs/iframe/M/mineblock-gun-shooting-300x225.jpg
[2026-02-22 14:06:14] COMPRESSED: /home/vnoam/public_html/veo.vnoam.com/wp-content/uploads/thumbs/iframe/M/mineblock-gun-shooting-300x225.jpg saved at Quality 75%
[2026-02-22 14:06:15] SUCCESS: Uploaded wp-content/uploads/thumbs/iframe/M/mineblock-gun-shooting-300x225.jpg to GitHub.
[2026-02-22 14:06:15] Uploading: wp-content/uploads/thumbs/iframe/M/mineblock-gun-shooting-150x150.jpg
[2026-02-22 14:06:15] COMPRESSED: /home/vnoam/public_html/veo.vnoam.com/wp-content/uploads/thumbs/iframe/M/mineblock-gun-shooting-150x150.jpg saved at Quality 75%
[2026-02-22 14:06:16] SUCCESS: Uploaded wp-content/uploads/thumbs/iframe/M/mineblock-gun-shooting-150x150.jpg to GitHub.
[2026-02-22 14:06:16] Uploading: wp-content/uploads/thumbs/iframe/M/mineblock-gun-shooting-127x127.jpg
[2026-02-22 14:06:16] COMPRESSED: /home/vnoam/public_html/veo.vnoam.com/wp-content/uploads/thumbs/iframe/M/mineblock-gun-shooting-127x127.jpg saved at Quality 75%
[2026-02-22 14:06:17] SUCCESS: Uploaded wp-content/uploads/thumbs/iframe/M/mineblock-gun-shooting-127x127.jpg to GitHub.
[2026-02-22 14:06:17] Uploading: wp-content/uploads/thumbs/iframe/M/mermaid-glitter-cake-maker.jpg
[2026-02-22 14:06:17] COMPRESSED: /home/vnoam/public_html/veo.vnoam.com/wp-content/uploads/thumbs/iframe/M/mermaid-glitter-cake-maker.jpg saved at Quality 75%
[2026-02-22 14:06:18] SUCCESS: Uploaded wp-content/uploads/thumbs/iframe/M/mermaid-glitter-cake-maker.jpg to GitHub.
[2026-02-22 14:06:18] Uploading: wp-content/uploads/thumbs/iframe/M/mermaid-glitter-cake-maker-300x225.jpg
[2026-02-22 14:06:18] COMPRESSED: /home/vnoam/public_html/veo.vnoam.com/wp-content/uploads/thumbs/iframe/M/mermaid-glitter-cake-maker-300x225.jpg saved at Quality 75%
[2026-02-22 14:06:18] SUCCESS: Uploaded wp-content/uploads/thumbs/iframe/M/mermaid-glitter-cake-maker-300x225.jpg to GitHub.
[2026-02-22 14:06:18] Uploading: wp-content/uploads/thumbs/iframe/M/mermaid-glitter-cake-maker-150x150.jpg
[2026-02-22 14:06:19] COMPRESSED: /home/vnoam/public_html/veo.vnoam.com/wp-content/uploads/thumbs/iframe/M/mermaid-glitter-cake-maker-150x150.jpg saved at Quality 75%
[2026-02-22 14:06:19] SUCCESS: Uploaded wp-content/uploads/thumbs/iframe/M/mermaid-glitter-cake-maker-150x150.jpg to GitHub.
[2026-02-22 14:06:19] Uploading: wp-content/uploads/thumbs/iframe/M/mermaid-glitter-cake-maker-127x127.jpg
[2026-02-22 14:06:19] COMPRESSED: /home/vnoam/public_html/veo.vnoam.com/wp-content/uploads/thumbs/iframe/M/mermaid-glitter-cake-maker-127x127.jpg saved at Quality 75%
[2026-02-22 14:06:20] SUCCESS: Uploaded wp-content/uploads/thumbs/iframe/M/mermaid-glitter-cake-maker-127x127.jpg to GitHub.
[2026-02-22 14:06:20] Uploading: wp-content/uploads/thumbs/iframe/M/merge-gun-fps-shooting-zombie.jpg
[2026-02-22 14:06:20] COMPRESSED: /home/vnoam/public_html/veo.vnoam.com/wp-content/uploads/thumbs/iframe/M/merge-gun-fps-shooting-zombie.jpg saved at Quality 75%
[2026-02-22 14:06:21] SUCCESS: Uploaded wp-content/uploads/thumbs/iframe/M/merge-gun-fps-shooting-zombie.jpg to GitHub.
[2026-02-22 14:06:21] Uploading: wp-content/uploads/thumbs/iframe/M/merge-gun-fps-shooting-zombie-300x225.jpg
[2026-02-22 14:06:21] COMPRESSED: /home/vnoam/public_html/veo.vnoam.com/wp-content/uploads/thumbs/iframe/M/merge-gun-fps-shooting-zombie-300x225.jpg saved at Quality 75%
[2026-02-22 14:06:22] SUCCESS: Uploaded wp-content/uploads/thumbs/iframe/M/merge-gun-fps-shooting-zombie-300x225.jpg to GitHub.
[2026-02-22 14:06:22] Uploading: wp-content/uploads/thumbs/iframe/M/merge-gun-fps-shooting-zombie-150x150.jpg
[2026-02-22 14:06:22] COMPRESSED: /home/vnoam/public_html/veo.vnoam.com/wp-content/uploads/thumbs/iframe/M/merge-gun-fps-shooting-zombie-150x150.jpg saved at Quality 75%
[2026-02-22 14:06:23] SUCCESS: Uploaded wp-content/uploads/thumbs/iframe/M/merge-gun-fps-shooting-zombie-150x150.jpg to GitHub.
[2026-02-22 14:06:54] Uploading: wp-content/uploads/thumbs/iframe/M/merge-gun-fps-shooting-zombie-127x127.jpg
[2026-02-22 14:06:54] COMPRESSED: /home/vnoam/public_html/veo.vnoam.com/wp-content/uploads/thumbs/iframe/M/merge-gun-fps-shooting-zombie-127x127.jpg saved at Quality 75%
[2026-02-22 14:06:55] SUCCESS: Uploaded wp-content/uploads/thumbs/iframe/M/merge-gun-fps-shooting-zombie-127x127.jpg to GitHub.
[2026-02-22 14:06:55] Uploading: wp-content/uploads/thumbs/iframe/M/mega-ramp-car-stunts.jpg
[2026-02-22 14:06:55] COMPRESSED: /home/vnoam/public_html/veo.vnoam.com/wp-content/uploads/thumbs/iframe/M/mega-ramp-car-stunts.jpg saved at Quality 75%
[2026-02-22 14:06:56] SUCCESS: Uploaded wp-content/uploads/thumbs/iframe/M/mega-ramp-car-stunts.jpg to GitHub.
[2026-02-22 14:06:56] Uploading: wp-content/uploads/thumbs/iframe/M/mega-ramp-car-stunts-300x225.jpg
[2026-02-22 14:06:56] COMPRESSED: /home/vnoam/public_html/veo.vnoam.com/wp-content/uploads/thumbs/iframe/M/mega-ramp-car-stunts-300x225.jpg saved at Quality 75%
[2026-02-22 14:06:57] SUCCESS: Uploaded wp-content/uploads/thumbs/iframe/M/mega-ramp-car-stunts-300x225.jpg to GitHub.
[2026-02-22 14:06:57] Uploading: wp-content/uploads/thumbs/iframe/M/mega-ramp-car-stunts-150x150.jpg
[2026-02-22 14:06:57] COMPRESSED: /home/vnoam/public_html/veo.vnoam.com/wp-content/uploads/thumbs/iframe/M/mega-ramp-car-stunts-150x150.jpg saved at Quality 75%
[2026-02-22 14:06:58] SUCCESS: Uploaded wp-content/uploads/thumbs/iframe/M/mega-ramp-car-stunts-150x150.jpg to GitHub.
[2026-02-22 14:06:58] Uploading: wp-content/uploads/thumbs/iframe/M/mega-ramp-car-stunts-127x127.jpg
[2026-02-22 14:06:58] COMPRESSED: /home/vnoam/public_html/veo.vnoam.com/wp-content/uploads/thumbs/iframe/M/mega-ramp-car-stunts-127x127.jpg saved at Quality 75%
[2026-02-22 14:06:59] SUCCESS: Uploaded wp-content/uploads/thumbs/iframe/M/mega-ramp-car-stunts-127x127.jpg to GitHub.
[2026-02-22 14:06:59] Uploading: wp-content/uploads/thumbs/iframe/M/makeup-teen-spa-salon.jpg
[2026-02-22 14:06:59] COMPRESSED: /home/vnoam/public_html/veo.vnoam.com/wp-content/uploads/thumbs/iframe/M/makeup-teen-spa-salon.jpg saved at Quality 75%
[2026-02-22 14:07:00] SUCCESS: Uploaded wp-content/uploads/thumbs/iframe/M/makeup-teen-spa-salon.jpg to GitHub.
[2026-02-22 14:07:00] Uploading: wp-content/uploads/thumbs/iframe/M/makeup-teen-spa-salon-150x135.jpg
[2026-02-22 14:07:00] COMPRESSED: /home/vnoam/public_html/veo.vnoam.com/wp-content/uploads/thumbs/iframe/M/makeup-teen-spa-salon-150x135.jpg saved at Quality 75%
[2026-02-22 14:07:01] SUCCESS: Uploaded wp-content/uploads/thumbs/iframe/M/makeup-teen-spa-salon-150x135.jpg to GitHub.
[2026-02-22 14:07:01] Uploading: wp-content/uploads/thumbs/iframe/M/makeup-teen-spa-salon-127x127.jpg
[2026-02-22 14:07:01] COMPRESSED: /home/vnoam/public_html/veo.vnoam.com/wp-content/uploads/thumbs/iframe/M/makeup-teen-spa-salon-127x127.jpg saved at Quality 75%
[2026-02-22 14:07:01] SUCCESS: Uploaded wp-content/uploads/thumbs/iframe/M/makeup-teen-spa-salon-127x127.jpg to GitHub.
[2026-02-22 14:07:01] Uploading: wp-content/uploads/thumbs/iframe/M/mahjong-sort-puzzle.jpg
[2026-02-22 14:07:02] COMPRESSED: /home/vnoam/public_html/veo.vnoam.com/wp-content/uploads/thumbs/iframe/M/mahjong-sort-puzzle.jpg saved at Quality 75%
[2026-02-22 14:07:02] SUCCESS: Uploaded wp-content/uploads/thumbs/iframe/M/mahjong-sort-puzzle.jpg to GitHub.
[2026-02-22 14:07:02] Uploading: wp-content/uploads/thumbs/iframe/M/mahjong-sort-puzzle-300x225.jpg
[2026-02-22 14:07:03] COMPRESSED: /home/vnoam/public_html/veo.vnoam.com/wp-content/uploads/thumbs/iframe/M/mahjong-sort-puzzle-300x225.jpg saved at Quality 75%
[2026-02-22 14:07:03] SUCCESS: Uploaded wp-content/uploads/thumbs/iframe/M/mahjong-sort-puzzle-300x225.jpg to GitHub.
[2026-02-22 14:07:03] Uploading: wp-content/uploads/thumbs/iframe/M/mahjong-sort-puzzle-150x150.jpg
[2026-02-22 14:07:04] COMPRESSED: /home/vnoam/public_html/veo.vnoam.com/wp-content/uploads/thumbs/iframe/M/mahjong-sort-puzzle-150x150.jpg saved at Quality 75%
[2026-02-22 14:07:04] SUCCESS: Uploaded wp-content/uploads/thumbs/iframe/M/mahjong-sort-puzzle-150x150.jpg to GitHub.
[2026-02-22 14:07:04] Uploading: wp-content/uploads/thumbs/iframe/M/mahjong-sort-puzzle-127x127.jpg
[2026-02-22 14:07:04] COMPRESSED: /home/vnoam/public_html/veo.vnoam.com/wp-content/uploads/thumbs/iframe/M/mahjong-sort-puzzle-127x127.jpg saved at Quality 75%
[2026-02-22 14:07:05] SUCCESS: Uploaded wp-content/uploads/thumbs/iframe/M/mahjong-sort-puzzle-127x127.jpg to GitHub.
[2026-02-22 14:07:05] Uploading: wp-content/uploads/thumbs/iframe/M/magic-highschool-prom-queen.jpg
[2026-02-22 14:07:05] COMPRESSED: /home/vnoam/public_html/veo.vnoam.com/wp-content/uploads/thumbs/iframe/M/magic-highschool-prom-queen.jpg saved at Quality 75%
[2026-02-22 14:07:06] SUCCESS: Uploaded wp-content/uploads/thumbs/iframe/M/magic-highschool-prom-queen.jpg to GitHub.
[2026-02-22 14:07:06] Uploading: wp-content/uploads/thumbs/iframe/M/magic-highschool-prom-queen-300x225.jpg
[2026-02-22 14:07:06] COMPRESSED: /home/vnoam/public_html/veo.vnoam.com/wp-content/uploads/thumbs/iframe/M/magic-highschool-prom-queen-300x225.jpg saved at Quality 75%
[2026-02-22 14:07:07] SUCCESS: Uploaded wp-content/uploads/thumbs/iframe/M/magic-highschool-prom-queen-300x225.jpg to GitHub.
[2026-02-22 14:07:07] Uploading: wp-content/uploads/thumbs/iframe/M/magic-highschool-prom-queen-150x150.jpg
[2026-02-22 14:07:07] COMPRESSED: /home/vnoam/public_html/veo.vnoam.com/wp-content/uploads/thumbs/iframe/M/magic-highschool-prom-queen-150x150.jpg saved at Quality 75%
[2026-02-22 14:07:08] SUCCESS: Uploaded wp-content/uploads/thumbs/iframe/M/magic-highschool-prom-queen-150x150.jpg to GitHub.
[2026-02-22 14:07:08] Uploading: wp-content/uploads/thumbs/iframe/M/magic-highschool-prom-queen-127x127.jpg
[2026-02-22 14:07:08] COMPRESSED: /home/vnoam/public_html/veo.vnoam.com/wp-content/uploads/thumbs/iframe/M/magic-highschool-prom-queen-127x127.jpg saved at Quality 75%
[2026-02-22 14:07:09] SUCCESS: Uploaded wp-content/uploads/thumbs/iframe/M/magic-highschool-prom-queen-127x127.jpg to GitHub.
[2026-02-22 14:07:09] Uploading: wp-content/uploads/thumbs/iframe/L/little-tailor-diy-fashion.jpg
[2026-02-22 14:07:09] COMPRESSED: /home/vnoam/public_html/veo.vnoam.com/wp-content/uploads/thumbs/iframe/L/little-tailor-diy-fashion.jpg saved at Quality 75%
[2026-02-22 14:07:09] SUCCESS: Uploaded wp-content/uploads/thumbs/iframe/L/little-tailor-diy-fashion.jpg to GitHub.
[2026-02-22 14:07:09] Uploading: wp-content/uploads/thumbs/iframe/L/little-tailor-diy-fashion-300x225.jpg
[2026-02-22 14:07:10] COMPRESSED: /home/vnoam/public_html/veo.vnoam.com/wp-content/uploads/thumbs/iframe/L/little-tailor-diy-fashion-300x225.jpg saved at Quality 75%
[2026-02-22 14:07:10] SUCCESS: Uploaded wp-content/uploads/thumbs/iframe/L/little-tailor-diy-fashion-300x225.jpg to GitHub.
[2026-02-22 14:07:10] Uploading: wp-content/uploads/thumbs/iframe/L/little-tailor-diy-fashion-150x150.jpg
[2026-02-22 14:07:11] COMPRESSED: /home/vnoam/public_html/veo.vnoam.com/wp-content/uploads/thumbs/iframe/L/little-tailor-diy-fashion-150x150.jpg saved at Quality 75%
[2026-02-22 14:07:11] SUCCESS: Uploaded wp-content/uploads/thumbs/iframe/L/little-tailor-diy-fashion-150x150.jpg to GitHub.
[2026-02-22 14:07:11] Uploading: wp-content/uploads/thumbs/iframe/L/little-tailor-diy-fashion-127x127.jpg
[2026-02-22 14:07:11] COMPRESSED: /home/vnoam/public_html/veo.vnoam.com/wp-content/uploads/thumbs/iframe/L/little-tailor-diy-fashion-127x127.jpg saved at Quality 75%
[2026-02-22 14:07:12] SUCCESS: Uploaded wp-content/uploads/thumbs/iframe/L/little-tailor-diy-fashion-127x127.jpg to GitHub.
[2026-02-22 14:07:12] Uploading: wp-content/uploads/thumbs/iframe/L/little-princess-braid-hairs.jpg
[2026-02-22 14:07:12] COMPRESSED: /home/vnoam/public_html/veo.vnoam.com/wp-content/uploads/thumbs/iframe/L/little-princess-braid-hairs.jpg saved at Quality 75%
[2026-02-22 14:07:13] SUCCESS: Uploaded wp-content/uploads/thumbs/iframe/L/little-princess-braid-hairs.jpg to GitHub.
[2026-02-22 14:07:13] Uploading: wp-content/uploads/thumbs/iframe/L/little-princess-braid-hairs-150x135.jpg
[2026-02-22 14:07:13] COMPRESSED: /home/vnoam/public_html/veo.vnoam.com/wp-content/uploads/thumbs/iframe/L/little-princess-braid-hairs-150x135.jpg saved at Quality 75%
[2026-02-22 14:07:14] SUCCESS: Uploaded wp-content/uploads/thumbs/iframe/L/little-princess-braid-hairs-150x135.jpg to GitHub.
[2026-02-22 14:07:14] Uploading: wp-content/uploads/thumbs/iframe/L/little-princess-braid-hairs-127x127.jpg
[2026-02-22 14:07:14] COMPRESSED: /home/vnoam/public_html/veo.vnoam.com/wp-content/uploads/thumbs/iframe/L/little-princess-braid-hairs-127x127.jpg saved at Quality 75%
[2026-02-22 14:07:15] SUCCESS: Uploaded wp-content/uploads/thumbs/iframe/L/little-princess-braid-hairs-127x127.jpg to GitHub.
[2026-02-22 14:07:15] Uploading: wp-content/uploads/thumbs/iframe/L/little-panda-shark-family.jpg
[2026-02-22 14:07:15] COMPRESSED: /home/vnoam/public_html/veo.vnoam.com/wp-content/uploads/thumbs/iframe/L/little-panda-shark-family.jpg saved at Quality 75%
[2026-02-22 14:07:16] SUCCESS: Uploaded wp-content/uploads/thumbs/iframe/L/little-panda-shark-family.jpg to GitHub.
[2026-02-22 14:07:16] Uploading: wp-content/uploads/thumbs/iframe/L/little-panda-shark-family-300x225.jpg
[2026-02-22 14:07:17] COMPRESSED: /home/vnoam/public_html/veo.vnoam.com/wp-content/uploads/thumbs/iframe/L/little-panda-shark-family-300x225.jpg saved at Quality 75%
[2026-02-22 14:07:18] SUCCESS: Uploaded wp-content/uploads/thumbs/iframe/L/little-panda-shark-family-300x225.jpg to GitHub.
[2026-02-22 14:07:18] Uploading: wp-content/uploads/thumbs/iframe/L/little-panda-shark-family-150x150.jpg
[2026-02-22 14:07:18] COMPRESSED: /home/vnoam/public_html/veo.vnoam.com/wp-content/uploads/thumbs/iframe/L/little-panda-shark-family-150x150.jpg saved at Quality 75%
[2026-02-22 14:07:19] SUCCESS: Uploaded wp-content/uploads/thumbs/iframe/L/little-panda-shark-family-150x150.jpg to GitHub.
[2026-02-22 14:07:19] Uploading: wp-content/uploads/thumbs/iframe/L/little-panda-shark-family-127x127.jpg
[2026-02-22 14:07:19] COMPRESSED: /home/vnoam/public_html/veo.vnoam.com/wp-content/uploads/thumbs/iframe/L/little-panda-shark-family-127x127.jpg saved at Quality 75%
[2026-02-22 14:07:20] SUCCESS: Uploaded wp-content/uploads/thumbs/iframe/L/little-panda-shark-family-127x127.jpg to GitHub.
[2026-02-22 14:07:20] Uploading: wp-content/uploads/thumbs/iframe/L/little-panda-candy-shop.jpg
[2026-02-22 14:07:20] COMPRESSED: /home/vnoam/public_html/veo.vnoam.com/wp-content/uploads/thumbs/iframe/L/little-panda-candy-shop.jpg saved at Quality 75%
[2026-02-22 14:07:21] SUCCESS: Uploaded wp-content/uploads/thumbs/iframe/L/little-panda-candy-shop.jpg to GitHub.
[2026-02-22 14:07:21] Uploading: wp-content/uploads/thumbs/iframe/L/little-panda-candy-shop-300x225.jpg
[2026-02-22 14:07:21] COMPRESSED: /home/vnoam/public_html/veo.vnoam.com/wp-content/uploads/thumbs/iframe/L/little-panda-candy-shop-300x225.jpg saved at Quality 75%
[2026-02-22 14:07:22] SUCCESS: Uploaded wp-content/uploads/thumbs/iframe/L/little-panda-candy-shop-300x225.jpg to GitHub.
[2026-02-22 14:07:22] Uploading: wp-content/uploads/thumbs/iframe/L/little-panda-candy-shop-150x150.jpg
[2026-02-22 14:07:22] COMPRESSED: /home/vnoam/public_html/veo.vnoam.com/wp-content/uploads/thumbs/iframe/L/little-panda-candy-shop-150x150.jpg saved at Quality 75%
[2026-02-22 14:07:23] SUCCESS: Uploaded wp-content/uploads/thumbs/iframe/L/little-panda-candy-shop-150x150.jpg to GitHub.
[2026-02-22 14:07:54] Uploading: wp-content/uploads/thumbs/iframe/L/little-panda-candy-shop-127x127.jpg
[2026-02-22 14:07:54] COMPRESSED: /home/vnoam/public_html/veo.vnoam.com/wp-content/uploads/thumbs/iframe/L/little-panda-candy-shop-127x127.jpg saved at Quality 75%
[2026-02-22 14:07:55] SUCCESS: Uploaded wp-content/uploads/thumbs/iframe/L/little-panda-candy-shop-127x127.jpg to GitHub.
[2026-02-22 14:07:55] Uploading: wp-content/uploads/thumbs/iframe/L/little-hippo-care.jpg
[2026-02-22 14:07:55] COMPRESSED: /home/vnoam/public_html/veo.vnoam.com/wp-content/uploads/thumbs/iframe/L/little-hippo-care.jpg saved at Quality 75%
[2026-02-22 14:07:56] SUCCESS: Uploaded wp-content/uploads/thumbs/iframe/L/little-hippo-care.jpg to GitHub.
[2026-02-22 14:07:56] Uploading: wp-content/uploads/thumbs/iframe/L/little-hippo-care-300x225.jpg
[2026-02-22 14:07:56] COMPRESSED: /home/vnoam/public_html/veo.vnoam.com/wp-content/uploads/thumbs/iframe/L/little-hippo-care-300x225.jpg saved at Quality 75%
[2026-02-22 14:07:57] SUCCESS: Uploaded wp-content/uploads/thumbs/iframe/L/little-hippo-care-300x225.jpg to GitHub.
[2026-02-22 14:07:57] Uploading: wp-content/uploads/thumbs/iframe/L/little-hippo-care-150x150.jpg
[2026-02-22 14:07:57] COMPRESSED: /home/vnoam/public_html/veo.vnoam.com/wp-content/uploads/thumbs/iframe/L/little-hippo-care-150x150.jpg saved at Quality 75%
[2026-02-22 14:07:58] SUCCESS: Uploaded wp-content/uploads/thumbs/iframe/L/little-hippo-care-150x150.jpg to GitHub.
[2026-02-22 14:07:58] Uploading: wp-content/uploads/thumbs/iframe/L/little-hippo-care-127x127.jpg
[2026-02-22 14:07:58] COMPRESSED: /home/vnoam/public_html/veo.vnoam.com/wp-content/uploads/thumbs/iframe/L/little-hippo-care-127x127.jpg saved at Quality 75%
[2026-02-22 14:07:59] SUCCESS: Uploaded wp-content/uploads/thumbs/iframe/L/little-hippo-care-127x127.jpg to GitHub.
[2026-02-22 14:07:59] Uploading: wp-content/uploads/thumbs/iframe/L/level-up-running.jpg
[2026-02-22 14:07:59] COMPRESSED: /home/vnoam/public_html/veo.vnoam.com/wp-content/uploads/thumbs/iframe/L/level-up-running.jpg saved at Quality 75%
[2026-02-22 14:07:59] SUCCESS: Uploaded wp-content/uploads/thumbs/iframe/L/level-up-running.jpg to GitHub.
[2026-02-22 14:07:59] Uploading: wp-content/uploads/thumbs/iframe/L/level-up-running-150x135.jpg
[2026-02-22 14:08:00] COMPRESSED: /home/vnoam/public_html/veo.vnoam.com/wp-content/uploads/thumbs/iframe/L/level-up-running-150x135.jpg saved at Quality 75%
[2026-02-22 14:08:00] SUCCESS: Uploaded wp-content/uploads/thumbs/iframe/L/level-up-running-150x135.jpg to GitHub.
[2026-02-22 14:08:00] Uploading: wp-content/uploads/thumbs/iframe/L/level-up-running-127x127.jpg
[2026-02-22 14:08:00] COMPRESSED: /home/vnoam/public_html/veo.vnoam.com/wp-content/uploads/thumbs/iframe/L/level-up-running-127x127.jpg saved at Quality 75%
[2026-02-22 14:08:01] SUCCESS: Uploaded wp-content/uploads/thumbs/iframe/L/level-up-running-127x127.jpg to GitHub.
[2026-02-22 14:08:01] Uploading: wp-content/uploads/thumbs/iframe/L/left-or-right-women-fashions.jpg
[2026-02-22 14:08:01] COMPRESSED: /home/vnoam/public_html/veo.vnoam.com/wp-content/uploads/thumbs/iframe/L/left-or-right-women-fashions.jpg saved at Quality 75%
[2026-02-22 14:08:02] SUCCESS: Uploaded wp-content/uploads/thumbs/iframe/L/left-or-right-women-fashions.jpg to GitHub.
[2026-02-22 14:08:02] Uploading: wp-content/uploads/thumbs/iframe/L/left-or-right-women-fashions-300x225.jpg
[2026-02-22 14:08:03] COMPRESSED: /home/vnoam/public_html/veo.vnoam.com/wp-content/uploads/thumbs/iframe/L/left-or-right-women-fashions-300x225.jpg saved at Quality 75%
[2026-02-22 14:08:04] SUCCESS: Uploaded wp-content/uploads/thumbs/iframe/L/left-or-right-women-fashions-300x225.jpg to GitHub.
[2026-02-22 14:08:04] Uploading: wp-content/uploads/thumbs/iframe/L/left-or-right-women-fashions-150x150.jpg
[2026-02-22 14:08:05] COMPRESSED: /home/vnoam/public_html/veo.vnoam.com/wp-content/uploads/thumbs/iframe/L/left-or-right-women-fashions-150x150.jpg saved at Quality 75%
[2026-02-22 14:08:05] SUCCESS: Uploaded wp-content/uploads/thumbs/iframe/L/left-or-right-women-fashions-150x150.jpg to GitHub.
[2026-02-22 14:08:05] Uploading: wp-content/uploads/thumbs/iframe/L/left-or-right-women-fashions-127x127.jpg
[2026-02-22 14:08:06] COMPRESSED: /home/vnoam/public_html/veo.vnoam.com/wp-content/uploads/thumbs/iframe/L/left-or-right-women-fashions-127x127.jpg saved at Quality 75%
[2026-02-22 14:08:06] SUCCESS: Uploaded wp-content/uploads/thumbs/iframe/L/left-or-right-women-fashions-127x127.jpg to GitHub.
[2026-02-22 14:08:06] Uploading: wp-content/uploads/thumbs/iframe/L/last-day-on-earth-survival.jpg
[2026-02-22 14:08:07] COMPRESSED: /home/vnoam/public_html/veo.vnoam.com/wp-content/uploads/thumbs/iframe/L/last-day-on-earth-survival.jpg saved at Quality 75%
[2026-02-22 14:08:08] SUCCESS: Uploaded wp-content/uploads/thumbs/iframe/L/last-day-on-earth-survival.jpg to GitHub.
[2026-02-22 14:08:08] Uploading: wp-content/uploads/thumbs/iframe/L/last-day-on-earth-survival-300x225.jpg
[2026-02-22 14:08:08] COMPRESSED: /home/vnoam/public_html/veo.vnoam.com/wp-content/uploads/thumbs/iframe/L/last-day-on-earth-survival-300x225.jpg saved at Quality 75%
[2026-02-22 14:08:09] SUCCESS: Uploaded wp-content/uploads/thumbs/iframe/L/last-day-on-earth-survival-300x225.jpg to GitHub.
[2026-02-22 14:08:09] Uploading: wp-content/uploads/thumbs/iframe/L/last-day-on-earth-survival-150x150.jpg
[2026-02-22 14:08:09] COMPRESSED: /home/vnoam/public_html/veo.vnoam.com/wp-content/uploads/thumbs/iframe/L/last-day-on-earth-survival-150x150.jpg saved at Quality 75%
[2026-02-22 14:08:10] SUCCESS: Uploaded wp-content/uploads/thumbs/iframe/L/last-day-on-earth-survival-150x150.jpg to GitHub.
[2026-02-22 14:08:10] Uploading: wp-content/uploads/thumbs/iframe/L/last-day-on-earth-survival-127x127.jpg
[2026-02-22 14:08:10] COMPRESSED: /home/vnoam/public_html/veo.vnoam.com/wp-content/uploads/thumbs/iframe/L/last-day-on-earth-survival-127x127.jpg saved at Quality 75%
[2026-02-22 14:08:11] SUCCESS: Uploaded wp-content/uploads/thumbs/iframe/L/last-day-on-earth-survival-127x127.jpg to GitHub.
[2026-02-22 14:08:11] Uploading: wp-content/uploads/thumbs/iframe/K/kuukiyomi-consider-it.jpg
[2026-02-22 14:08:11] COMPRESSED: /home/vnoam/public_html/veo.vnoam.com/wp-content/uploads/thumbs/iframe/K/kuukiyomi-consider-it.jpg saved at Quality 75%
[2026-02-22 14:08:12] SUCCESS: Uploaded wp-content/uploads/thumbs/iframe/K/kuukiyomi-consider-it.jpg to GitHub.
[2026-02-22 14:08:12] Uploading: wp-content/uploads/thumbs/iframe/K/kuukiyomi-consider-it-300x225.jpg
[2026-02-22 14:08:12] COMPRESSED: /home/vnoam/public_html/veo.vnoam.com/wp-content/uploads/thumbs/iframe/K/kuukiyomi-consider-it-300x225.jpg saved at Quality 75%
[2026-02-22 14:08:13] SUCCESS: Uploaded wp-content/uploads/thumbs/iframe/K/kuukiyomi-consider-it-300x225.jpg to GitHub.
[2026-02-22 14:08:13] Uploading: wp-content/uploads/thumbs/iframe/K/kuukiyomi-consider-it-150x150.jpg
[2026-02-22 14:08:13] COMPRESSED: /home/vnoam/public_html/veo.vnoam.com/wp-content/uploads/thumbs/iframe/K/kuukiyomi-consider-it-150x150.jpg saved at Quality 75%
[2026-02-22 14:08:14] SUCCESS: Uploaded wp-content/uploads/thumbs/iframe/K/kuukiyomi-consider-it-150x150.jpg to GitHub.
[2026-02-22 14:08:14] Uploading: wp-content/uploads/thumbs/iframe/K/kuukiyomi-consider-it-127x127.jpg
[2026-02-22 14:08:14] COMPRESSED: /home/vnoam/public_html/veo.vnoam.com/wp-content/uploads/thumbs/iframe/K/kuukiyomi-consider-it-127x127.jpg saved at Quality 75%
[2026-02-22 14:08:14] SUCCESS: Uploaded wp-content/uploads/thumbs/iframe/K/kuukiyomi-consider-it-127x127.jpg to GitHub.
[2026-02-22 14:08:14] Uploading: wp-content/uploads/thumbs/iframe/K/kindergarten-school-teacher.jpg
[2026-02-22 14:08:15] COMPRESSED: /home/vnoam/public_html/veo.vnoam.com/wp-content/uploads/thumbs/iframe/K/kindergarten-school-teacher.jpg saved at Quality 75%
[2026-02-22 14:08:15] SUCCESS: Uploaded wp-content/uploads/thumbs/iframe/K/kindergarten-school-teacher.jpg to GitHub.
[2026-02-22 14:08:15] Uploading: wp-content/uploads/thumbs/iframe/K/kindergarten-school-teacher-300x225.jpg
[2026-02-22 14:08:16] COMPRESSED: /home/vnoam/public_html/veo.vnoam.com/wp-content/uploads/thumbs/iframe/K/kindergarten-school-teacher-300x225.jpg saved at Quality 75%
[2026-02-22 14:08:16] SUCCESS: Uploaded wp-content/uploads/thumbs/iframe/K/kindergarten-school-teacher-300x225.jpg to GitHub.
[2026-02-22 14:08:16] Uploading: wp-content/uploads/thumbs/iframe/K/kindergarten-school-teacher-150x150.jpg
[2026-02-22 14:08:17] COMPRESSED: /home/vnoam/public_html/veo.vnoam.com/wp-content/uploads/thumbs/iframe/K/kindergarten-school-teacher-150x150.jpg saved at Quality 75%
[2026-02-22 14:08:17] SUCCESS: Uploaded wp-content/uploads/thumbs/iframe/K/kindergarten-school-teacher-150x150.jpg to GitHub.
[2026-02-22 14:08:17] Uploading: wp-content/uploads/thumbs/iframe/K/kindergarten-school-teacher-127x127.jpg
[2026-02-22 14:08:17] COMPRESSED: /home/vnoam/public_html/veo.vnoam.com/wp-content/uploads/thumbs/iframe/K/kindergarten-school-teacher-127x127.jpg saved at Quality 75%
[2026-02-22 14:08:18] SUCCESS: Uploaded wp-content/uploads/thumbs/iframe/K/kindergarten-school-teacher-127x127.jpg to GitHub.
[2026-02-22 14:08:18] Uploading: wp-content/uploads/thumbs/iframe/K/kids-unicorn-dress-up.jpg
[2026-02-22 14:08:18] COMPRESSED: /home/vnoam/public_html/veo.vnoam.com/wp-content/uploads/thumbs/iframe/K/kids-unicorn-dress-up.jpg saved at Quality 75%
[2026-02-22 14:08:19] SUCCESS: Uploaded wp-content/uploads/thumbs/iframe/K/kids-unicorn-dress-up.jpg to GitHub.
[2026-02-22 14:08:19] Uploading: wp-content/uploads/thumbs/iframe/K/kids-unicorn-dress-up-300x225.jpg
[2026-02-22 14:08:19] COMPRESSED: /home/vnoam/public_html/veo.vnoam.com/wp-content/uploads/thumbs/iframe/K/kids-unicorn-dress-up-300x225.jpg saved at Quality 75%
[2026-02-22 14:08:20] SUCCESS: Uploaded wp-content/uploads/thumbs/iframe/K/kids-unicorn-dress-up-300x225.jpg to GitHub.
[2026-02-22 14:08:20] Uploading: wp-content/uploads/thumbs/iframe/K/kids-unicorn-dress-up-150x150.jpg
[2026-02-22 14:08:20] COMPRESSED: /home/vnoam/public_html/veo.vnoam.com/wp-content/uploads/thumbs/iframe/K/kids-unicorn-dress-up-150x150.jpg saved at Quality 75%
[2026-02-22 14:08:21] SUCCESS: Uploaded wp-content/uploads/thumbs/iframe/K/kids-unicorn-dress-up-150x150.jpg to GitHub.
[2026-02-22 14:08:21] Uploading: wp-content/uploads/thumbs/iframe/K/kids-unicorn-dress-up-127x127.jpg
[2026-02-22 14:08:21] COMPRESSED: /home/vnoam/public_html/veo.vnoam.com/wp-content/uploads/thumbs/iframe/K/kids-unicorn-dress-up-127x127.jpg saved at Quality 75%
[2026-02-22 14:08:22] SUCCESS: Uploaded wp-content/uploads/thumbs/iframe/K/kids-unicorn-dress-up-127x127.jpg to GitHub.
[2026-02-22 14:08:22] Uploading: wp-content/uploads/thumbs/iframe/J/johnny-trigger-sniper.jpg
[2026-02-22 14:08:22] COMPRESSED: /home/vnoam/public_html/veo.vnoam.com/wp-content/uploads/thumbs/iframe/J/johnny-trigger-sniper.jpg saved at Quality 75%
[2026-02-22 14:08:22] SUCCESS: Uploaded wp-content/uploads/thumbs/iframe/J/johnny-trigger-sniper.jpg to GitHub.
[2026-02-22 14:08:44] Uploading: wp-content/uploads/thumbs/iframe/J/johnny-trigger-sniper-150x135.jpg
[2026-02-22 14:08:44] COMPRESSED: /home/vnoam/public_html/veo.vnoam.com/wp-content/uploads/thumbs/iframe/J/johnny-trigger-sniper-150x135.jpg saved at Quality 75%
[2026-02-22 14:08:45] SUCCESS: Uploaded wp-content/uploads/thumbs/iframe/J/johnny-trigger-sniper-150x135.jpg to GitHub.
[2026-02-22 14:08:45] Uploading: wp-content/uploads/thumbs/iframe/J/johnny-trigger-sniper-127x127.jpg
[2026-02-22 14:08:45] COMPRESSED: /home/vnoam/public_html/veo.vnoam.com/wp-content/uploads/thumbs/iframe/J/johnny-trigger-sniper-127x127.jpg saved at Quality 75%
[2026-02-22 14:08:46] SUCCESS: Uploaded wp-content/uploads/thumbs/iframe/J/johnny-trigger-sniper-127x127.jpg to GitHub.
[2026-02-22 14:08:46] Uploading: wp-content/uploads/thumbs/iframe/H/hospital-escaper.jpg
[2026-02-22 14:08:46] COMPRESSED: /home/vnoam/public_html/veo.vnoam.com/wp-content/uploads/thumbs/iframe/H/hospital-escaper.jpg saved at Quality 75%
[2026-02-22 14:08:47] SUCCESS: Uploaded wp-content/uploads/thumbs/iframe/H/hospital-escaper.jpg to GitHub.
[2026-02-22 14:08:47] Uploading: wp-content/uploads/thumbs/iframe/H/hospital-escaper-300x225.jpg
[2026-02-22 14:08:47] COMPRESSED: /home/vnoam/public_html/veo.vnoam.com/wp-content/uploads/thumbs/iframe/H/hospital-escaper-300x225.jpg saved at Quality 75%
[2026-02-22 14:08:48] SUCCESS: Uploaded wp-content/uploads/thumbs/iframe/H/hospital-escaper-300x225.jpg to GitHub.
[2026-02-22 14:08:48] Uploading: wp-content/uploads/thumbs/iframe/H/hospital-escaper-150x150.jpg
[2026-02-22 14:08:48] COMPRESSED: /home/vnoam/public_html/veo.vnoam.com/wp-content/uploads/thumbs/iframe/H/hospital-escaper-150x150.jpg saved at Quality 75%
[2026-02-22 14:08:48] SUCCESS: Uploaded wp-content/uploads/thumbs/iframe/H/hospital-escaper-150x150.jpg to GitHub.
[2026-02-22 14:08:48] Uploading: wp-content/uploads/thumbs/iframe/H/hospital-escaper-127x127.jpg
[2026-02-22 14:08:49] COMPRESSED: /home/vnoam/public_html/veo.vnoam.com/wp-content/uploads/thumbs/iframe/H/hospital-escaper-127x127.jpg saved at Quality 75%
[2026-02-22 14:08:49] SUCCESS: Uploaded wp-content/uploads/thumbs/iframe/H/hospital-escaper-127x127.jpg to GitHub.
[2026-02-22 14:08:49] Uploading: wp-content/uploads/thumbs/iframe/H/honor-of-kings-online.jpg
[2026-02-22 14:08:50] COMPRESSED: /home/vnoam/public_html/veo.vnoam.com/wp-content/uploads/thumbs/iframe/H/honor-of-kings-online.jpg saved at Quality 75%
[2026-02-22 14:08:50] SUCCESS: Uploaded wp-content/uploads/thumbs/iframe/H/honor-of-kings-online.jpg to GitHub.
[2026-02-22 14:08:50] Uploading: wp-content/uploads/thumbs/iframe/H/honor-of-kings-online-300x225.jpg
[2026-02-22 14:08:51] COMPRESSED: /home/vnoam/public_html/veo.vnoam.com/wp-content/uploads/thumbs/iframe/H/honor-of-kings-online-300x225.jpg saved at Quality 75%
[2026-02-22 14:08:51] SUCCESS: Uploaded wp-content/uploads/thumbs/iframe/H/honor-of-kings-online-300x225.jpg to GitHub.
[2026-02-22 14:08:51] Uploading: wp-content/uploads/thumbs/iframe/H/honor-of-kings-online-150x150.jpg
[2026-02-22 14:08:51] COMPRESSED: /home/vnoam/public_html/veo.vnoam.com/wp-content/uploads/thumbs/iframe/H/honor-of-kings-online-150x150.jpg saved at Quality 75%
[2026-02-22 14:08:52] SUCCESS: Uploaded wp-content/uploads/thumbs/iframe/H/honor-of-kings-online-150x150.jpg to GitHub.
[2026-02-22 14:08:52] Uploading: wp-content/uploads/thumbs/iframe/H/honor-of-kings-online-127x127.jpg
[2026-02-22 14:08:52] COMPRESSED: /home/vnoam/public_html/veo.vnoam.com/wp-content/uploads/thumbs/iframe/H/honor-of-kings-online-127x127.jpg saved at Quality 75%
[2026-02-22 14:08:53] SUCCESS: Uploaded wp-content/uploads/thumbs/iframe/H/honor-of-kings-online-127x127.jpg to GitHub.
[2026-02-22 14:08:53] Uploading: wp-content/uploads/thumbs/iframe/H/home-design-3d.jpg
[2026-02-22 14:08:53] COMPRESSED: /home/vnoam/public_html/veo.vnoam.com/wp-content/uploads/thumbs/iframe/H/home-design-3d.jpg saved at Quality 75%
[2026-02-22 14:08:54] SUCCESS: Uploaded wp-content/uploads/thumbs/iframe/H/home-design-3d.jpg to GitHub.
[2026-02-22 14:08:54] Uploading: wp-content/uploads/thumbs/iframe/H/home-design-3d-300x225.jpg
[2026-02-22 14:08:54] COMPRESSED: /home/vnoam/public_html/veo.vnoam.com/wp-content/uploads/thumbs/iframe/H/home-design-3d-300x225.jpg saved at Quality 75%
[2026-02-22 14:08:55] SUCCESS: Uploaded wp-content/uploads/thumbs/iframe/H/home-design-3d-300x225.jpg to GitHub.
[2026-02-22 14:08:55] Uploading: wp-content/uploads/thumbs/iframe/H/home-design-3d-150x150.jpg
[2026-02-22 14:08:55] COMPRESSED: /home/vnoam/public_html/veo.vnoam.com/wp-content/uploads/thumbs/iframe/H/home-design-3d-150x150.jpg saved at Quality 75%
[2026-02-22 14:08:56] SUCCESS: Uploaded wp-content/uploads/thumbs/iframe/H/home-design-3d-150x150.jpg to GitHub.
[2026-02-22 14:08:56] Uploading: wp-content/uploads/thumbs/iframe/H/home-design-3d-127x127.jpg
[2026-02-22 14:08:56] COMPRESSED: /home/vnoam/public_html/veo.vnoam.com/wp-content/uploads/thumbs/iframe/H/home-design-3d-127x127.jpg saved at Quality 75%
[2026-02-22 14:08:56] SUCCESS: Uploaded wp-content/uploads/thumbs/iframe/H/home-design-3d-127x127.jpg to GitHub.
[2026-02-22 14:08:56] Uploading: wp-content/uploads/thumbs/iframe/H/hexa-sort-3d.jpg
[2026-02-22 14:08:57] COMPRESSED: /home/vnoam/public_html/veo.vnoam.com/wp-content/uploads/thumbs/iframe/H/hexa-sort-3d.jpg saved at Quality 75%
[2026-02-22 14:08:57] SUCCESS: Uploaded wp-content/uploads/thumbs/iframe/H/hexa-sort-3d.jpg to GitHub.
[2026-02-22 14:08:57] Uploading: wp-content/uploads/thumbs/iframe/H/hexa-sort-3d-300x225.jpg
[2026-02-22 14:08:58] COMPRESSED: /home/vnoam/public_html/veo.vnoam.com/wp-content/uploads/thumbs/iframe/H/hexa-sort-3d-300x225.jpg saved at Quality 75%
[2026-02-22 14:08:58] SUCCESS: Uploaded wp-content/uploads/thumbs/iframe/H/hexa-sort-3d-300x225.jpg to GitHub.
[2026-02-22 14:08:58] Uploading: wp-content/uploads/thumbs/iframe/H/hexa-sort-3d-150x150.jpg
[2026-02-22 14:08:59] COMPRESSED: /home/vnoam/public_html/veo.vnoam.com/wp-content/uploads/thumbs/iframe/H/hexa-sort-3d-150x150.jpg saved at Quality 75%
[2026-02-22 14:08:59] SUCCESS: Uploaded wp-content/uploads/thumbs/iframe/H/hexa-sort-3d-150x150.jpg to GitHub.
[2026-02-22 14:08:59] Uploading: wp-content/uploads/thumbs/iframe/H/hexa-sort-3d-127x127.jpg
[2026-02-22 14:08:59] COMPRESSED: /home/vnoam/public_html/veo.vnoam.com/wp-content/uploads/thumbs/iframe/H/hexa-sort-3d-127x127.jpg saved at Quality 75%
[2026-02-22 14:09:00] SUCCESS: Uploaded wp-content/uploads/thumbs/iframe/H/hexa-sort-3d-127x127.jpg to GitHub.
[2026-02-22 14:09:00] Uploading: wp-content/uploads/thumbs/iframe/G/gun-evolution.jpg
[2026-02-22 14:09:00] COMPRESSED: /home/vnoam/public_html/veo.vnoam.com/wp-content/uploads/thumbs/iframe/G/gun-evolution.jpg saved at Quality 75%
[2026-02-22 14:09:01] SUCCESS: Uploaded wp-content/uploads/thumbs/iframe/G/gun-evolution.jpg to GitHub.
[2026-02-22 14:09:01] Uploading: wp-content/uploads/thumbs/iframe/G/gun-evolution-300x225.jpg
[2026-02-22 14:09:01] COMPRESSED: /home/vnoam/public_html/veo.vnoam.com/wp-content/uploads/thumbs/iframe/G/gun-evolution-300x225.jpg saved at Quality 75%
[2026-02-22 14:09:02] SUCCESS: Uploaded wp-content/uploads/thumbs/iframe/G/gun-evolution-300x225.jpg to GitHub.
[2026-02-22 14:09:02] Uploading: wp-content/uploads/thumbs/iframe/G/gun-evolution-150x150.jpg
[2026-02-22 14:09:02] COMPRESSED: /home/vnoam/public_html/veo.vnoam.com/wp-content/uploads/thumbs/iframe/G/gun-evolution-150x150.jpg saved at Quality 75%
[2026-02-22 14:09:04] SUCCESS: Uploaded wp-content/uploads/thumbs/iframe/G/gun-evolution-150x150.jpg to GitHub.
[2026-02-22 14:09:04] Uploading: wp-content/uploads/thumbs/iframe/G/gun-evolution-127x127.jpg
[2026-02-22 14:09:05] COMPRESSED: /home/vnoam/public_html/veo.vnoam.com/wp-content/uploads/thumbs/iframe/G/gun-evolution-127x127.jpg saved at Quality 75%
[2026-02-22 14:09:06] SUCCESS: Uploaded wp-content/uploads/thumbs/iframe/G/gun-evolution-127x127.jpg to GitHub.
[2026-02-22 14:09:06] Uploading: wp-content/uploads/thumbs/iframe/G/girl-secret-princess-makeover.jpg
[2026-02-22 14:09:06] COMPRESSED: /home/vnoam/public_html/veo.vnoam.com/wp-content/uploads/thumbs/iframe/G/girl-secret-princess-makeover.jpg saved at Quality 75%
[2026-02-22 14:09:07] SUCCESS: Uploaded wp-content/uploads/thumbs/iframe/G/girl-secret-princess-makeover.jpg to GitHub.
[2026-02-22 14:09:07] Uploading: wp-content/uploads/thumbs/iframe/G/girl-secret-princess-makeover-300x225.jpg
[2026-02-22 14:09:07] COMPRESSED: /home/vnoam/public_html/veo.vnoam.com/wp-content/uploads/thumbs/iframe/G/girl-secret-princess-makeover-300x225.jpg saved at Quality 75%
[2026-02-22 14:09:08] SUCCESS: Uploaded wp-content/uploads/thumbs/iframe/G/girl-secret-princess-makeover-300x225.jpg to GitHub.
[2026-02-22 14:09:08] Uploading: wp-content/uploads/thumbs/iframe/G/girl-secret-princess-makeover-150x150.jpg
[2026-02-22 14:09:08] COMPRESSED: /home/vnoam/public_html/veo.vnoam.com/wp-content/uploads/thumbs/iframe/G/girl-secret-princess-makeover-150x150.jpg saved at Quality 75%
[2026-02-22 14:09:09] SUCCESS: Uploaded wp-content/uploads/thumbs/iframe/G/girl-secret-princess-makeover-150x150.jpg to GitHub.
[2026-02-22 14:09:22] Uploading: wp-content/uploads/thumbs/iframe/G/girl-secret-princess-makeover-127x127.jpg
[2026-02-22 14:09:23] COMPRESSED: /home/vnoam/public_html/veo.vnoam.com/wp-content/uploads/thumbs/iframe/G/girl-secret-princess-makeover-127x127.jpg saved at Quality 75%
[2026-02-22 14:09:23] SUCCESS: Uploaded wp-content/uploads/thumbs/iframe/G/girl-secret-princess-makeover-127x127.jpg to GitHub.
[2026-02-22 14:09:23] Uploading: wp-content/uploads/thumbs/iframe/F/fishing-master.jpg
[2026-02-22 14:09:24] COMPRESSED: /home/vnoam/public_html/veo.vnoam.com/wp-content/uploads/thumbs/iframe/F/fishing-master.jpg saved at Quality 75%
[2026-02-22 14:09:24] SUCCESS: Uploaded wp-content/uploads/thumbs/iframe/F/fishing-master.jpg to GitHub.
[2026-02-22 14:09:24] Uploading: wp-content/uploads/thumbs/iframe/F/fishing-master-300x225.jpg
[2026-02-22 14:09:25] COMPRESSED: /home/vnoam/public_html/veo.vnoam.com/wp-content/uploads/thumbs/iframe/F/fishing-master-300x225.jpg saved at Quality 75%
[2026-02-22 14:09:25] SUCCESS: Uploaded wp-content/uploads/thumbs/iframe/F/fishing-master-300x225.jpg to GitHub.
[2026-02-22 14:09:25] Uploading: wp-content/uploads/thumbs/iframe/F/fishing-master-150x150.jpg
[2026-02-22 14:09:26] COMPRESSED: /home/vnoam/public_html/veo.vnoam.com/wp-content/uploads/thumbs/iframe/F/fishing-master-150x150.jpg saved at Quality 75%
[2026-02-22 14:09:26] SUCCESS: Uploaded wp-content/uploads/thumbs/iframe/F/fishing-master-150x150.jpg to GitHub.
[2026-02-22 14:09:26] Uploading: wp-content/uploads/thumbs/iframe/F/fishing-master-127x127.jpg
[2026-02-22 14:09:27] COMPRESSED: /home/vnoam/public_html/veo.vnoam.com/wp-content/uploads/thumbs/iframe/F/fishing-master-127x127.jpg saved at Quality 75%
[2026-02-22 14:09:27] SUCCESS: Uploaded wp-content/uploads/thumbs/iframe/F/fishing-master-127x127.jpg to GitHub.
[2026-02-22 14:09:27] Uploading: wp-content/uploads/thumbs/iframe/F/fire-truck-driving-simulator.jpg
[2026-02-22 14:09:28] COMPRESSED: /home/vnoam/public_html/veo.vnoam.com/wp-content/uploads/thumbs/iframe/F/fire-truck-driving-simulator.jpg saved at Quality 75%
[2026-02-22 14:09:29] SUCCESS: Uploaded wp-content/uploads/thumbs/iframe/F/fire-truck-driving-simulator.jpg to GitHub.
[2026-02-22 14:09:29] Uploading: wp-content/uploads/thumbs/iframe/F/fire-truck-driving-simulator-300x225.jpg
[2026-02-22 14:09:29] COMPRESSED: /home/vnoam/public_html/veo.vnoam.com/wp-content/uploads/thumbs/iframe/F/fire-truck-driving-simulator-300x225.jpg saved at Quality 75%
[2026-02-22 14:09:29] SUCCESS: Uploaded wp-content/uploads/thumbs/iframe/F/fire-truck-driving-simulator-300x225.jpg to GitHub.
[2026-02-22 14:09:29] Uploading: wp-content/uploads/thumbs/iframe/F/fire-truck-driving-simulator-150x150.jpg
[2026-02-22 14:09:30] COMPRESSED: /home/vnoam/public_html/veo.vnoam.com/wp-content/uploads/thumbs/iframe/F/fire-truck-driving-simulator-150x150.jpg saved at Quality 75%
[2026-02-22 14:09:30] SUCCESS: Uploaded wp-content/uploads/thumbs/iframe/F/fire-truck-driving-simulator-150x150.jpg to GitHub.
[2026-02-22 14:09:30] Uploading: wp-content/uploads/thumbs/iframe/F/fire-truck-driving-simulator-127x127.jpg
[2026-02-22 14:09:31] COMPRESSED: /home/vnoam/public_html/veo.vnoam.com/wp-content/uploads/thumbs/iframe/F/fire-truck-driving-simulator-127x127.jpg saved at Quality 75%
[2026-02-22 14:09:31] SUCCESS: Uploaded wp-content/uploads/thumbs/iframe/F/fire-truck-driving-simulator-127x127.jpg to GitHub.
[2026-02-22 14:09:31] Uploading: wp-content/uploads/thumbs/iframe/F/finger-heart-monster-refill.jpg
[2026-02-22 14:09:32] COMPRESSED: /home/vnoam/public_html/veo.vnoam.com/wp-content/uploads/thumbs/iframe/F/finger-heart-monster-refill.jpg saved at Quality 75%
[2026-02-22 14:09:32] SUCCESS: Uploaded wp-content/uploads/thumbs/iframe/F/finger-heart-monster-refill.jpg to GitHub.
[2026-02-22 14:09:32] Uploading: wp-content/uploads/thumbs/iframe/F/finger-heart-monster-refill-150x135.jpg
[2026-02-22 14:09:32] COMPRESSED: /home/vnoam/public_html/veo.vnoam.com/wp-content/uploads/thumbs/iframe/F/finger-heart-monster-refill-150x135.jpg saved at Quality 75%
[2026-02-22 14:09:33] SUCCESS: Uploaded wp-content/uploads/thumbs/iframe/F/finger-heart-monster-refill-150x135.jpg to GitHub.
[2026-02-22 14:09:33] Uploading: wp-content/uploads/thumbs/iframe/F/finger-heart-monster-refill-127x127.jpg
[2026-02-22 14:09:33] COMPRESSED: /home/vnoam/public_html/veo.vnoam.com/wp-content/uploads/thumbs/iframe/F/finger-heart-monster-refill-127x127.jpg saved at Quality 75%
[2026-02-22 14:09:34] SUCCESS: Uploaded wp-content/uploads/thumbs/iframe/F/finger-heart-monster-refill-127x127.jpg to GitHub.
[2026-02-22 14:09:34] Uploading: wp-content/uploads/thumbs/iframe/F/find-it-out-bluey.jpg
[2026-02-22 14:09:34] COMPRESSED: /home/vnoam/public_html/veo.vnoam.com/wp-content/uploads/thumbs/iframe/F/find-it-out-bluey.jpg saved at Quality 75%
[2026-02-22 14:09:35] SUCCESS: Uploaded wp-content/uploads/thumbs/iframe/F/find-it-out-bluey.jpg to GitHub.
[2026-02-22 14:09:35] Uploading: wp-content/uploads/thumbs/iframe/F/find-it-out-bluey-300x225.jpg
[2026-02-22 14:09:35] COMPRESSED: /home/vnoam/public_html/veo.vnoam.com/wp-content/uploads/thumbs/iframe/F/find-it-out-bluey-300x225.jpg saved at Quality 75%
[2026-02-22 14:09:36] SUCCESS: Uploaded wp-content/uploads/thumbs/iframe/F/find-it-out-bluey-300x225.jpg to GitHub.
[2026-02-22 14:09:36] Uploading: wp-content/uploads/thumbs/iframe/F/find-it-out-bluey-150x150.jpg
[2026-02-22 14:09:36] COMPRESSED: /home/vnoam/public_html/veo.vnoam.com/wp-content/uploads/thumbs/iframe/F/find-it-out-bluey-150x150.jpg saved at Quality 75%
[2026-02-22 14:09:36] SUCCESS: Uploaded wp-content/uploads/thumbs/iframe/F/find-it-out-bluey-150x150.jpg to GitHub.
[2026-02-22 14:09:36] Uploading: wp-content/uploads/thumbs/iframe/F/find-it-out-bluey-127x127.jpg
[2026-02-22 14:09:37] COMPRESSED: /home/vnoam/public_html/veo.vnoam.com/wp-content/uploads/thumbs/iframe/F/find-it-out-bluey-127x127.jpg saved at Quality 75%
[2026-02-22 14:09:37] SUCCESS: Uploaded wp-content/uploads/thumbs/iframe/F/find-it-out-bluey-127x127.jpg to GitHub.
[2026-02-22 14:09:37] Uploading: wp-content/uploads/thumbs/iframe/F/fashion-doll-diversity-salon.jpg
[2026-02-22 14:09:38] COMPRESSED: /home/vnoam/public_html/veo.vnoam.com/wp-content/uploads/thumbs/iframe/F/fashion-doll-diversity-salon.jpg saved at Quality 75%
[2026-02-22 14:09:38] SUCCESS: Uploaded wp-content/uploads/thumbs/iframe/F/fashion-doll-diversity-salon.jpg to GitHub.
[2026-02-22 14:09:38] Uploading: wp-content/uploads/thumbs/iframe/F/fashion-doll-diversity-salon-300x225.jpg
[2026-02-22 14:09:39] COMPRESSED: /home/vnoam/public_html/veo.vnoam.com/wp-content/uploads/thumbs/iframe/F/fashion-doll-diversity-salon-300x225.jpg saved at Quality 75%
[2026-02-22 14:09:39] SUCCESS: Uploaded wp-content/uploads/thumbs/iframe/F/fashion-doll-diversity-salon-300x225.jpg to GitHub.
[2026-02-22 14:09:39] Uploading: wp-content/uploads/thumbs/iframe/F/fashion-doll-diversity-salon-150x150.jpg
[2026-02-22 14:09:40] COMPRESSED: /home/vnoam/public_html/veo.vnoam.com/wp-content/uploads/thumbs/iframe/F/fashion-doll-diversity-salon-150x150.jpg saved at Quality 75%
[2026-02-22 14:09:40] SUCCESS: Uploaded wp-content/uploads/thumbs/iframe/F/fashion-doll-diversity-salon-150x150.jpg to GitHub.
[2026-02-22 14:09:50] Uploading: wp-content/uploads/thumbs/iframe/F/fashion-doll-diversity-salon-127x127.jpg
[2026-02-22 14:09:50] COMPRESSED: /home/vnoam/public_html/veo.vnoam.com/wp-content/uploads/thumbs/iframe/F/fashion-doll-diversity-salon-127x127.jpg saved at Quality 75%
[2026-02-22 14:09:50] SUCCESS: Uploaded wp-content/uploads/thumbs/iframe/F/fashion-doll-diversity-salon-127x127.jpg to GitHub.
[2026-02-22 14:09:50] Uploading: wp-content/uploads/thumbs/iframe/F/factory-builder.jpg
[2026-02-22 14:09:51] COMPRESSED: /home/vnoam/public_html/veo.vnoam.com/wp-content/uploads/thumbs/iframe/F/factory-builder.jpg saved at Quality 75%
[2026-02-22 14:09:51] SUCCESS: Uploaded wp-content/uploads/thumbs/iframe/F/factory-builder.jpg to GitHub.
[2026-02-22 14:09:51] Uploading: wp-content/uploads/thumbs/iframe/F/factory-builder-300x225.jpg
[2026-02-22 14:09:52] COMPRESSED: /home/vnoam/public_html/veo.vnoam.com/wp-content/uploads/thumbs/iframe/F/factory-builder-300x225.jpg saved at Quality 75%
[2026-02-22 14:09:52] SUCCESS: Uploaded wp-content/uploads/thumbs/iframe/F/factory-builder-300x225.jpg to GitHub.
[2026-02-22 14:09:52] Uploading: wp-content/uploads/thumbs/iframe/F/factory-builder-150x150.jpg
[2026-02-22 14:09:52] COMPRESSED: /home/vnoam/public_html/veo.vnoam.com/wp-content/uploads/thumbs/iframe/F/factory-builder-150x150.jpg saved at Quality 75%
[2026-02-22 14:09:53] SUCCESS: Uploaded wp-content/uploads/thumbs/iframe/F/factory-builder-150x150.jpg to GitHub.
[2026-02-22 14:09:53] Uploading: wp-content/uploads/thumbs/iframe/F/factory-builder-127x127.jpg
[2026-02-22 14:09:53] COMPRESSED: /home/vnoam/public_html/veo.vnoam.com/wp-content/uploads/thumbs/iframe/F/factory-builder-127x127.jpg saved at Quality 75%
[2026-02-22 14:09:54] SUCCESS: Uploaded wp-content/uploads/thumbs/iframe/F/factory-builder-127x127.jpg to GitHub.
[2026-02-22 14:09:54] Uploading: wp-content/uploads/thumbs/iframe/E/eye-art-perfect-makeup-artist.jpg
[2026-02-22 14:09:54] COMPRESSED: /home/vnoam/public_html/veo.vnoam.com/wp-content/uploads/thumbs/iframe/E/eye-art-perfect-makeup-artist.jpg saved at Quality 75%
[2026-02-22 14:09:55] SUCCESS: Uploaded wp-content/uploads/thumbs/iframe/E/eye-art-perfect-makeup-artist.jpg to GitHub.
[2026-02-22 14:09:55] Uploading: wp-content/uploads/thumbs/iframe/E/eye-art-perfect-makeup-artist-300x225.jpg
[2026-02-22 14:09:55] COMPRESSED: /home/vnoam/public_html/veo.vnoam.com/wp-content/uploads/thumbs/iframe/E/eye-art-perfect-makeup-artist-300x225.jpg saved at Quality 75%
[2026-02-22 14:09:56] SUCCESS: Uploaded wp-content/uploads/thumbs/iframe/E/eye-art-perfect-makeup-artist-300x225.jpg to GitHub.
[2026-02-22 14:09:56] Uploading: wp-content/uploads/thumbs/iframe/E/eye-art-perfect-makeup-artist-150x150.jpg
[2026-02-22 14:09:56] COMPRESSED: /home/vnoam/public_html/veo.vnoam.com/wp-content/uploads/thumbs/iframe/E/eye-art-perfect-makeup-artist-150x150.jpg saved at Quality 75%
[2026-02-22 14:09:57] SUCCESS: Uploaded wp-content/uploads/thumbs/iframe/E/eye-art-perfect-makeup-artist-150x150.jpg to GitHub.
[2026-02-22 14:09:57] Uploading: wp-content/uploads/thumbs/iframe/E/eye-art-perfect-makeup-artist-127x127.jpg
[2026-02-22 14:09:57] COMPRESSED: /home/vnoam/public_html/veo.vnoam.com/wp-content/uploads/thumbs/iframe/E/eye-art-perfect-makeup-artist-127x127.jpg saved at Quality 75%
[2026-02-22 14:09:57] SUCCESS: Uploaded wp-content/uploads/thumbs/iframe/E/eye-art-perfect-makeup-artist-127x127.jpg to GitHub.
[2026-02-22 14:09:57] Uploading: wp-content/uploads/thumbs/iframe/E/extreme-road-trip.jpg
[2026-02-22 14:09:58] COMPRESSED: /home/vnoam/public_html/veo.vnoam.com/wp-content/uploads/thumbs/iframe/E/extreme-road-trip.jpg saved at Quality 75%
[2026-02-22 14:09:58] SUCCESS: Uploaded wp-content/uploads/thumbs/iframe/E/extreme-road-trip.jpg to GitHub.
[2026-02-22 14:09:58] Uploading: wp-content/uploads/thumbs/iframe/E/extreme-road-trip-300x225.jpg
[2026-02-22 14:09:59] COMPRESSED: /home/vnoam/public_html/veo.vnoam.com/wp-content/uploads/thumbs/iframe/E/extreme-road-trip-300x225.jpg saved at Quality 75%
[2026-02-22 14:09:59] SUCCESS: Uploaded wp-content/uploads/thumbs/iframe/E/extreme-road-trip-300x225.jpg to GitHub.
[2026-02-22 14:09:59] Uploading: wp-content/uploads/thumbs/iframe/E/extreme-road-trip-150x150.jpg
[2026-02-22 14:10:00] COMPRESSED: /home/vnoam/public_html/veo.vnoam.com/wp-content/uploads/thumbs/iframe/E/extreme-road-trip-150x150.jpg saved at Quality 75%
[2026-02-22 14:10:00] SUCCESS: Uploaded wp-content/uploads/thumbs/iframe/E/extreme-road-trip-150x150.jpg to GitHub.
[2026-02-22 14:10:00] Uploading: wp-content/uploads/thumbs/iframe/E/extreme-road-trip-127x127.jpg
[2026-02-22 14:10:00] COMPRESSED: /home/vnoam/public_html/veo.vnoam.com/wp-content/uploads/thumbs/iframe/E/extreme-road-trip-127x127.jpg saved at Quality 75%
[2026-02-22 14:10:01] SUCCESS: Uploaded wp-content/uploads/thumbs/iframe/E/extreme-road-trip-127x127.jpg to GitHub.
[2026-02-22 14:10:01] Uploading: wp-content/uploads/thumbs/iframe/D/diy-anime-doll-dress-up.jpg
[2026-02-22 14:10:01] COMPRESSED: /home/vnoam/public_html/veo.vnoam.com/wp-content/uploads/thumbs/iframe/D/diy-anime-doll-dress-up.jpg saved at Quality 75%
[2026-02-22 14:10:02] SUCCESS: Uploaded wp-content/uploads/thumbs/iframe/D/diy-anime-doll-dress-up.jpg to GitHub.
[2026-02-22 14:10:12] Uploading: wp-content/uploads/thumbs/iframe/D/diy-anime-doll-dress-up-300x225.jpg
[2026-02-22 14:10:13] COMPRESSED: /home/vnoam/public_html/veo.vnoam.com/wp-content/uploads/thumbs/iframe/D/diy-anime-doll-dress-up-300x225.jpg saved at Quality 75%
[2026-02-22 14:10:13] SUCCESS: Uploaded wp-content/uploads/thumbs/iframe/D/diy-anime-doll-dress-up-300x225.jpg to GitHub.
[2026-02-22 14:10:13] Uploading: wp-content/uploads/thumbs/iframe/D/diy-anime-doll-dress-up-150x150.jpg
[2026-02-22 14:10:13] COMPRESSED: /home/vnoam/public_html/veo.vnoam.com/wp-content/uploads/thumbs/iframe/D/diy-anime-doll-dress-up-150x150.jpg saved at Quality 75%
[2026-02-22 14:10:14] SUCCESS: Uploaded wp-content/uploads/thumbs/iframe/D/diy-anime-doll-dress-up-150x150.jpg to GitHub.
[2026-02-22 14:10:14] Uploading: wp-content/uploads/thumbs/iframe/D/diy-anime-doll-dress-up-127x127.jpg
[2026-02-22 14:10:14] COMPRESSED: /home/vnoam/public_html/veo.vnoam.com/wp-content/uploads/thumbs/iframe/D/diy-anime-doll-dress-up-127x127.jpg saved at Quality 75%
[2026-02-22 14:10:15] SUCCESS: Uploaded wp-content/uploads/thumbs/iframe/D/diy-anime-doll-dress-up-127x127.jpg to GitHub.
[2026-02-22 14:10:15] Uploading: wp-content/uploads/thumbs/iframe/D/dinosaur-runner-3d.jpg
[2026-02-22 14:10:15] COMPRESSED: /home/vnoam/public_html/veo.vnoam.com/wp-content/uploads/thumbs/iframe/D/dinosaur-runner-3d.jpg saved at Quality 75%
[2026-02-22 14:10:16] SUCCESS: Uploaded wp-content/uploads/thumbs/iframe/D/dinosaur-runner-3d.jpg to GitHub.
[2026-02-22 14:10:16] Uploading: wp-content/uploads/thumbs/iframe/D/dinosaur-runner-3d-300x225.jpg
[2026-02-22 14:10:16] COMPRESSED: /home/vnoam/public_html/veo.vnoam.com/wp-content/uploads/thumbs/iframe/D/dinosaur-runner-3d-300x225.jpg saved at Quality 75%
[2026-02-22 14:10:17] SUCCESS: Uploaded wp-content/uploads/thumbs/iframe/D/dinosaur-runner-3d-300x225.jpg to GitHub.
[2026-02-22 14:10:17] Uploading: wp-content/uploads/thumbs/iframe/D/dinosaur-runner-3d-150x150.jpg
[2026-02-22 14:10:17] COMPRESSED: /home/vnoam/public_html/veo.vnoam.com/wp-content/uploads/thumbs/iframe/D/dinosaur-runner-3d-150x150.jpg saved at Quality 75%
[2026-02-22 14:10:18] SUCCESS: Uploaded wp-content/uploads/thumbs/iframe/D/dinosaur-runner-3d-150x150.jpg to GitHub.
[2026-02-22 14:10:18] Uploading: wp-content/uploads/thumbs/iframe/D/dinosaur-runner-3d-127x127.jpg
[2026-02-22 14:10:18] COMPRESSED: /home/vnoam/public_html/veo.vnoam.com/wp-content/uploads/thumbs/iframe/D/dinosaur-runner-3d-127x127.jpg saved at Quality 75%
[2026-02-22 14:10:18] SUCCESS: Uploaded wp-content/uploads/thumbs/iframe/D/dinosaur-runner-3d-127x127.jpg to GitHub.
[2026-02-22 14:10:18] Uploading: wp-content/uploads/thumbs/iframe/D/desert-riders-car-battle.jpg
[2026-02-22 14:10:19] COMPRESSED: /home/vnoam/public_html/veo.vnoam.com/wp-content/uploads/thumbs/iframe/D/desert-riders-car-battle.jpg saved at Quality 75%
[2026-02-22 14:10:20] SUCCESS: Uploaded wp-content/uploads/thumbs/iframe/D/desert-riders-car-battle.jpg to GitHub.
[2026-02-22 14:10:20] Uploading: wp-content/uploads/thumbs/iframe/D/desert-riders-car-battle-300x225.jpg
[2026-02-22 14:10:20] COMPRESSED: /home/vnoam/public_html/veo.vnoam.com/wp-content/uploads/thumbs/iframe/D/desert-riders-car-battle-300x225.jpg saved at Quality 75%
[2026-02-22 14:10:21] SUCCESS: Uploaded wp-content/uploads/thumbs/iframe/D/desert-riders-car-battle-300x225.jpg to GitHub.
[2026-02-22 14:10:21] Uploading: wp-content/uploads/thumbs/iframe/D/desert-riders-car-battle-150x150.jpg
[2026-02-22 14:10:21] COMPRESSED: /home/vnoam/public_html/veo.vnoam.com/wp-content/uploads/thumbs/iframe/D/desert-riders-car-battle-150x150.jpg saved at Quality 75%
[2026-02-22 14:10:22] SUCCESS: Uploaded wp-content/uploads/thumbs/iframe/D/desert-riders-car-battle-150x150.jpg to GitHub.
[2026-02-22 14:10:22] Uploading: wp-content/uploads/thumbs/iframe/D/desert-riders-car-battle-127x127.jpg
[2026-02-22 14:10:22] COMPRESSED: /home/vnoam/public_html/veo.vnoam.com/wp-content/uploads/thumbs/iframe/D/desert-riders-car-battle-127x127.jpg saved at Quality 75%
[2026-02-22 14:10:23] SUCCESS: Uploaded wp-content/uploads/thumbs/iframe/D/desert-riders-car-battle-127x127.jpg to GitHub.
[2026-02-22 14:10:25] Uploading: wp-content/uploads/thumbs/iframe/C/cute-folding-paper.jpg
[2026-02-22 14:10:25] COMPRESSED: /home/vnoam/public_html/veo.vnoam.com/wp-content/uploads/thumbs/iframe/C/cute-folding-paper.jpg saved at Quality 75%
[2026-02-22 14:10:26] SUCCESS: Uploaded wp-content/uploads/thumbs/iframe/C/cute-folding-paper.jpg to GitHub.
[2026-02-22 14:10:26] Uploading: wp-content/uploads/thumbs/iframe/C/cute-folding-paper-300x225.jpg
[2026-02-22 14:10:26] COMPRESSED: /home/vnoam/public_html/veo.vnoam.com/wp-content/uploads/thumbs/iframe/C/cute-folding-paper-300x225.jpg saved at Quality 75%
[2026-02-22 14:10:27] SUCCESS: Uploaded wp-content/uploads/thumbs/iframe/C/cute-folding-paper-300x225.jpg to GitHub.
[2026-02-22 14:10:27] Uploading: wp-content/uploads/thumbs/iframe/C/cute-folding-paper-150x150.jpg
[2026-02-22 14:10:27] COMPRESSED: /home/vnoam/public_html/veo.vnoam.com/wp-content/uploads/thumbs/iframe/C/cute-folding-paper-150x150.jpg saved at Quality 75%
[2026-02-22 14:10:28] SUCCESS: Uploaded wp-content/uploads/thumbs/iframe/C/cute-folding-paper-150x150.jpg to GitHub.
[2026-02-22 14:10:28] Uploading: wp-content/uploads/thumbs/iframe/C/cute-folding-paper-127x127.jpg
[2026-02-22 14:10:28] COMPRESSED: /home/vnoam/public_html/veo.vnoam.com/wp-content/uploads/thumbs/iframe/C/cute-folding-paper-127x127.jpg saved at Quality 75%
[2026-02-22 14:10:29] SUCCESS: Uploaded wp-content/uploads/thumbs/iframe/C/cute-folding-paper-127x127.jpg to GitHub.
[2026-02-22 14:10:29] Uploading: wp-content/uploads/thumbs/iframe/C/cube-animal-drift-3d.jpg
[2026-02-22 14:10:29] COMPRESSED: /home/vnoam/public_html/veo.vnoam.com/wp-content/uploads/thumbs/iframe/C/cube-animal-drift-3d.jpg saved at Quality 75%
[2026-02-22 14:10:29] SUCCESS: Uploaded wp-content/uploads/thumbs/iframe/C/cube-animal-drift-3d.jpg to GitHub.
[2026-02-22 14:10:30] Uploading: wp-content/uploads/thumbs/iframe/C/cube-animal-drift-3d-300x225.jpg
[2026-02-22 14:10:30] COMPRESSED: /home/vnoam/public_html/veo.vnoam.com/wp-content/uploads/thumbs/iframe/C/cube-animal-drift-3d-300x225.jpg saved at Quality 75%
[2026-02-22 14:10:31] SUCCESS: Uploaded wp-content/uploads/thumbs/iframe/C/cube-animal-drift-3d-300x225.jpg to GitHub.
[2026-02-22 14:10:31] Uploading: wp-content/uploads/thumbs/iframe/C/cube-animal-drift-3d-150x150.jpg
[2026-02-22 14:10:31] COMPRESSED: /home/vnoam/public_html/veo.vnoam.com/wp-content/uploads/thumbs/iframe/C/cube-animal-drift-3d-150x150.jpg saved at Quality 75%
[2026-02-22 14:10:31] SUCCESS: Uploaded wp-content/uploads/thumbs/iframe/C/cube-animal-drift-3d-150x150.jpg to GitHub.
[2026-02-22 14:10:35] Uploading: wp-content/uploads/thumbs/iframe/C/cube-animal-drift-3d-127x127.jpg
[2026-02-22 14:10:35] COMPRESSED: /home/vnoam/public_html/veo.vnoam.com/wp-content/uploads/thumbs/iframe/C/cube-animal-drift-3d-127x127.jpg saved at Quality 75%
[2026-02-22 14:10:36] SUCCESS: Uploaded wp-content/uploads/thumbs/iframe/C/cube-animal-drift-3d-127x127.jpg to GitHub.
[2026-02-22 14:10:36] Uploading: wp-content/uploads/thumbs/iframe/C/crowd-defense.jpg
[2026-02-22 14:10:36] COMPRESSED: /home/vnoam/public_html/veo.vnoam.com/wp-content/uploads/thumbs/iframe/C/crowd-defense.jpg saved at Quality 75%
[2026-02-22 14:10:37] SUCCESS: Uploaded wp-content/uploads/thumbs/iframe/C/crowd-defense.jpg to GitHub.
[2026-02-22 14:10:37] Uploading: wp-content/uploads/thumbs/iframe/C/crowd-defense-300x225.jpg
[2026-02-22 14:10:37] COMPRESSED: /home/vnoam/public_html/veo.vnoam.com/wp-content/uploads/thumbs/iframe/C/crowd-defense-300x225.jpg saved at Quality 75%
[2026-02-22 14:10:38] SUCCESS: Uploaded wp-content/uploads/thumbs/iframe/C/crowd-defense-300x225.jpg to GitHub.
[2026-02-22 14:10:38] Uploading: wp-content/uploads/thumbs/iframe/C/crowd-defense-150x150.jpg
[2026-02-22 14:10:38] COMPRESSED: /home/vnoam/public_html/veo.vnoam.com/wp-content/uploads/thumbs/iframe/C/crowd-defense-150x150.jpg saved at Quality 75%
[2026-02-22 14:10:39] SUCCESS: Uploaded wp-content/uploads/thumbs/iframe/C/crowd-defense-150x150.jpg to GitHub.
[2026-02-22 14:10:45] Uploading: wp-content/uploads/thumbs/iframe/C/crowd-defense-127x127.jpg
[2026-02-22 14:10:45] COMPRESSED: /home/vnoam/public_html/veo.vnoam.com/wp-content/uploads/thumbs/iframe/C/crowd-defense-127x127.jpg saved at Quality 75%
[2026-02-22 14:10:46] SUCCESS: Uploaded wp-content/uploads/thumbs/iframe/C/crowd-defense-127x127.jpg to GitHub.
[2026-02-22 14:10:46] Uploading: wp-content/uploads/thumbs/iframe/C/construction-set-3d.jpg
[2026-02-22 14:10:46] COMPRESSED: /home/vnoam/public_html/veo.vnoam.com/wp-content/uploads/thumbs/iframe/C/construction-set-3d.jpg saved at Quality 75%
[2026-02-22 14:10:47] SUCCESS: Uploaded wp-content/uploads/thumbs/iframe/C/construction-set-3d.jpg to GitHub.
[2026-02-22 14:10:47] Uploading: wp-content/uploads/thumbs/iframe/C/construction-set-3d-300x225.jpg
[2026-02-22 14:10:48] COMPRESSED: /home/vnoam/public_html/veo.vnoam.com/wp-content/uploads/thumbs/iframe/C/construction-set-3d-300x225.jpg saved at Quality 75%
[2026-02-22 14:10:49] SUCCESS: Uploaded wp-content/uploads/thumbs/iframe/C/construction-set-3d-300x225.jpg to GitHub.
[2026-02-22 14:10:49] Uploading: wp-content/uploads/thumbs/iframe/C/construction-set-3d-150x150.jpg
[2026-02-22 14:10:50] COMPRESSED: /home/vnoam/public_html/veo.vnoam.com/wp-content/uploads/thumbs/iframe/C/construction-set-3d-150x150.jpg saved at Quality 75%
[2026-02-22 14:10:50] SUCCESS: Uploaded wp-content/uploads/thumbs/iframe/C/construction-set-3d-150x150.jpg to GitHub.
[2026-02-22 14:10:50] Uploading: wp-content/uploads/thumbs/iframe/C/construction-set-3d-127x127.jpg
[2026-02-22 14:10:51] COMPRESSED: /home/vnoam/public_html/veo.vnoam.com/wp-content/uploads/thumbs/iframe/C/construction-set-3d-127x127.jpg saved at Quality 75%
[2026-02-22 14:10:52] SUCCESS: Uploaded wp-content/uploads/thumbs/iframe/C/construction-set-3d-127x127.jpg to GitHub.
[2026-02-22 14:10:55] Uploading: wp-content/uploads/thumbs/iframe/C/coin-collector-merge-to-10.jpg
[2026-02-22 14:10:55] COMPRESSED: /home/vnoam/public_html/veo.vnoam.com/wp-content/uploads/thumbs/iframe/C/coin-collector-merge-to-10.jpg saved at Quality 75%
[2026-02-22 14:10:56] SUCCESS: Uploaded wp-content/uploads/thumbs/iframe/C/coin-collector-merge-to-10.jpg to GitHub.
[2026-02-22 14:10:56] Uploading: wp-content/uploads/thumbs/iframe/C/coin-collector-merge-to-10-300x225.jpg
[2026-02-22 14:10:57] COMPRESSED: /home/vnoam/public_html/veo.vnoam.com/wp-content/uploads/thumbs/iframe/C/coin-collector-merge-to-10-300x225.jpg saved at Quality 75%
[2026-02-22 14:10:57] SUCCESS: Uploaded wp-content/uploads/thumbs/iframe/C/coin-collector-merge-to-10-300x225.jpg to GitHub.
[2026-02-22 14:10:57] Uploading: wp-content/uploads/thumbs/iframe/C/coin-collector-merge-to-10-150x150.jpg
[2026-02-22 14:10:57] COMPRESSED: /home/vnoam/public_html/veo.vnoam.com/wp-content/uploads/thumbs/iframe/C/coin-collector-merge-to-10-150x150.jpg saved at Quality 75%
[2026-02-22 14:10:58] SUCCESS: Uploaded wp-content/uploads/thumbs/iframe/C/coin-collector-merge-to-10-150x150.jpg to GitHub.
[2026-02-22 14:10:58] Uploading: wp-content/uploads/thumbs/iframe/C/coin-collector-merge-to-10-127x127.jpg
[2026-02-22 14:10:58] COMPRESSED: /home/vnoam/public_html/veo.vnoam.com/wp-content/uploads/thumbs/iframe/C/coin-collector-merge-to-10-127x127.jpg saved at Quality 75%
[2026-02-22 14:10:59] SUCCESS: Uploaded wp-content/uploads/thumbs/iframe/C/coin-collector-merge-to-10-127x127.jpg to GitHub.
[2026-02-22 14:10:59] Uploading: wp-content/uploads/thumbs/iframe/C/classmate-battle-school-puzzle.jpg
[2026-02-22 14:10:59] COMPRESSED: /home/vnoam/public_html/veo.vnoam.com/wp-content/uploads/thumbs/iframe/C/classmate-battle-school-puzzle.jpg saved at Quality 75%
[2026-02-22 14:11:00] SUCCESS: Uploaded wp-content/uploads/thumbs/iframe/C/classmate-battle-school-puzzle.jpg to GitHub.
[2026-02-22 14:11:09] Uploading: wp-content/uploads/thumbs/iframe/C/classmate-battle-school-puzzle-150x135.jpg
[2026-02-22 14:11:09] COMPRESSED: /home/vnoam/public_html/veo.vnoam.com/wp-content/uploads/thumbs/iframe/C/classmate-battle-school-puzzle-150x135.jpg saved at Quality 75%
[2026-02-22 14:11:10] SUCCESS: Uploaded wp-content/uploads/thumbs/iframe/C/classmate-battle-school-puzzle-150x135.jpg to GitHub.
[2026-02-22 14:11:10] Uploading: wp-content/uploads/thumbs/iframe/C/classmate-battle-school-puzzle-127x127.jpg
[2026-02-22 14:11:10] COMPRESSED: /home/vnoam/public_html/veo.vnoam.com/wp-content/uploads/thumbs/iframe/C/classmate-battle-school-puzzle-127x127.jpg saved at Quality 75%
[2026-02-22 14:11:11] SUCCESS: Uploaded wp-content/uploads/thumbs/iframe/C/classmate-battle-school-puzzle-127x127.jpg to GitHub.
[2026-02-22 14:11:11] Uploading: wp-content/uploads/thumbs/iframe/C/chain-cube-2048-3d-merge-game.jpg
[2026-02-22 14:11:11] COMPRESSED: /home/vnoam/public_html/veo.vnoam.com/wp-content/uploads/thumbs/iframe/C/chain-cube-2048-3d-merge-game.jpg saved at Quality 75%
[2026-02-22 14:11:12] SUCCESS: Uploaded wp-content/uploads/thumbs/iframe/C/chain-cube-2048-3d-merge-game.jpg to GitHub.
[2026-02-22 14:11:12] Uploading: wp-content/uploads/thumbs/iframe/C/chain-cube-2048-3d-merge-game-300x225.jpg
[2026-02-22 14:11:13] COMPRESSED: /home/vnoam/public_html/veo.vnoam.com/wp-content/uploads/thumbs/iframe/C/chain-cube-2048-3d-merge-game-300x225.jpg saved at Quality 75%
[2026-02-22 14:11:13] SUCCESS: Uploaded wp-content/uploads/thumbs/iframe/C/chain-cube-2048-3d-merge-game-300x225.jpg to GitHub.
[2026-02-22 14:11:13] Uploading: wp-content/uploads/thumbs/iframe/C/chain-cube-2048-3d-merge-game-150x150.jpg
[2026-02-22 14:11:13] COMPRESSED: /home/vnoam/public_html/veo.vnoam.com/wp-content/uploads/thumbs/iframe/C/chain-cube-2048-3d-merge-game-150x150.jpg saved at Quality 75%
[2026-02-22 14:11:14] SUCCESS: Uploaded wp-content/uploads/thumbs/iframe/C/chain-cube-2048-3d-merge-game-150x150.jpg to GitHub.
[2026-02-22 14:11:14] Uploading: wp-content/uploads/thumbs/iframe/C/chain-cube-2048-3d-merge-game-127x127.jpg
[2026-02-22 14:11:14] COMPRESSED: /home/vnoam/public_html/veo.vnoam.com/wp-content/uploads/thumbs/iframe/C/chain-cube-2048-3d-merge-game-127x127.jpg saved at Quality 75%
[2026-02-22 14:11:15] SUCCESS: Uploaded wp-content/uploads/thumbs/iframe/C/chain-cube-2048-3d-merge-game-127x127.jpg to GitHub.
[2026-02-22 14:11:15] Uploading: wp-content/uploads/thumbs/iframe/C/cat-evolution.jpg
[2026-02-22 14:11:16] COMPRESSED: /home/vnoam/public_html/veo.vnoam.com/wp-content/uploads/thumbs/iframe/C/cat-evolution.jpg saved at Quality 75%
[2026-02-22 14:11:17] SUCCESS: Uploaded wp-content/uploads/thumbs/iframe/C/cat-evolution.jpg to GitHub.
[2026-02-22 14:11:18] Uploading: wp-content/uploads/thumbs/iframe/C/cat-evolution-300x225.jpg
[2026-02-22 14:11:19] COMPRESSED: /home/vnoam/public_html/veo.vnoam.com/wp-content/uploads/thumbs/iframe/C/cat-evolution-300x225.jpg saved at Quality 75%
[2026-02-22 14:11:19] SUCCESS: Uploaded wp-content/uploads/thumbs/iframe/C/cat-evolution-300x225.jpg to GitHub.
[2026-02-22 14:11:19] Uploading: wp-content/uploads/thumbs/iframe/C/cat-evolution-150x150.jpg
[2026-02-22 14:11:19] COMPRESSED: /home/vnoam/public_html/veo.vnoam.com/wp-content/uploads/thumbs/iframe/C/cat-evolution-150x150.jpg saved at Quality 75%
[2026-02-22 14:11:20] SUCCESS: Uploaded wp-content/uploads/thumbs/iframe/C/cat-evolution-150x150.jpg to GitHub.
[2026-02-22 14:11:20] Uploading: wp-content/uploads/thumbs/iframe/C/cat-evolution-127x127.jpg
[2026-02-22 14:11:20] COMPRESSED: /home/vnoam/public_html/veo.vnoam.com/wp-content/uploads/thumbs/iframe/C/cat-evolution-127x127.jpg saved at Quality 75%
[2026-02-22 14:11:21] SUCCESS: Uploaded wp-content/uploads/thumbs/iframe/C/cat-evolution-127x127.jpg to GitHub.
[2026-02-22 14:11:21] Uploading: wp-content/uploads/thumbs/iframe/B/brain-puzzle-tricky-choices.jpg
[2026-02-22 14:11:21] COMPRESSED: /home/vnoam/public_html/veo.vnoam.com/wp-content/uploads/thumbs/iframe/B/brain-puzzle-tricky-choices.jpg saved at Quality 75%
[2026-02-22 14:11:22] SUCCESS: Uploaded wp-content/uploads/thumbs/iframe/B/brain-puzzle-tricky-choices.jpg to GitHub.
[2026-02-22 14:11:22] Uploading: wp-content/uploads/thumbs/iframe/B/brain-puzzle-tricky-choices-300x225.jpg
[2026-02-22 14:11:22] COMPRESSED: /home/vnoam/public_html/veo.vnoam.com/wp-content/uploads/thumbs/iframe/B/brain-puzzle-tricky-choices-300x225.jpg saved at Quality 75%
[2026-02-22 14:11:23] SUCCESS: Uploaded wp-content/uploads/thumbs/iframe/B/brain-puzzle-tricky-choices-300x225.jpg to GitHub.
[2026-02-22 14:11:33] Uploading: wp-content/uploads/thumbs/iframe/B/brain-puzzle-tricky-choices-150x150.jpg
[2026-02-22 14:11:33] COMPRESSED: /home/vnoam/public_html/veo.vnoam.com/wp-content/uploads/thumbs/iframe/B/brain-puzzle-tricky-choices-150x150.jpg saved at Quality 75%
[2026-02-22 14:11:34] SUCCESS: Uploaded wp-content/uploads/thumbs/iframe/B/brain-puzzle-tricky-choices-150x150.jpg to GitHub.
[2026-02-22 14:11:34] Uploading: wp-content/uploads/thumbs/iframe/B/brain-puzzle-tricky-choices-127x127.jpg
[2026-02-22 14:11:35] COMPRESSED: /home/vnoam/public_html/veo.vnoam.com/wp-content/uploads/thumbs/iframe/B/brain-puzzle-tricky-choices-127x127.jpg saved at Quality 75%
[2026-02-22 14:11:35] SUCCESS: Uploaded wp-content/uploads/thumbs/iframe/B/brain-puzzle-tricky-choices-127x127.jpg to GitHub.
[2026-02-22 14:11:35] Uploading: wp-content/uploads/thumbs/iframe/B/brain-find-can-you-find-it.jpg
[2026-02-22 14:11:35] COMPRESSED: /home/vnoam/public_html/veo.vnoam.com/wp-content/uploads/thumbs/iframe/B/brain-find-can-you-find-it.jpg saved at Quality 75%
[2026-02-22 14:11:36] SUCCESS: Uploaded wp-content/uploads/thumbs/iframe/B/brain-find-can-you-find-it.jpg to GitHub.
[2026-02-22 14:11:36] Uploading: wp-content/uploads/thumbs/iframe/B/brain-find-can-you-find-it-150x135.jpg
[2026-02-22 14:11:36] COMPRESSED: /home/vnoam/public_html/veo.vnoam.com/wp-content/uploads/thumbs/iframe/B/brain-find-can-you-find-it-150x135.jpg saved at Quality 75%
[2026-02-22 14:11:37] SUCCESS: Uploaded wp-content/uploads/thumbs/iframe/B/brain-find-can-you-find-it-150x135.jpg to GitHub.
[2026-02-22 14:11:37] Uploading: wp-content/uploads/thumbs/iframe/B/brain-find-can-you-find-it-127x127.jpg
[2026-02-22 14:11:37] COMPRESSED: /home/vnoam/public_html/veo.vnoam.com/wp-content/uploads/thumbs/iframe/B/brain-find-can-you-find-it-127x127.jpg saved at Quality 75%
[2026-02-22 14:11:38] SUCCESS: Uploaded wp-content/uploads/thumbs/iframe/B/brain-find-can-you-find-it-127x127.jpg to GitHub.
[2026-02-22 14:11:38] Uploading: wp-content/uploads/thumbs/iframe/B/bike-stunt-racing-legend.jpg
[2026-02-22 14:11:38] COMPRESSED: /home/vnoam/public_html/veo.vnoam.com/wp-content/uploads/thumbs/iframe/B/bike-stunt-racing-legend.jpg saved at Quality 75%
[2026-02-22 14:11:39] SUCCESS: Uploaded wp-content/uploads/thumbs/iframe/B/bike-stunt-racing-legend.jpg to GitHub.
[2026-02-22 14:11:39] Uploading: wp-content/uploads/thumbs/iframe/B/bike-stunt-racing-legend-300x225.jpg
[2026-02-22 14:11:39] COMPRESSED: /home/vnoam/public_html/veo.vnoam.com/wp-content/uploads/thumbs/iframe/B/bike-stunt-racing-legend-300x225.jpg saved at Quality 75%
[2026-02-22 14:11:40] SUCCESS: Uploaded wp-content/uploads/thumbs/iframe/B/bike-stunt-racing-legend-300x225.jpg to GitHub.
[2026-02-22 14:11:52] Uploading: wp-content/uploads/thumbs/iframe/B/bike-stunt-racing-legend-150x150.jpg
[2026-02-22 14:11:52] COMPRESSED: /home/vnoam/public_html/veo.vnoam.com/wp-content/uploads/thumbs/iframe/B/bike-stunt-racing-legend-150x150.jpg saved at Quality 75%
[2026-02-22 14:11:53] SUCCESS: Uploaded wp-content/uploads/thumbs/iframe/B/bike-stunt-racing-legend-150x150.jpg to GitHub.
[2026-02-22 14:11:53] Uploading: wp-content/uploads/thumbs/iframe/B/bike-stunt-racing-legend-127x127.jpg
[2026-02-22 14:11:53] COMPRESSED: /home/vnoam/public_html/veo.vnoam.com/wp-content/uploads/thumbs/iframe/B/bike-stunt-racing-legend-127x127.jpg saved at Quality 75%
[2026-02-22 14:11:54] SUCCESS: Uploaded wp-content/uploads/thumbs/iframe/B/bike-stunt-racing-legend-127x127.jpg to GitHub.
[2026-02-22 14:11:54] Uploading: wp-content/uploads/thumbs/iframe/B/baby-taylor-back-to-school.jpg
[2026-02-22 14:11:54] COMPRESSED: /home/vnoam/public_html/veo.vnoam.com/wp-content/uploads/thumbs/iframe/B/baby-taylor-back-to-school.jpg saved at Quality 75%
[2026-02-22 14:11:55] SUCCESS: Uploaded wp-content/uploads/thumbs/iframe/B/baby-taylor-back-to-school.jpg to GitHub.
[2026-02-22 14:11:55] Uploading: wp-content/uploads/thumbs/iframe/B/baby-taylor-back-to-school-300x225.jpg
[2026-02-22 14:11:56] COMPRESSED: /home/vnoam/public_html/veo.vnoam.com/wp-content/uploads/thumbs/iframe/B/baby-taylor-back-to-school-300x225.jpg saved at Quality 75%
[2026-02-22 14:11:56] SUCCESS: Uploaded wp-content/uploads/thumbs/iframe/B/baby-taylor-back-to-school-300x225.jpg to GitHub.
[2026-02-22 14:11:56] Uploading: wp-content/uploads/thumbs/iframe/B/baby-taylor-back-to-school-150x150.jpg
[2026-02-22 14:11:56] COMPRESSED: /home/vnoam/public_html/veo.vnoam.com/wp-content/uploads/thumbs/iframe/B/baby-taylor-back-to-school-150x150.jpg saved at Quality 75%
[2026-02-22 14:11:57] SUCCESS: Uploaded wp-content/uploads/thumbs/iframe/B/baby-taylor-back-to-school-150x150.jpg to GitHub.
[2026-02-22 14:11:57] Uploading: wp-content/uploads/thumbs/iframe/B/baby-taylor-back-to-school-127x127.jpg
[2026-02-22 14:11:57] COMPRESSED: /home/vnoam/public_html/veo.vnoam.com/wp-content/uploads/thumbs/iframe/B/baby-taylor-back-to-school-127x127.jpg saved at Quality 75%
[2026-02-22 14:11:58] SUCCESS: Uploaded wp-content/uploads/thumbs/iframe/B/baby-taylor-back-to-school-127x127.jpg to GitHub.
[2026-02-22 14:11:58] Uploading: wp-content/uploads/thumbs/iframe/B/baby-princess-unicorn-mobile-phone.jpg
[2026-02-22 14:11:58] COMPRESSED: /home/vnoam/public_html/veo.vnoam.com/wp-content/uploads/thumbs/iframe/B/baby-princess-unicorn-mobile-phone.jpg saved at Quality 75%
[2026-02-22 14:11:59] SUCCESS: Uploaded wp-content/uploads/thumbs/iframe/B/baby-princess-unicorn-mobile-phone.jpg to GitHub.
[2026-02-22 14:11:59] Uploading: wp-content/uploads/thumbs/iframe/B/baby-princess-unicorn-mobile-phone-300x225.jpg
[2026-02-22 14:11:59] COMPRESSED: /home/vnoam/public_html/veo.vnoam.com/wp-content/uploads/thumbs/iframe/B/baby-princess-unicorn-mobile-phone-300x225.jpg saved at Quality 75%
[2026-02-22 14:12:00] SUCCESS: Uploaded wp-content/uploads/thumbs/iframe/B/baby-princess-unicorn-mobile-phone-300x225.jpg to GitHub.
[2026-02-22 14:12:00] Uploading: wp-content/uploads/thumbs/iframe/B/baby-princess-unicorn-mobile-phone-150x150.jpg
[2026-02-22 14:12:00] COMPRESSED: /home/vnoam/public_html/veo.vnoam.com/wp-content/uploads/thumbs/iframe/B/baby-princess-unicorn-mobile-phone-150x150.jpg saved at Quality 75%
[2026-02-22 14:12:01] SUCCESS: Uploaded wp-content/uploads/thumbs/iframe/B/baby-princess-unicorn-mobile-phone-150x150.jpg to GitHub.
[2026-02-22 14:12:01] Uploading: wp-content/uploads/thumbs/iframe/B/baby-princess-unicorn-mobile-phone-127x127.jpg
[2026-02-22 14:12:01] COMPRESSED: /home/vnoam/public_html/veo.vnoam.com/wp-content/uploads/thumbs/iframe/B/baby-princess-unicorn-mobile-phone-127x127.jpg saved at Quality 75%
[2026-02-22 14:12:02] SUCCESS: Uploaded wp-content/uploads/thumbs/iframe/B/baby-princess-unicorn-mobile-phone-127x127.jpg to GitHub.
[2026-02-22 14:12:08] Uploading: wp-content/uploads/thumbs/iframe/B/baby-princess-phone.jpg
[2026-02-22 14:12:08] COMPRESSED: /home/vnoam/public_html/veo.vnoam.com/wp-content/uploads/thumbs/iframe/B/baby-princess-phone.jpg saved at Quality 75%
[2026-02-22 14:12:09] SUCCESS: Uploaded wp-content/uploads/thumbs/iframe/B/baby-princess-phone.jpg to GitHub.
[2026-02-22 14:12:09] Uploading: wp-content/uploads/thumbs/iframe/B/baby-princess-phone-150x135.jpg
[2026-02-22 14:12:09] COMPRESSED: /home/vnoam/public_html/veo.vnoam.com/wp-content/uploads/thumbs/iframe/B/baby-princess-phone-150x135.jpg saved at Quality 75%
[2026-02-22 14:12:10] SUCCESS: Uploaded wp-content/uploads/thumbs/iframe/B/baby-princess-phone-150x135.jpg to GitHub.
[2026-02-22 14:12:10] Uploading: wp-content/uploads/thumbs/iframe/B/baby-princess-phone-127x127.jpg
[2026-02-22 14:12:10] COMPRESSED: /home/vnoam/public_html/veo.vnoam.com/wp-content/uploads/thumbs/iframe/B/baby-princess-phone-127x127.jpg saved at Quality 75%
[2026-02-22 14:12:11] SUCCESS: Uploaded wp-content/uploads/thumbs/iframe/B/baby-princess-phone-127x127.jpg to GitHub.
[2026-02-22 14:12:11] Uploading: wp-content/uploads/thumbs/iframe/B/baby-panda-pet-care-center.jpg
[2026-02-22 14:12:12] COMPRESSED: /home/vnoam/public_html/veo.vnoam.com/wp-content/uploads/thumbs/iframe/B/baby-panda-pet-care-center.jpg saved at Quality 75%
[2026-02-22 14:12:13] SUCCESS: Uploaded wp-content/uploads/thumbs/iframe/B/baby-panda-pet-care-center.jpg to GitHub.
[2026-02-22 14:12:13] Uploading: wp-content/uploads/thumbs/iframe/B/baby-panda-pet-care-center-300x225.jpg
[2026-02-22 14:12:13] COMPRESSED: /home/vnoam/public_html/veo.vnoam.com/wp-content/uploads/thumbs/iframe/B/baby-panda-pet-care-center-300x225.jpg saved at Quality 75%
[2026-02-22 14:12:14] SUCCESS: Uploaded wp-content/uploads/thumbs/iframe/B/baby-panda-pet-care-center-300x225.jpg to GitHub.
[2026-02-22 14:12:14] Uploading: wp-content/uploads/thumbs/iframe/B/baby-panda-pet-care-center-150x150.jpg
[2026-02-22 14:12:14] COMPRESSED: /home/vnoam/public_html/veo.vnoam.com/wp-content/uploads/thumbs/iframe/B/baby-panda-pet-care-center-150x150.jpg saved at Quality 75%
[2026-02-22 14:12:14] SUCCESS: Uploaded wp-content/uploads/thumbs/iframe/B/baby-panda-pet-care-center-150x150.jpg to GitHub.
[2026-02-22 14:12:14] Uploading: wp-content/uploads/thumbs/iframe/B/baby-panda-pet-care-center-127x127.jpg
[2026-02-22 14:12:15] COMPRESSED: /home/vnoam/public_html/veo.vnoam.com/wp-content/uploads/thumbs/iframe/B/baby-panda-pet-care-center-127x127.jpg saved at Quality 75%
[2026-02-22 14:12:15] SUCCESS: Uploaded wp-content/uploads/thumbs/iframe/B/baby-panda-pet-care-center-127x127.jpg to GitHub.
[2026-02-22 14:12:15] Uploading: wp-content/uploads/thumbs/iframe/A/asmr-antistress-relaxation-toys.jpg
[2026-02-22 14:12:16] COMPRESSED: /home/vnoam/public_html/veo.vnoam.com/wp-content/uploads/thumbs/iframe/A/asmr-antistress-relaxation-toys.jpg saved at Quality 75%
[2026-02-22 14:12:16] SUCCESS: Uploaded wp-content/uploads/thumbs/iframe/A/asmr-antistress-relaxation-toys.jpg to GitHub.
[2026-02-22 14:12:57] Uploading: wp-content/uploads/thumbs/iframe/A/asmr-antistress-relaxation-toys-300x225.jpg
[2026-02-22 14:12:57] COMPRESSED: /home/vnoam/public_html/veo.vnoam.com/wp-content/uploads/thumbs/iframe/A/asmr-antistress-relaxation-toys-300x225.jpg saved at Quality 75%
[2026-02-22 14:12:59] SUCCESS: Uploaded wp-content/uploads/thumbs/iframe/A/asmr-antistress-relaxation-toys-300x225.jpg to GitHub.
[2026-02-22 14:12:59] Uploading: wp-content/uploads/thumbs/iframe/A/asmr-antistress-relaxation-toys-150x150.jpg
[2026-02-22 14:13:00] COMPRESSED: /home/vnoam/public_html/veo.vnoam.com/wp-content/uploads/thumbs/iframe/A/asmr-antistress-relaxation-toys-150x150.jpg saved at Quality 75%
[2026-02-22 14:13:00] SUCCESS: Uploaded wp-content/uploads/thumbs/iframe/A/asmr-antistress-relaxation-toys-150x150.jpg to GitHub.
[2026-02-22 14:13:00] Uploading: wp-content/uploads/thumbs/iframe/A/asmr-antistress-relaxation-toys-127x127.jpg
[2026-02-22 14:13:01] COMPRESSED: /home/vnoam/public_html/veo.vnoam.com/wp-content/uploads/thumbs/iframe/A/asmr-antistress-relaxation-toys-127x127.jpg saved at Quality 75%
[2026-02-22 14:13:01] SUCCESS: Uploaded wp-content/uploads/thumbs/iframe/A/asmr-antistress-relaxation-toys-127x127.jpg to GitHub.
[2026-02-22 14:13:01] Uploading: wp-content/uploads/thumbs/iframe/A/archery-bastions-castle-war.jpg
[2026-02-22 14:13:01] COMPRESSED: /home/vnoam/public_html/veo.vnoam.com/wp-content/uploads/thumbs/iframe/A/archery-bastions-castle-war.jpg saved at Quality 75%
[2026-02-22 14:13:02] SUCCESS: Uploaded wp-content/uploads/thumbs/iframe/A/archery-bastions-castle-war.jpg to GitHub.
[2026-02-22 14:13:02] Uploading: wp-content/uploads/thumbs/iframe/A/archery-bastions-castle-war-300x225.jpg
[2026-02-22 14:13:02] COMPRESSED: /home/vnoam/public_html/veo.vnoam.com/wp-content/uploads/thumbs/iframe/A/archery-bastions-castle-war-300x225.jpg saved at Quality 75%
[2026-02-22 14:13:03] SUCCESS: Uploaded wp-content/uploads/thumbs/iframe/A/archery-bastions-castle-war-300x225.jpg to GitHub.
[2026-02-22 14:13:03] Uploading: wp-content/uploads/thumbs/iframe/A/archery-bastions-castle-war-150x150.jpg
[2026-02-22 14:13:03] COMPRESSED: /home/vnoam/public_html/veo.vnoam.com/wp-content/uploads/thumbs/iframe/A/archery-bastions-castle-war-150x150.jpg saved at Quality 75%
[2026-02-22 14:13:04] SUCCESS: Uploaded wp-content/uploads/thumbs/iframe/A/archery-bastions-castle-war-150x150.jpg to GitHub.
[2026-02-22 14:13:04] Uploading: wp-content/uploads/thumbs/iframe/A/archery-bastions-castle-war-127x127.jpg
[2026-02-22 14:13:04] COMPRESSED: /home/vnoam/public_html/veo.vnoam.com/wp-content/uploads/thumbs/iframe/A/archery-bastions-castle-war-127x127.jpg saved at Quality 75%
[2026-02-22 14:13:05] SUCCESS: Uploaded wp-content/uploads/thumbs/iframe/A/archery-bastions-castle-war-127x127.jpg to GitHub.
[2026-02-22 14:13:05] Uploading: wp-content/uploads/thumbs/iframe/A/antistress-relaxation-box.jpg
[2026-02-22 14:13:05] COMPRESSED: /home/vnoam/public_html/veo.vnoam.com/wp-content/uploads/thumbs/iframe/A/antistress-relaxation-box.jpg saved at Quality 75%
[2026-02-22 14:13:06] SUCCESS: Uploaded wp-content/uploads/thumbs/iframe/A/antistress-relaxation-box.jpg to GitHub.
[2026-02-22 14:13:06] Uploading: wp-content/uploads/thumbs/iframe/A/antistress-relaxation-box-300x225.jpg
[2026-02-22 14:13:06] COMPRESSED: /home/vnoam/public_html/veo.vnoam.com/wp-content/uploads/thumbs/iframe/A/antistress-relaxation-box-300x225.jpg saved at Quality 75%
[2026-02-22 14:13:07] SUCCESS: Uploaded wp-content/uploads/thumbs/iframe/A/antistress-relaxation-box-300x225.jpg to GitHub.
[2026-02-22 14:13:07] Uploading: wp-content/uploads/thumbs/iframe/A/antistress-relaxation-box-150x150.jpg
[2026-02-22 14:13:07] COMPRESSED: /home/vnoam/public_html/veo.vnoam.com/wp-content/uploads/thumbs/iframe/A/antistress-relaxation-box-150x150.jpg saved at Quality 75%
[2026-02-22 14:13:08] SUCCESS: Uploaded wp-content/uploads/thumbs/iframe/A/antistress-relaxation-box-150x150.jpg to GitHub.
[2026-02-22 14:13:08] Uploading: wp-content/uploads/thumbs/iframe/A/antistress-relaxation-box-127x127.jpg
[2026-02-22 14:13:08] COMPRESSED: /home/vnoam/public_html/veo.vnoam.com/wp-content/uploads/thumbs/iframe/A/antistress-relaxation-box-127x127.jpg saved at Quality 75%
[2026-02-22 14:13:09] SUCCESS: Uploaded wp-content/uploads/thumbs/iframe/A/antistress-relaxation-box-127x127.jpg to GitHub.
[2026-02-22 14:13:09] Uploading: wp-content/uploads/thumbs/iframe/A/angry-city-smasher.jpg
[2026-02-22 14:13:09] COMPRESSED: /home/vnoam/public_html/veo.vnoam.com/wp-content/uploads/thumbs/iframe/A/angry-city-smasher.jpg saved at Quality 75%
[2026-02-22 14:13:10] SUCCESS: Uploaded wp-content/uploads/thumbs/iframe/A/angry-city-smasher.jpg to GitHub.
[2026-02-22 14:13:10] Uploading: wp-content/uploads/thumbs/iframe/A/angry-city-smasher-300x225.jpg
[2026-02-22 14:13:10] COMPRESSED: /home/vnoam/public_html/veo.vnoam.com/wp-content/uploads/thumbs/iframe/A/angry-city-smasher-300x225.jpg saved at Quality 75%
[2026-02-22 14:13:11] SUCCESS: Uploaded wp-content/uploads/thumbs/iframe/A/angry-city-smasher-300x225.jpg to GitHub.
[2026-02-22 14:13:11] Uploading: wp-content/uploads/thumbs/iframe/A/angry-city-smasher-150x150.jpg
[2026-02-22 14:13:11] COMPRESSED: /home/vnoam/public_html/veo.vnoam.com/wp-content/uploads/thumbs/iframe/A/angry-city-smasher-150x150.jpg saved at Quality 75%
[2026-02-22 14:13:12] SUCCESS: Uploaded wp-content/uploads/thumbs/iframe/A/angry-city-smasher-150x150.jpg to GitHub.
[2026-02-22 14:13:12] Uploading: wp-content/uploads/thumbs/iframe/A/angry-city-smasher-127x127.jpg
[2026-02-22 14:13:12] COMPRESSED: /home/vnoam/public_html/veo.vnoam.com/wp-content/uploads/thumbs/iframe/A/angry-city-smasher-127x127.jpg saved at Quality 75%
[2026-02-22 14:13:13] SUCCESS: Uploaded wp-content/uploads/thumbs/iframe/A/angry-city-smasher-127x127.jpg to GitHub.
[2026-02-22 14:13:13] Uploading: wp-content/uploads/thumbs/iframe/0-9/2048-cube-shooting-merge.jpg
[2026-02-22 14:13:13] COMPRESSED: /home/vnoam/public_html/veo.vnoam.com/wp-content/uploads/thumbs/iframe/0-9/2048-cube-shooting-merge.jpg saved at Quality 75%
[2026-02-22 14:13:14] SUCCESS: Uploaded wp-content/uploads/thumbs/iframe/0-9/2048-cube-shooting-merge.jpg to GitHub.
[2026-02-22 14:13:14] Uploading: wp-content/uploads/thumbs/iframe/0-9/2048-cube-shooting-merge-300x225.jpg
[2026-02-22 14:13:14] COMPRESSED: /home/vnoam/public_html/veo.vnoam.com/wp-content/uploads/thumbs/iframe/0-9/2048-cube-shooting-merge-300x225.jpg saved at Quality 75%
[2026-02-22 14:13:14] SUCCESS: Uploaded wp-content/uploads/thumbs/iframe/0-9/2048-cube-shooting-merge-300x225.jpg to GitHub.
[2026-02-22 14:13:14] Uploading: wp-content/uploads/thumbs/iframe/0-9/2048-cube-shooting-merge-150x150.jpg
[2026-02-22 14:13:15] COMPRESSED: /home/vnoam/public_html/veo.vnoam.com/wp-content/uploads/thumbs/iframe/0-9/2048-cube-shooting-merge-150x150.jpg saved at Quality 75%
[2026-02-22 14:13:15] SUCCESS: Uploaded wp-content/uploads/thumbs/iframe/0-9/2048-cube-shooting-merge-150x150.jpg to GitHub.
[2026-02-22 14:13:15] Uploading: wp-content/uploads/thumbs/iframe/0-9/2048-cube-shooting-merge-127x127.jpg
[2026-02-22 14:13:15] COMPRESSED: /home/vnoam/public_html/veo.vnoam.com/wp-content/uploads/thumbs/iframe/0-9/2048-cube-shooting-merge-127x127.jpg saved at Quality 75%
[2026-02-22 14:13:16] SUCCESS: Uploaded wp-content/uploads/thumbs/iframe/0-9/2048-cube-shooting-merge-127x127.jpg to GitHub.
[2026-02-22 14:13:16] Uploading: wp-content/uploads/thumbs/gamepix/0-9/adventure-capitalist-hole-.png
[2026-02-22 14:13:16] COMPRESSED: /home/vnoam/public_html/veo.vnoam.com/wp-content/uploads/thumbs/gamepix/0-9/adventure-capitalist-hole-.png saved at Quality 75%
[2026-02-22 14:13:17] SUCCESS: Uploaded wp-content/uploads/thumbs/gamepix/0-9/adventure-capitalist-hole-.png to GitHub.
[2026-02-22 14:13:17] Uploading: wp-content/uploads/redux/textarea.php
[2026-02-22 14:13:18] SUCCESS: Uploaded wp-content/uploads/redux/textarea.php to GitHub.
[2026-02-22 14:13:18] Uploading: wp-content/uploads/redux/text.php
[2026-02-22 14:13:19] SUCCESS: Uploaded wp-content/uploads/redux/text.php to GitHub.
[2026-02-22 14:13:19] Uploading: wp-content/uploads/redux/switch.php
[2026-02-22 14:13:20] SUCCESS: Uploaded wp-content/uploads/redux/switch.php to GitHub.
[2026-02-22 14:13:20] Uploading: wp-content/uploads/redux/spinner.php
[2026-02-22 14:13:21] SUCCESS: Uploaded wp-content/uploads/redux/spinner.php to GitHub.
[2026-02-22 14:14:58] Uploading: wp-content/uploads/redux/select.php
[2026-02-22 14:14:59] SUCCESS: Uploaded wp-content/uploads/redux/select.php to GitHub.
[2026-02-22 14:14:59] Uploading: wp-content/uploads/redux/section.php
[2026-02-22 14:15:00] SUCCESS: Uploaded wp-content/uploads/redux/section.php to GitHub.
[2026-02-22 14:15:00] Uploading: wp-content/uploads/redux/media.php
[2026-02-22 14:15:01] SUCCESS: Uploaded wp-content/uploads/redux/media.php to GitHub.
[2026-02-22 14:15:01] Uploading: wp-content/uploads/redux/link_color.php
[2026-02-22 14:15:02] SUCCESS: Uploaded wp-content/uploads/redux/link_color.php to GitHub.
[2026-02-22 14:15:02] Uploading: wp-content/uploads/redux/info.php
[2026-02-22 14:15:03] SUCCESS: Uploaded wp-content/uploads/redux/info.php to GitHub.
[2026-02-22 14:15:03] Uploading: wp-content/uploads/redux/index.php
[2026-02-22 14:15:03] SUCCESS: Uploaded wp-content/uploads/redux/index.php to GitHub.
[2026-02-22 14:15:03] Uploading: wp-content/uploads/redux/image_select.php
[2026-02-22 14:15:04] SUCCESS: Uploaded wp-content/uploads/redux/image_select.php to GitHub.
[2026-02-22 14:15:04] Uploading: wp-content/uploads/redux/editor.php
[2026-02-22 14:15:05] SUCCESS: Uploaded wp-content/uploads/redux/editor.php to GitHub.
[2026-02-22 14:15:05] Uploading: wp-content/uploads/redux/color.php
[2026-02-22 14:15:06] SUCCESS: Uploaded wp-content/uploads/redux/color.php to GitHub.
[2026-02-22 14:15:06] Uploading: wp-content/uploads/redux/ace_editor.php
[2026-02-22 14:15:07] SUCCESS: Uploaded wp-content/uploads/redux/ace_editor.php to GitHub.
[2026-02-22 14:15:07] Uploading: wp-content/uploads/redux/custom-fonts/index.php
[2026-02-22 14:15:08] SUCCESS: Uploaded wp-content/uploads/redux/custom-fonts/index.php to GitHub.
[2026-02-22 14:15:08] Uploading: wp-content/uploads/redux/custom-fonts/custom/index.php
[2026-02-22 14:15:08] SUCCESS: Uploaded wp-content/uploads/redux/custom-fonts/custom/index.php to GitHub.
[2026-02-22 14:15:08] Uploading: wp-content/uploads/redux/slider.php
[2026-02-22 14:15:09] SUCCESS: Uploaded wp-content/uploads/redux/slider.php to GitHub.
[2026-02-22 14:15:09] Uploading: wp-content/uploads/github-cdn-sync.log
