{"model":{"version":3,"nodes":[{"name":"RootNode","position":[0,0,0],"rotation":[0,0,0],"scale":[0.01,0.01,0.01],"scaleCompensation":false},{"name":"Box01","position":[0,0,0],"rotation":[-90,-0,0],"scale":[100,100,100],"scaleCompensation":false}],"parents":[-1,0],"skins":[],"morphs":[],"vertices":[{"position":{"type":"float32","components":3,"data":[-0.45,-0.45,0.5,-0.45,-0.45,-0.44094,-0.45,-0.10547,0.5,-0.45,0.45,-0.44094,-0.45,0.45,0.5,-0.45,0.45,0.5,-0.45,0.45,-0.44094,-0.10547,0.45,0.5,0.45,0.45,-0.44094,0.45,0.45,0.5,0.45,0.45,0.5,0.45,0.45,-0.44094,0.45,0.10547,0.5,0.45,-0.45,-0.44094,0.45,-0.45,0.5,0.45,-0.45,0.5,0.45,-0.45,-0.44094,0.105471,-0.45,0.5,-0.45,-0.45,-0.44094,-0.45,-0.45,0.5,0.45,0.45,-0.44094,-0.45,0.45,-0.44094,0.45,-0.45,-0.44094,-0.45,-0.45,-0.44094,0.387522,0.387521,-0.460002,0.387522,-0.387522,-0.460002,-0.387522,-0.387522,-0.460002,-0.387522,0.387521,-0.460002,0.387522,0.460002,0.387521,0.387522,0.460002,-0.387522,-0.387522,0.460002,-0.387522,-0.387522,0.460002,0.387521,0.460002,-0.387521,0.387522,0.460002,-0.387522,-0.387521,0.460002,0.387521,-0.387522,0.460002,0.387522,0.387521,-0.387522,-0.460002,0.387522,-0.387522,-0.460002,-0.387521,0.387522,-0.460002,-0.387521,0.387522,-0.460002,0.387522,-0.460002,0.387522,0.387521,-0.460002,0.387521,-0.387522,-0.460002,-0.387522,-0.387521,-0.460002,-0.387521,0.387522,-0.5,-0.5,0.5,-0.45,-0.45,0.5,-0.45,-0.10547,0.5,0.5,-0.5,0.5,0.45,-0.45,0.5,0.105471,-0.45,0.5,0.5,0.5,0.5,0.45,0.45,0.5,0.45,0.10547,0.5,-0.5,0.5,0.5,-0.45,0.45,0.5,-0.10547,0.45,0.5,0.5,0.5,-0.5,0.387522,0.387521,-0.5,-0.387522,0.387521,-0.5,-0.5,0.5,-0.5,0.5,-0.5,-0.5,0.387522,-0.387522,-0.5,-0.5,-0.5,-0.5,-0.387522,-0.387522,-0.5,-0.5,0.5,-0.5,-0.387522,0.387521,-0.5,-0.387522,-0.387522,-0.5,0.5,0.5,0.5,0.387522,0.5,0.387521,-0.387522,0.5,0.387521,-0.5,0.5,0.5,0.5,0.5,-0.5,0.387522,0.5,-0.387522,-0.5,0.5,-0.5,-0.387522,0.5,-0.387522,0.5,-0.5,0.5,0.5,-0.387521,0.387522,0.5,0.387522,0.387521,0.5,0.5,0.5,0.5,-0.5,-0.5,0.5,-0.387522,-0.387521,0.5,0.5,-0.5,0.5,0.387521,-0.387522,-0.5,-0.5,0.5,-0.387522,-0.5,0.387522,0.387522,-0.5,0.387522,0.5,-0.5,0.5,-0.5,-0.5,-0.5,-0.387522,-0.5,-0.387521,0.5,-0.5,-0.5,0.387522,-0.5,-0.387521,-0.5,0.5,0.5,-0.5,0.387522,0.387521,-0.5,-0.387521,0.387522,-0.5,-0.5,0.5,-0.5,0.5,-0.5,-0.5,0.387521,-0.387522,-0.5,-0.5,-0.5,-0.5,-0.387522,-0.387521,0.387522,0.387521,-0.5,0.387522,0.387521,-0.460002,-0.387522,0.387521,-0.460002,-0.387522,0.387521,-0.5,0.387522,-0.387522,-0.5,0.387522,-0.387522,-0.460002,0.387522,0.387521,-0.460002,0.387522,0.387521,-0.5,-0.387522,-0.387522,-0.5,-0.387522,-0.387522,-0.460002,0.387522,-0.387522,-0.460002,0.387522,-0.387522,-0.5,-0.387522,0.387521,-0.5,-0.387522,0.387521,-0.460002,-0.387522,-0.387522,-0.460002,-0.387522,-0.387522,-0.5,0.387522,0.5,0.387521,0.387522,0.460002,0.387521,-0.387522,0.460002,0.387521,-0.387522,0.5,0.387521,0.387522,0.5,-0.387522,0.387522,0.460002,-0.387522,0.387522,0.460002,0.387521,0.387522,0.5,0.387521,-0.387522,0.5,-0.387522,-0.387522,0.460002,-0.387522,0.387522,0.460002,-0.387522,0.387522,0.5,-0.387522,-0.387522,0.5,0.387521,-0.387522,0.460002,0.387521,-0.387522,0.460002,-0.387522,-0.387522,0.5,-0.387522,0.5,-0.387521,0.387522,0.460002,-0.387521,0.387522,0.460002,0.387522,0.387521,0.5,0.387522,0.387521,0.5,-0.387522,-0.387521,0.460002,-0.387522,-0.387521,0.460002,-0.387521,0.387522,0.5,-0.387521,0.387522,0.5,0.387521,-0.387522,0.460002,0.387521,-0.387522,0.460002,-0.387522,-0.387521,0.5,-0.387522,-0.387521,0.5,0.387522,0.387521,0.460002,0.387522,0.387521,0.460002,0.387521,-0.387522,0.5,0.387521,-0.387522,-0.387522,-0.5,0.387522,-0.387522,-0.460002,0.387522,0.387522,-0.460002,0.387522,0.387522,-0.5,0.387522,-0.387522,-0.5,-0.387521,-0.387522,-0.460002,-0.387521,-0.387522,-0.460002,0.387522,-0.387522,-0.5,0.387522,0.387522,-0.5,-0.387521,0.387522,-0.460002,-0.387521,-0.387522,-0.460002,-0.387521,-0.387522,-0.5,-0.387521,0.387522,-0.5,0.387522,0.387522,-0.460002,0.387522,0.387522,-0.460002,-0.387521,0.387522,-0.5,-0.387521,-0.5,0.387522,0.387521,-0.460002,0.387522,0.387521,-0.460002,-0.387521,0.387522,-0.5,-0.387521,0.387522,-0.5,0.387521,-0.387522,-0.460002,0.387521,-0.387522,-0.460002,0.387522,0.387521,-0.5,0.387522,0.387521,-0.5,-0.387522,-0.387521,-0.460002,-0.387522,-0.387521,-0.460002,0.387521,-0.387522,-0.5,0.387521,-0.387522,-0.5,-0.387521,0.387522,-0.460002,-0.387521,0.387522,-0.460002,-0.387522,-0.387521,-0.5,-0.387522,-0.387521]},"normal":{"type":"float32","components":3,"data":[1,-3.51922e-09,0,1,-3.51922e-09,0,1,-3.51922e-09,0,1,-3.51922e-09,0,1,-3.51922e-09,0,0,-1,0,0,-1,0,0,-1,0,0,-1,0,0,-1,0,-1,-3.51922e-09,0,-1,-3.51922e-09,0,-1,-3.51922e-09,0,-1,-3.51922e-09,0,-1,-3.51922e-09,0,0,1,1.75961e-08,0,1,1.75961e-08,0,1,1.75961e-08,0,1,1.75961e-08,0,1,1.75961e-08,0,0,1,0,0,1,0,0,1,0,0,1,0,-1.5381e-07,-1,0,-1.5381e-07,-1,0,-1.5381e-07,-1,0,-1.5381e-07,-1,0,1,-1.4884e-07,0,1,-9.92267e-08,0,1,-1.4884e-07,0,1,-1.98453e-07,1,0,0,1,-1.58756e-08,0,1,0,0,1,1.58756e-08,0,0,-1,1.4884e-07,0,-1,1.98453e-07,0,-1,1.4884e-07,0,-1,9.92267e-08,-1,0,0,-1,-1.58756e-08,0,-1,0,0,-1,1.58756e-08,0,7.51108e-08,2.42776e-07,1,-4.78993e-08,2.32013e-07,1,1.47127e-06,1.28736e-07,1,-5.92532e-07,6.67713e-07,1,-5.50132e-07,7.40028e-07,1,-7.45995e-08,5.00183e-07,1,6.03164e-07,3.43558e-07,1,8.65015e-07,3.41274e-07,1,-1.40185e-06,1.13816e-07,1,7.66387e-07,3.65082e-07,1,7.66388e-07,3.65081e-07,1,0,5.96046e-07,1,0,-7.45058e-08,-1,0,-7.46341e-08,-1,-3.41865e-07,-7.69049e-08,-1,-2.44466e-07,-7.65198e-08,-1,0,-2.09e-07,-1,0,-2.09385e-07,-1,2.6496e-07,-2.06986e-07,-1,2.32494e-07,-2.07114e-07,-1,-2.44466e-07,-7.65198e-08,-1,-3.41865e-07,-7.69049e-08,-1,2.32494e-07,-2.07114e-07,-1,7.45058e-08,1,2.20754e-07,7.34929e-08,1,2.74597e-07,-7.6905e-08,1,-6.7176e-08,-7.38665e-08,1,-8.23804e-08,5.86137e-08,1,-8.23804e-08,5.55752e-08,1,-8.54664e-08,-5.79743e-08,1,-6.62401e-08,-5.89871e-08,1,-6.72686e-08,1,0,0,1,0,0,1,0,0,1,0,0,1,0,0,1,0,0,1,0,0,1,0,0,-5.79743e-08,-1,6.62401e-08,-5.89871e-08,-1,6.72686e-08,5.55752e-08,-1,8.54664e-08,5.86137e-08,-1,8.23804e-08,-7.38665e-08,-1,8.23804e-08,-7.6905e-08,-1,6.7176e-08,7.45058e-08,-1,-2.20754e-07,7.34929e-08,-1,-2.74597e-07,-1,-2.6496e-07,0,-1,-2.32494e-07,0,-1,-3.41865e-07,0,-1,-2.44466e-07,0,-1,2.44466e-07,0,-1,3.41865e-07,0,-1,2.6496e-07,0,-1,2.32494e-07,0,0,-1,1.85959e-06,0,-1,1.9227e-06,0,-1,6.31115e-08,0,-1,0,-1,3.38386e-08,0,-1,3.62162e-08,0,-1,-3.38388e-08,0,-1,-3.62163e-08,0,0,1,-1.85959e-06,0,1,-1.9227e-06,0,1,-6.31115e-08,0,1,0,1,-2.23012e-08,0,1,-2.38682e-08,0,1,2.23011e-08,0,1,2.38681e-08,0,0,-7.45088e-07,-1,0,-7.45088e-07,-1,0,-7.45088e-07,-1,0,-7.45088e-07,-1,-1,1.79648e-06,0,-1,1.9227e-06,0,-1,-1.79648e-06,0,-1,-1.9227e-06,0,0,7.45089e-07,1,0,7.45089e-07,1,0,7.45088e-07,1,0,7.45088e-07,1,1,0,0,1,0,0,1,0,0,1,0,0,0,-1.5381e-07,-1,0,-1.5381e-07,-1,0,-1.5381e-07,-1,0,-1.5381e-07,-1,0,1,-1.78281e-07,0,1,-1.80253e-07,0,1,-1.22141e-07,0,1,-1.20169e-07,0,1.5381e-07,1,0,1.5381e-07,1,0,1.5381e-07,1,0,1.5381e-07,1,0,-1,1.78281e-07,0,-1,1.80253e-07,0,-1,1.22141e-07,0,-1,1.20169e-07,0,-7.45089e-07,-1,0,-7.45089e-07,-1,0,-7.45088e-07,-1,0,-7.45088e-07,-1,1,0,0,1,0,0,1,0,0,1,0,0,0,7.45088e-07,1,0,7.45088e-07,1,0,7.45088e-07,1,0,7.45088e-07,1,-1,-1.79648e-06,0,-1,-1.9227e-06,0,-1,1.79648e-06,0,-1,1.9227e-06,0,0,-1.5381e-07,-1,0,-1.5381e-07,-1,0,-1.5381e-07,-1,0,-1.5381e-07,-1,0,-1,1.22141e-07,0,-1,1.20169e-07,0,-1,1.78281e-07,0,-1,1.80253e-07,0,1.5381e-07,1,0,1.5381e-07,1,0,1.5381e-07,1,0,1.5381e-07,1,0,1,-1.22141e-07,0,1,-1.20169e-07,0,1,-1.78281e-07,0,1,-1.80253e-07]},"texCoord0":{"type":"float32","components":2,