{"model":{"version":3,"nodes":[{"name":"RootNode","position":[0,0,0],"rotation":[0,0,0],"scale":[0.01,0.01,0.01],"scaleCompensation":false},{"name":"shape03","position":[0,0,0],"rotation":[90,8.65142e-06,180],"scale":[100,33.3333,50],"scaleCompensation":false}],"parents":[-1,0],"skins":[],"morphs":[],"vertices":[{"position":{"type":"float32","components":3,"data":[-0.5,0.5,0,0.5,0.5,-1,-0.5,0.5,-1,0.5,0.5,0,-0.5,-0.5,-1,0.5,0.5,-1,0.5,-0.5,-1,-0.5,0.5,-1,-0.5,0.5,0,-0.5,1.5,0,0.5,0.5,0,0.5,1.5,0,-0.5,1.5,1,0.5,1.5,1,0.5,1.5,0,-0.5,1.5,0,-0.5,-0.5,0,0.5,-0.5,-1,0.5,-0.5,0,-0.5,-0.5,-1,-0.5,-1.5,0,0.5,-0.5,0,0.5,-1.5,0,-0.5,-0.5,0,0.5,-1.5,1,-0.5,-1.5,1,-0.5,-1.5,0,0.5,-1.5,0,0.5,1.5,1,-0.5,-1.5,1,0.5,-1.5,1,-0.5,1.5,1,-0.5,1.5,1,-0.5,0.5,0,-0.5,-1.5,1,-0.5,-0.5,-1,-0.5,-0.5,0,-0.5,0.5,-1,-0.5,1.5,0,-0.5,-1.5,0,0.5,1.5,1,0.5,-1.5,1,0.5,-0.5,0,0.5,0.5,0,0.5,-0.5,-1,0.5,0.5,-1,0.5,-1.5,0,0.5,1.5,0]},"normal":{"type":"float32","components":3,"data":[-4.47035e-08,1,-1.49012e-08,-4.47035e-08,1,-1.49012e-08,-4.47035e-08,1,-1.49012e-08,-4.47035e-08,1,-1.49012e-08,1.19209e-07,0,-1,1.19209e-07,0,-1,1.19209e-07,0,-1,1.19209e-07,0,-1,0,0,-1,0,0,-1,0,0,-1,0,0,-1,0,1,0,0,1,0,0,1,0,0,1,0,4.47035e-08,-1,-1.49012e-08,4.47035e-08,-1,-1.49012e-08,4.47035e-08,-1,-1.49012e-08,4.47035e-08,-1,-1.49012e-08,0,0,-1,0,0,-1,0,0,-1,0,0,-1,0,-1,0,0,-1,0,0,-1,0,0,-1,0,0,0,1,0,0,1,0,0,1,0,0,1,-1,-2.98023e-08,3.35276e-08,-1,-2.98023e-08,3.35276e-08,-1,-2.98023e-08,3.35276e-08,-1,-2.98023e-08,3.35276e-08,-1,-2.98023e-08,3.35276e-08,-1,-2.98023e-08,3.35276e-08,-1,-2.98023e-08,3.35276e-08,-1,-2.98023e-08,3.35276e-08,1,2.98023e-08,-2.6077e-08,1,2.98023e-08,-2.6077e-08,1,2.98023e-08,-2.6077e-08,1,2.98023e-08,-2.6077e-08,1,2.98023e-08,-2.6077e-08,1,2.98023e-08,-2.6077e-08,1,2.98023e-08,-2.6077e-08,1,2.98023e-08,-2.6077e-08]},"texCoord0":{"type":"float32","components":2,"data":[0.747506,0.490912,0.493634,0.853868,0.493634,0.490912,0.747506,0.853868,0.010551,0.853868,0.264423,0.490912,0.264423,0.853868,0.010551,0.490912,0.747506,0.109426,0.747506,0.472382,0.493634,0.109426,0.493634,0.472382,0.989048,0.490912,0.989048,0.853868,0.735176,0.853868,0.735175,0.490912,0.505965,0.853868,0.252092,0.490912,0.505965,0.490912,0.252092,0.853868,0.258258,0.481647,0.4998,0.100161,0.4998,0.481647,0.258258,0.100161,0.982883,0.100161,0.982883,0.481647,0.741341,0.481647,0.741341,0.100161,0.401379,3.00407e-05,0.601379,0.982076,0.401379,0.982076,0.601379,3.00407e-05,0.601311,-0.00143573,0.801311,0.325913,0.601311,0.98061,1.00131,0.653261,0.801311,0.653261,1.00131,0.325913,0.801311,-0.00143576,0.801311,0.98061,0.401932,0.00103396,0.401932,0.98308,0.201932,0.655731,0.201932,0.328383,0.00193169,0.655731,0.00193169,0.328383,0.201932,0.98308,0.201932,0.00103405]}}],"meshes":[{"aabb":{"min":[-0.5,-1.5,-1],"max":[0.5,1.5,1]},"vertices":0,"indices":[0,1,2,1,0,3,4,5,6,5,4,7,8,9,10,10,9,11,12,13,14,12,14,15,16,17,18,17,16,19,20,21,22,21,20,23,24,25,26,24,26,27,28,29,30,29,28,31,32,33,34,33,35,36,35,33,37,34,33,36,33,32,38,34,36,39,40,41,42,43,44,45,46,42,41,40,43,47,44,43,42,43,40,42],"type":"triangles","base":0,"count":84}],"meshInstances":[{"node":1,"mesh":0}]}}