{"model":{"version":3,"nodes":[{"name":"RootNode","position":[0,0,0],"rotation":[0,0,0],"scale":[0.01,0.01,0.01],"scaleCompensation":false},{"name":"shape01","position":[0,0,0],"rotation":[-90,-0,0],"scale":[100,50,50],"scaleCompensation":false}],"parents":[-1,0],"skins":[],"morphs":[],"vertices":[{"position":{"type":"float32","components":3,"data":[0.5,0,0,-0.5,0,-1,-0.5,0,0,0.5,0,-1,0.5,-1,-1,-0.5,-1,-1,-0.5,0,-1,0.5,0,-1,-0.5,0,0,-0.5,1,0,0.5,0,0,0.5,1,0,0.5,-1,-1,0.5,0,0,0.5,-1,1,0.5,0,-1,0.5,1,0,0.5,1,1,-0.5,1,1,0.5,1,1,0.5,1,0,-0.5,1,0,-0.5,1,1,0.5,-1,1,0.5,1,1,-0.5,-1,1,-0.5,0,0,-0.5,1,1,-0.5,1,0,-0.5,-1,1,-0.5,-1,-1,-0.5,0,-1,-0.5,-1,1,-0.5,-1,-1,0.5,-1,1,0.5,-1,-1]},"normal":{"type":"float32","components":3,"data":[0,1,0,0,1,0,0,1,0,0,1,0,0,0,-1,0,0,-1,0,0,-1,0,0,-1,0,0,-1,0,0,-1,0,0,-1,0,0,-1,1,0,0,1,0,0,1,0,0,1,0,0,1,0,0,1,0,0,0,1,0,0,1,0,0,1,0,0,1,0,0,0,1,0,0,1,0,0,1,0,0,1,-1,0,0,-1,0,0,-1,0,0,-1,0,0,-1,0,0,-1,0,0,0,-1,0,0,-1,0,0,-1,0,0,-1,0]},"texCoord0":{"type":"float32","components":2,"data":[0.499113,0.75,0.332742,1,0.332742,0.75,0.499113,1,0.499113,0.75,0.665484,0.75,0.665484,1,0.499113,1,0.499113,0.75,0.499113,0.5,0.665484,0.75,0.665484,0.5,0.332742,1,0.166371,0.75,0.332742,0.5,0.166371,1,0,0.75,0,0.5,0.332742,0.5,0.499113,0.5,0.499113,0.75,0.332742,0.75,0.499113,0.5,0.665484,4.47035e-08,0.665484,0.5,0.499113,0,0.166371,0.25,3.96659e-08,0.5,9.91648e-09,0.25,0.332742,0.5,0.332742,-2.98023e-08,0.166371,1.49012e-08,0.499113,0,0.499113,0.5,0.332742,0,0.332742,0.5]}}],"meshes":[{"aabb":{"min":[-0.5,-1,-1],"max":[0.5,1,1]},"vertices":0,"indices":[0,1,2,1,0,3,4,5,6,4,6,7,8,9,10,10,9,11,12,13,14,13,12,15,13,16,17,17,14,13,18,19,20,18,20,21,22,23,24,23,22,25,26,27,28,27,26,29,30,26,31,26,30,29,32,33,34,34,33,35],"type":"triangles","base":0,"count":60}],"meshInstances":[{"node":1,"mesh":0}]}}