{
  "resources": [
    "audiosprite.mp3"
  ],
  "spritemap": {
    "ambience": {
      "start": 0,
      "end": 47.77460317460317,
      "loop": true
    },
    "cardfeed_1": {
      "start": 49,
      "end": 49.07943310657596,
      "loop": false
    },
    "cardfeed_2": {
      "start": 51,
      "end": 51.07943310657596,
      "loop": false
    },
    "cardfeed_3": {
      "start": 53,
      "end": 53.07943310657596,
      "loop": false
    },
    "click": {
      "start": 55,
      "end": 55.3134693877551,
      "loop": false
    },
    "coger_carta": {
      "start": 57,
      "end": 57.67918367346939,
      "loop": false
    },
    "soltar_carta": {
      "start": 59,
      "end": 59.496326530612244,
      "loop": false
    }
  }
}